b7f6f438-4363-4003-8b74-779b5e31f210,"{""state"": [""complete""], ""title"":
[{""@value"": ""Shadows on the rock / by Willa Cather."", ""@language"":
""en""}], ""sender"": [], ""location"": [], ""pdf_type"": [""color""],
""depositor"": [""ds1998""], ""recipient"": [], ""edit_users"": [],
""featurable"": [{""id"": ""1927f7e2-60d8-4eab-8454-de6526c3843f""}],
""identifier"": [""ark:/88435/dc44558v223""], ""is_portion"": [""0""],
""member_ids"": [{""id"": ""6f89eac9-2ae2-42a7-9fa3-414c1b6be455""}, {""id"":
""dce46849-9cf1-4393-aa24-d90506840242""}, {""id"":
""3ab8827d-d29a-4cfd-bdf9-94819aba1144""}, {""id"":
""56f347c2-da90-40b1-b911-b5b16665e152""}, {""id"":
""64511102-e825-49d1-85d8-10dc54ff7671""}, {""id"":
""ed1f96c2-7619-4cca-8354-2d9e0a5cece4""}, {""id"":
""618618f1-e187-448a-846a-be3a559d8131""}, {""id"":
""76f4211c-00dc-4bad-ac89-7b69140b4890""}, {""id"":
""a866da23-0010-4710-b14c-dba8d49ec5ff""}, {""id"":
""9bd74bc0-240f-44cf-976e-68f48e859fc9""}, {""id"":
""b90b3c79-cc0e-4934-bef0-fc873a35fdb0""}, {""id"":
""198ec795-3a7b-4f09-b35e-567ab7da35c4""}, {""id"":
""4243e0a5-e79b-433b-9164-b33b4f4b8a71""}, {""id"":
""7740efdc-adac-426a-920d-9b261085d6c9""}, {""id"":
""b8c3ef5a-95c7-4072-9cf1-834f4e282194""}, {""id"":
""c236fea1-c772-4272-96b9-b10ed170ad45""}, {""id"":
""eabcde33-01aa-4380-9476-8ab4b644f894""}, {""id"":
""a9fabf5f-3a8d-46b4-9248-540cf7de4bcc""}, {""id"":
""caccb368-18a9-4522-9609-1fcf4a00a8bd""}, {""id"":
""aaac71ee-c38e-4ee4-90f1-3f2ff6ee594f""}, {""id"":
""675c135c-112a-470c-9418-d92f9864b128""}, {""id"":
""b95fdf95-a399-4a7b-a523-7f8946d6312f""}, {""id"":
""6843a56e-0d08-49b7-866f-68fdbaf6af44""}, {""id"":
""f5f23c70-1adc-4ca6-bbe0-37d8f3d69eaa""}, {""id"":
""dce72104-cdf1-487e-97c6-0f4c2f66ea76""}, {""id"":
""7406bea6-251a-4b5b-af38-a7ec3cd582bd""}, {""id"":
""9b83ebb2-df19-4246-b034-70415e890733""}, {""id"":
""b3c7aa4c-d7f8-49b5-83bc-e0b3c3e03c8d""}, {""id"":
""16aa06ab-1646-44d3-a889-3e8c1a9288b2""}, {""id"":
""8ed023b1-0504-4b6f-b2eb-0f95783814bf""}, {""id"":
""d2577e1e-e17e-4a9e-bbe1-295940deefbe""}, {""id"":
""00f59c59-65ef-470c-9423-b7efd1810b5d""}, {""id"":
""483a5497-e834-4ce5-9741-990fc6eb839e""}, {""id"":
""fa7ea858-2c13-433a-b8c0-c35c6d61f4e0""}, {""id"":
""a1383af4-d703-4802-84b7-ce5d3336bd80""}, {""id"":
""bc383e45-83f3-405c-8a9c-f6d04f2cd5f7""}, {""id"":
""c7847dec-39fe-44da-8cfc-0fa8c5b09d6e""}, {""id"":
""fe0b0d45-341d-4e62-a128-d63b78657a40""}, {""id"":
""da14750b-4233-4a51-bba6-e13b7b554b98""}, {""id"":
""034dbeba-4f93-48f8-b74d-ad838612a9d9""}, {""id"":
""1a98e238-3352-430a-a55e-2aa0bf1a1d4a""}, {""id"":
""2bb11586-c4d0-4223-94b7-bf48efc0f373""}, {""id"":
""085b91c6-c96a-4e68-b476-8544156d8bcd""}, {""id"":
""2b323bf8-053c-4bf8-ba0f-c981e13665af""}, {""id"":
""643dd31e-c22e-47eb-b3df-1e052da69264""}, {""id"":
""3e389b13-a781-4d48-a380-2b2c99245bbc""}, {""id"":
""7f5e6176-e6e9-470f-8e6c-aec5ca0abce0""}, {""id"":
""ccdf23ca-3453-4066-a337-23fb4694b9ca""}, {""id"":
""8c770ca9-12cd-4e65-b715-030042d9f63f""}, {""id"":
""323d05fb-c437-419b-9f5a-f0738db6ee6a""}, {""id"":
""aa7178be-e317-40fc-b7d1-1467db3867ff""}, {""id"":
""d36bc148-8102-44fe-a523-7ee1cbdd56a7""}, {""id"":
""1a295faf-4872-4de5-aed1-e2e9bf00596c""}, {""id"":
""4975ef9f-8839-45a0-a29b-9270f2a4bc2b""}, {""id"":
""38ef28b6-1f35-40ee-8eb0-f890c9f8ee54""}, {""id"":
""882373f8-de7c-4116-ad5a-d01b739213df""}, {""id"":
""e3e51b4d-b3d7-4efc-bb49-4b1d78c47d43""}, {""id"":
""47ad5e92-9fde-4c92-93dc-0d16b0f0beee""}, {""id"":
""d4d5d04d-997f-42fc-a712-be5700606b17""}, {""id"":
""fe648868-a1a3-41de-bed6-760b5f43d6bb""}, {""id"":
""7c687032-7497-45b5-90ca-f8816b3917cd""}, {""id"":
""df9a0a04-be76-4092-8c36-d3d46bd409f5""}, {""id"":
""af637297-e9e7-4274-8941-2f0fdcfdf8a8""}, {""id"":
""66e62ff7-bf53-454b-a75c-081cc87153e0""}, {""id"":
""e90df516-23f6-4a84-9517-853d20bf69da""}, {""id"":
""eb3f2f73-27f4-4fd8-bde1-c27e42166311""}, {""id"":
""a5e3ec99-2324-4ccb-b1c1-c390e426080e""}, {""id"":
""2083b552-766b-4f26-8f24-00252cb09d27""}, {""id"":
""da04b5a5-3816-47b1-8e18-e277a5edf4f4""}, {""id"":
""d45bc771-9b0b-4f7b-9219-66fa01f70836""}, {""id"":
""6a7221bf-ea2c-4be8-bd02-a87b6f51dbc9""}, {""id"":
""28b9502e-06e4-4811-bc2e-883c41b9560f""}, {""id"":
""4a20bb1d-9af2-4cdb-bc08-65c08b7acd65""}, {""id"":
""9228e28d-7cab-47d8-a6d2-a571f0e7c0ac""}, {""id"":
""6b96ee20-2ab6-4ede-9d79-09d102338030""}, {""id"":
""4bb148cc-2539-4c8e-ab22-c1f5715cf003""}, {""id"":
""35d30164-bdd4-4edf-b115-b6da05560bd0""}, {""id"":
""8c5daaa3-578b-4ea4-b31a-599a9ffba57d""}, {""id"":
""fb8e50ee-1906-4859-884d-a96bd4049f68""}, {""id"":
""7bb843e0-601d-4ce4-a6ba-a916db39778c""}, {""id"":
""1bfe635d-5fcb-46ef-80b8-f1b9b5fd0654""}, {""id"":
""ea5e947d-3e15-4fe8-ba03-7754f9cdea5c""}, {""id"":
""f650b6bf-7274-4b62-8ee8-b1e4c4765f3e""}, {""id"":
""7a4280ff-900a-4fd5-a13b-7a8b4a82f207""}, {""id"":
""285037c7-dfed-4a0b-a4cd-7a850a95a7ba""}, {""id"":
""e4fa2f01-cede-4355-9a03-89da3d576ca8""}, {""id"":
""f5a97249-0508-4174-9809-c0ebe2526e8c""}, {""id"":
""6f959804-c87d-498e-8d82-917b9bc65a29""}, {""id"":
""3a59aa3c-0e8f-46d4-b78a-e224b2cab765""}, {""id"":
""5468a45f-5d38-4446-b66b-132cad78caaa""}, {""id"":
""033848d1-95ef-4285-a9fe-5101cf848c5e""}, {""id"":
""e505b38d-a160-41ce-a230-281b54be566d""}, {""id"":
""5129b2bd-b56c-41f6-9760-4a8568b4db8d""}, {""id"":
""7f393274-5bcd-45c3-ab2b-c52ad61c89b9""}, {""id"":
""d05a9bc5-c67d-4048-81b4-e8920483b10c""}, {""id"":
""13927fef-bb5f-468e-8671-91b9cccb4585""}, {""id"":
""4e3fb746-d15e-44d8-a0c3-15784a11b79b""}, {""id"":
""d764866f-c570-44d0-aff6-da8e27cde64d""}, {""id"":
""56115e93-c21d-4a77-bb91-1b1556661a6d""}, {""id"":
""9092945d-1dfe-4a14-be1f-51438e1a9de2""}, {""id"":
""4fa5f116-0a15-4e56-bd3a-c6ee0d5f2a53""}, {""id"":
""0d897e07-9131-4be3-850d-443fae35b24a""}, {""id"":
""53572e82-ea4f-46eb-8fc2-232704f6601c""}, {""id"":
""56b5999c-391a-463f-9b90-f1778d20c3bc""}, {""id"":
""5e46ce21-df5f-4e00-b2c4-fdb11afc2f4b""}, {""id"":
""d9f87826-7761-444e-bde9-08a6bc20a984""}, {""id"":
""9d197091-32ec-42af-9581-0afbdaf31730""}, {""id"":
""9b362ca7-d8e7-4b4f-b4a7-e7a8a0ff3e94""}, {""id"":
""1e0cf0d0-a16d-4390-be03-5de119876e2b""}, {""id"":
""4b9fdea6-4cf0-443d-832c-c4afa33f842d""}, {""id"":
""3f5f0c05-e2df-4fb1-968c-b5eb19958176""}, {""id"":
""4e292802-4351-40a4-b443-8fb6ee97e0d0""}, {""id"":
""4f0f59be-173b-42fe-9f8d-d8808238c112""}, {""id"":
""e179f23f-e718-4162-b7fb-04b9aabde1c6""}, {""id"":
""113af225-28f0-46ec-a41b-c4b73f312dcd""}, {""id"":
""03820944-b187-4b3f-9ff6-672589e903f5""}, {""id"":
""cc51b6c9-8b9b-4345-9e47-c56d1cd1bd48""}, {""id"":
""c2e0e3b1-51f4-4584-99eb-d7ec8d3cf9a4""}, {""id"":
""234ba370-6f9c-470e-8842-63d68e704e35""}, {""id"":
""16e91120-1036-463f-aa2a-f91d954011a2""}, {""id"":
""8f8d13d0-8cd0-4f76-b253-e37a7c90d488""}, {""id"":
""d38c4e53-2154-42b5-b6b4-5d5c9d070096""}, {""id"":
""59cef12e-397a-4b4e-8797-300844311c0c""}, {""id"":
""fffd96cf-49ce-477e-b76f-35d1089262cb""}, {""id"":
""577300af-45b7-4d41-a67c-a4916ee1db1e""}, {""id"":
""e823ce6f-8afc-4a77-a24d-7fe303357b54""}, {""id"":
""0c5cfaa4-fa48-4b00-9712-417fcb27765e""}, {""id"":
""794e8005-0511-4d1f-a761-4c5021efcf93""}, {""id"":
""a616a101-9763-4bce-b064-99af4cf2d70b""}, {""id"":
""1904d37a-4c2e-48cb-99ab-35300fee5e15""}, {""id"":
""e9e2cdea-6d6d-47c8-abb3-64c9e9b4624d""}, {""id"":
""348e484f-7aec-4e78-ad26-146adb09e884""}, {""id"":
""cd34ced4-223e-4552-a6a9-1a7f8f206267""}, {""id"":
""a7e29aee-9fd2-4cd5-ae6f-219c66dbc680""}, {""id"":
""520b6f6e-a5fa-44e5-81d4-d59d0b3844d9""}, {""id"":
""45d477a5-50c1-4786-971f-bb2b3fe3fdb5""}, {""id"":
""f9942da0-eb59-45f2-9ffd-898e9488f4a0""}, {""id"":
""cf2f1ada-86e7-4534-93f8-c5a66197bec2""}, {""id"":
""7a772e06-66e9-42f5-84a7-437f336322cb""}, {""id"":
""872daeef-e0c9-4e0e-9c42-d53c8b736022""}, {""id"":
""0be532c8-cfd9-46b8-a1dc-62e2efd238e5""}, {""id"":
""e508f1a1-641e-47df-83a6-9d028a9797fc""}, {""id"":
""482f093b-038b-4db8-9421-31dc35cae281""}, {""id"":
""c7ace29b-764d-456c-a996-a195813789be""}, {""id"":
""65c17104-abcb-4ef9-865b-c69962216ae7""}, {""id"":
""9c08b5dd-7cce-45d9-af46-f50012d7c288""}, {""id"":
""bd2c3fa9-cfb4-4d1a-961d-b8bfdd26222e""}, {""id"":
""e86d10a6-40ab-4bcf-9f67-89f28ae65735""}, {""id"":
""32182536-755d-4f79-b03d-ff40db117580""}, {""id"":
""95ba0a12-f32a-4a9a-9117-bbe175dcd96e""}, {""id"":
""29af0870-01a9-451e-8552-e6e00c867eba""}, {""id"":
""ae7707d3-6e88-49e0-919d-ac005115dd67""}, {""id"":
""68bf6f0e-7957-41fc-9e61-52f2545188d1""}, {""id"":
""03b599eb-dcde-4623-b3d1-1d908fccdacf""}, {""id"":
""9fbc509c-b241-470c-aad5-03338803155d""}, {""id"":
""f153dcd8-68b0-413b-88a7-211d92319607""}, {""id"":
""a4f8a32d-666c-4be3-aae9-29549c2bb99a""}, {""id"":
""c721388a-282c-4cea-8cbe-5b17aec96524""}, {""id"":
""b2aa1e22-84ea-4f72-8ab8-171a750e26c0""}, {""id"":
""8abca68e-2656-4fba-971c-faab9a3aff28""}, {""id"":
""fc3b974a-a40e-4896-9231-5a4ff912310e""}, {""id"":
""6cf7e2f3-6e61-4125-a7d1-ef48268d249c""}, {""id"":
""60e4f3f9-fc47-4925-ac6a-c92f7f0bbb31""}, {""id"":
""dc868082-cb26-46e5-9cb1-7893714e387a""}, {""id"":
""73a7ebac-1915-414c-93e7-c7d0be4bef5c""}, {""id"":
""83ddc698-2ae3-4432-a674-4986d98ffde1""}, {""id"":
""67fb0aa2-7d7f-4256-b1fd-b334f5bcb439""}, {""id"":
""b5c12f4a-f152-4d5c-9cde-29e8a3f4faf7""}, {""id"":
""c6b02e60-1094-4922-993a-fd7edbcf2e7f""}, {""id"":
""ce2c4e66-56eb-4c2e-a59a-930d52d60ff1""}, {""id"":
""25c09d19-0f6a-4e3e-a3a6-4d8bf901c40c""}, {""id"":
""08670662-6a0d-4d52-9f38-e0906d6e4bcb""}, {""id"":
""0a613b39-9322-438f-8c38-f423c75d139d""}, {""id"":
""e97a069b-2c27-4117-b029-7bf92887409e""}, {""id"":
""417f8bba-895b-421a-93a1-58e8e7175f0e""}, {""id"":
""71f97e1e-09fa-4269-921c-87f80abaaa47""}, {""id"":
""25a9d165-ea5e-42ba-80f2-89af39f0e1a9""}, {""id"":
""f5152774-c007-407d-ab78-03c2a9bba036""}, {""id"":
""91cc83c1-590b-4a9b-b233-1d331fd5a418""}, {""id"":
""5ffbb23f-0898-4354-a3d3-377626769797""}, {""id"":
""9a8ae06e-1c0d-4820-9e76-eb25f85b867c""}, {""id"":
""f450ce89-d845-4bdb-ba71-623c26733247""}, {""id"":
""4b1ab721-b937-4d8c-8c41-36f2590babd4""}, {""id"":
""489ef1f0-c3cf-4353-ae31-f64731a48676""}, {""id"":
""57ae640b-1160-4d5f-9eac-7b3d9e191cfd""}, {""id"":
""37df831c-0f7c-4485-8fc4-478dca7239bc""}, {""id"":
""45b8996b-67e6-4dc9-8186-7a83dade6251""}, {""id"":
""29e87a0f-4433-4f38-ac8e-e2dc5ed8fcc9""}, {""id"":
""971dec17-24ec-4379-982f-335d55231cfd""}, {""id"":
""5df88389-58df-4a8f-8e63-1c1d2f4a0b34""}, {""id"":
""1a477fa1-d936-4fc8-9790-2589420d857d""}, {""id"":
""a92f40fe-4e1e-4894-96f4-1594325f4363""}, {""id"":
""dc0a7409-4ba4-4727-8196-a65f56667f59""}, {""id"":
""7d46ef03-3034-49f9-b555-32afce4ccb41""}, {""id"":
""5ef9dbd9-9eb1-442b-aa51-f83926966f0d""}, {""id"":
""9ca867b2-0b43-4434-a0c3-59594f0dd702""}, {""id"":
""5d439f41-2e85-426f-a8ca-0e29c0705134""}, {""id"":
""f21de198-b207-41b3-a310-5be6c99539c4""}, {""id"":
""f3821372-cda0-413c-b6c4-b5ed7e711152""}, {""id"":
""c06256f6-2a85-4ea5-a618-47413d9c57e1""}, {""id"":
""5cfc4092-0a38-416e-9953-7afdc4ed7479""}, {""id"":
""5859bf2f-3797-42d7-a4bd-b03dba9929a8""}, {""id"":
""12d801d6-abcc-4a7d-ab00-5c5b8f278c58""}, {""id"":
""08f82e1d-a4fd-464c-bb1c-0422bb54d52a""}, {""id"":
""88ee1728-4f2e-4cda-b238-10066a27eb8a""}, {""id"":
""70b2ba04-88fa-4a7d-b26b-d6b17f3d5692""}, {""id"":
""aed9fc0f-3d89-464e-a453-e0c00f73bf61""}, {""id"":
""86393174-db2b-4e0f-bd35-d191d606fa51""}, {""id"":
""00f94d9a-3997-42c5-b3ae-5345bdb70f78""}, {""id"":
""6b4cef6f-b29a-41a3-9eb5-4aa39095b409""}, {""id"":
""05caac1e-6ed4-4829-8943-37f9ccb08835""}, {""id"":
""0921535e-f34f-4d26-a997-d2acd35ec108""}, {""id"":
""afdf4af7-fcb1-4bf0-a522-519ae7972807""}, {""id"":
""3defecb8-7384-4bd1-8883-27b2805276f7""}, {""id"":
""8d1e8568-0464-46ce-8fd5-a86c25a89e7c""}, {""id"":
""e5022549-2470-4bd8-b6e6-0b9f4eacb444""}, {""id"":
""f91041e7-0611-49c7-aba3-d520c0ced8ef""}, {""id"":
""5d7afa9a-5bca-4abf-b989-32ed7177b9b5""}, {""id"":
""ee8697f4-57cf-4791-94cb-49d106fcf853""}, {""id"":
""4f21fd6a-a895-4aeb-bf26-e7dc5d7ee1f6""}, {""id"":
""87ef88e2-5593-4fc5-b708-759a6814d58d""}, {""id"":
""3e61042a-92ac-4a6f-9d15-e48ceddcb903""}, {""id"":
""bfb47083-95f0-4445-ad88-89d7bc251ee9""}, {""id"":
""fcc20009-ae87-47f7-9e68-50534ed2ac79""}, {""id"":
""2e212f09-c0f4-4ada-979c-d9f3b3e73074""}, {""id"":
""4fcb908d-0889-437d-b7e2-10bce7d76981""}, {""id"":
""96ca8829-5a2a-4f04-82c7-70c86b97e1e5""}, {""id"":
""f498696d-bd60-4e39-82da-cab2e8dee310""}, {""id"":
""4f0c92a3-e075-43d0-81f9-107de4d999b8""}, {""id"":
""2b955244-3004-4e41-ae09-f68bf7b23439""}, {""id"":
""881a3fc7-92f1-49c1-b921-4cc6f0582bdf""}, {""id"":
""560bde9c-ff32-40e3-97d9-b56f9503bab2""}, {""id"":
""e930cb42-77ac-4cdc-b82a-dc16f1d88bf0""}, {""id"":
""834b6c76-1208-4fbb-9e9a-3a4c47de19b2""}, {""id"":
""e50da3bb-b6bd-4cbc-9683-6735dc66f9df""}, {""id"":
""a67b7178-e6e1-4463-9975-2c023d33bba5""}, {""id"":
""e38b404d-c6b2-49e5-b0a4-0f070ceefc32""}, {""id"":
""feaff4a3-a695-48a9-ac13-803ee20b4c45""}, {""id"":
""f82beef7-05ff-4d01-9828-f327acd0846e""}, {""id"":
""8f3d0923-f87c-4617-929d-4e8e40aff21e""}, {""id"":
""0b6a54e5-4eb1-4ba8-a29c-4b80616ac382""}, {""id"":
""c9c5e9b4-9af9-4c45-98ea-5ec6d27e4613""}, {""id"":
""ff7c7844-4402-4c8d-a741-7282fd97b400""}, {""id"":
""2c187848-7bb7-4271-afcd-a8c7a170635e""}, {""id"":
""296b09e8-92a5-4664-b758-a305af79c7ae""}, {""id"":
""662cdeee-a713-4fcb-97b6-23b32a03a268""}, {""id"":
""f5892a80-5681-4b2e-8f51-3462afc5a876""}, {""id"":
""5cab3446-851f-4042-a5d6-93559f5d54fe""}, {""id"":
""1b16f56b-0960-4e6b-81bc-f4e77cb84a9c""}, {""id"":
""da770762-decd-4553-a356-fac625aeb0c4""}, {""id"":
""53c07d2a-8f0f-4b38-beca-22071ef353d9""}, {""id"":
""702ceb3f-83e9-4afa-ba15-c7da821ce412""}, {""id"":
""ac4bec1b-7ba3-4452-a42b-5e8afbe52c35""}, {""id"":
""192ff634-09bc-4ad2-8199-4a874f69e54c""}, {""id"":
""43ea44c6-bf50-49e8-9d76-4094be79f113""}, {""id"":
""fdd4af53-30f7-49f9-845b-58b92e9c59a6""}, {""id"":
""27a8f426-00d4-4671-a28f-24988172789f""}, {""id"":
""86c73500-745a-4426-ae7a-fc996abd2ab0""}, {""id"":
""7b9a5da9-45bd-4dca-a969-94d064e1732b""}, {""id"":
""49e6de4f-39b4-41eb-a1af-ec529efe5d1a""}, {""id"":
""976c466a-d8cf-42c5-95ff-0a5ee55803c1""}, {""id"":
""dea9ef12-6fb7-4235-a8a3-af48e4366678""}, {""id"":
""9d988f9d-e87a-47c5-ab75-cd1fbc9e9175""}, {""id"":
""6b6c81a4-baa1-4981-8f5a-a51e9b3560ca""}, {""id"":
""9ca76ca8-7d25-4322-933c-e728d85e1083""}, {""id"":
""e8df4fcb-cb1a-456a-ab52-19dc084ccfce""}, {""id"":
""ddf8a31b-308b-4e26-aad0-f64c277cc5cf""}, {""id"":
""c5cda85c-ae8a-4f07-a92e-5d01e85d5e51""}, {""id"":
""d0e7181b-2782-4bce-977c-0d02c1358fe1""}, {""id"":
""23c898cb-34f4-48ec-bf7d-8860b08522ec""}, {""id"":
""9473e218-52be-4ac8-9563-3206e7a307fa""}, {""id"":
""b7d05923-5572-46ac-ac61-4a7fda004b3b""}, {""id"":
""e5d83d6b-2e50-4b4d-ab0f-7ba83cf3868c""}, {""id"":
""39c0d600-af99-48d5-9e05-452b681b80fc""}, {""id"":
""1d200c39-a710-45f3-9602-ef61986659f9""}, {""id"":
""7350033d-0573-4b3a-bd5e-98cee36a99e2""}, {""id"":
""e9397371-f9da-4f0b-8941-b335eca0894d""}, {""id"":
""aff31a36-4985-4394-8a42-843b33c0ff70""}, {""id"":
""8b2b57d9-00e2-41e2-8c16-c8d3b1d0f579""}, {""id"":
""5a39d173-bfe5-4052-8a82-c168958a858d""}, {""id"":
""c12caa54-4991-4479-ba69-b4c5ed101eba""}, {""id"":
""04cfbd89-8b03-4d1e-a58e-7b49ff1f5a06""}, {""id"":
""980955cf-9546-48f0-90d9-abf1b4eaef83""}, {""id"":
""8b4aafe6-dd53-4fa4-be1a-d83e339e60c5""}, {""id"":
""ae8ee4d2-2d89-4968-87b1-f5f313de1b9d""}, {""id"":
""4eac83e0-d53c-44ae-994b-a848948cb050""}, {""id"":
""a314a85a-74da-4812-8342-c2c6823efc40""}, {""id"":
""34920954-de91-4003-a519-05676d2d029a""}, {""id"":
""f9b8ab87-ff02-4766-8644-6249382f6081""}, {""id"":
""49bb5078-ecf8-4182-bde9-f1b7bfe85fd9""}, {""id"":
""ccd5848e-241e-475c-ad5a-54b719ddb090""}, {""id"":
""674d2c49-d68b-49ea-a837-548817cab91f""}, {""id"":
""9c38ca1a-00b2-4b54-b7a8-6b469349140c""}, {""id"":
""ee58a0f9-969b-487e-968d-b9f69d0f398a""}, {""id"":
""0f16793b-2d63-4ab5-88d5-63ecdebf2f36""}, {""id"":
""7c770532-4e63-4ccf-9b30-276699c6449a""}, {""id"":
""114234f6-02ef-4515-8722-aa0f34497b00""}, {""id"":
""28ad4ead-efaf-43b6-9148-82ce2257fdb0""}, {""id"":
""e113f483-0e29-4894-8451-01918860dac3""}, {""id"":
""5cbf2724-0827-4e44-b477-bec96dc1ae46""}], ""read_users"": [], ""visibility"":
[""open""], ""edit_groups"": [], ""read_groups"": [""public""],
""downloadable"": [""public""], ""embargo_date"": [""1/1/2200""], ""ocr_language"": [], ""published_at"": [""2026-09-30T13:41:25+00:00""], ""thumbnail_id"": [{""id"": ""6f89eac9-2ae2-42a7-9fa3-414c1b6be455""}], ""viewing_hint"": [""individuals""], ""file_metadata"": [], ""workflow_note"": [], ""pending_uploads"": [], ""cached_parent_id"": [{""id"": """"}], ""local_identifier"": [], ""rights_statement"": [{""@id"": ""http://rightsstatements.org/vocab/CNE/1.0/""}], ""imported_metadata"": [{""id"": null, ""date"": [""1931""], ""host"": null, ""lead"": null, ""type"": [""Fiction""], ""actor"": null, ""donor"": null, ""genre"": [""Historical fiction."", ""Fiction.""], ""judge"": null, ""label"": null, ""other"": null, ""owner"": null, ""title"": [{""@value"": ""Shadows on the rock / by Willa Cather."", ""@language"": ""en""}], ""artist"": null, ""author"": [""Cather, Willa, 1873-1947""], ""binder"": null, ""caster"": null, ""censor"": null, ""client"": null, ""dancer"": null, ""editor"": null, ""etcher"": null, ""expert"": null, ""extent"": [""280 p. ; 24 cm.""], ""forger"": null, ""format"": [""Book""], ""funder"": null, ""issued"": null, ""lender"": null, ""medium"": null, ""patron"": null, ""scribe"": null, ""seller"": null, ""series"": null, ""signer"": null, ""singer"": null, ""source"": null, ""adapter"": null, ""analyst"": null, ""barcode"": null, ""created"": [""1931-01-01T00:00:00+00:00""], ""creator"": [""Cather, Willa, 1873-1947""], ""curator"": null, ""edition"": null, ""held_by"": null, ""honoree"": null, ""keyword"": null, ""libelee"": null, ""license"": null, ""marbler"": null, ""monitor"": null, ""part_of"": null, ""praeses"": null, ""printer"": null, ""setting"": null, ""spatial"": null, ""speaker"": null, ""sponsor"": null, ""subject"": [""Canada—History—To 1763 (New France)—Fiction""], ""teacher"": null, ""witness"": null, ""abridger"": null, ""abstract"": [], ""animator"": null, ""appellee"": null, ""arranger"": null, ""assignee"": null, ""colorist"": null, ""compiler"": null, ""composer"": null, ""contents"": null, ""coverage"": null, ""depicted"": null, ""designer"": null, ""director"": null, ""engineer"": null, ""engraver"": null, ""inventor"": null, ""language"": [""en""], ""libelant"": null, ""licensee"": null, ""licensor"": null, ""location"": [""Special Collections 3670.29.385.11""], ""lyricist"": null, ""musician"": null, ""narrator"": null, ""nav_date"": null, ""opponent"": null, ""panelist"": null, ""pdf_type"": null, ""producer"": null, ""provider"": null, ""redaktor"": null, ""renderer"": null, ""replaces"": null, ""reporter"": null, ""restager"": null, ""reviewer"": null, ""sculptor"": null, ""surveyor"": null, ""temporal"": null, ""addressee"": null, ""annotator"": null, ""appellant"": null, ""applicant"": null, ""architect"": null, ""collector"": null, ""conceptor"": null, ""conductor"": null, ""container"": null, ""contestee"": null, ""corrector"": null, ""dedicatee"": null, ""dedicator"": null, ""defendant"": null, ""depositor"": null, ""draftsman"": null, ""filmmaker"": null, ""inscriber"": null, ""moderator"": null, ""organizer"": null, ""performer"": null, ""plaintiff"": null, ""presenter"": null, ""publisher"": [""New York : A.A. Knopf, 1931.""], ""puppeteer"": null, ""recordist"": null, ""scenarist"": null, ""secretary"": null, ""auctioneer"": null, ""bookseller"": null, ""claimed_by"": null, ""collotyper"": null, ""compositor"": null, ""consultant"": null, ""contestant"": null, ""contractor"": null, ""created_at"": null, ""delineator"": null, ""dissertant"": null, ""identifier"": null, ""import_url"": null, ""indexed_by"": null, ""laboratory"": null, ""librettist"": null, ""new_record"": true, ""originator"": null, ""papermaker"": null, ""platemaker"": null, ""printmaker"": null, ""programmer"": null, ""provenance"": null, ""references"": null, ""researcher"": null, ""respondent"": null, ""rubricator"": null, ""sort_title"": null, ""translator"": null, ""updated_at"": null, ""visibility"": null, ""woodcutter"": null, ""alternative"": null, ""art_copyist"": null, ""autographer"": null, ""broadcaster"": null, ""call_number"": [""3670.29.385.11""], ""commentator"": null, ""complainant"": null, ""conservator"": null, ""contributor"": null, ""date_issued"": null, ""description"": [""Princeton copy 1 Limited ed., signed by the author."", ""Princeton copy 2 Limited ed., signed by the author."", ""Princeton copy 2 In slipcase. 25 cm.""], ""distributor"": null, ""electrician"": null, ""event_place"": null, ""facsimilist"": null, ""film_editor"": null, ""first_party"": null, ""geo_subject"": null, ""illuminator"": null, ""illustrator"": null, ""interviewee"": null, ""interviewer"": null, ""notice_type"": null, ""proofreader"": null, ""rights_note"": null, ""stereotyper"": null, ""storyteller"": null, ""transcriber"": null, ""typographer"": null, ""voice_actor"": null, ""art_director"": null, ""binding_note"": null, ""blurb_writer"": null, ""calligrapher"": null, ""cartographer"": null, ""content_type"": [""Book""], ""data_manager"": null, ""date_created"": null, ""downloadable"": null, ""electrotyper"": null, ""embargo_date"": null, ""former_owner"": null, ""issuing_body"": null, ""lithographer"": null, ""manufacturer"": null, ""minute_taker"": null, ""ocr_language"": null, ""photographer"": null, ""portion_note"": null, ""screenwriter"": null, ""second_party"": null, ""set_designer"": null, ""start_canvas"": null, ""thumbnail_id"": null, ""videographer"": null, ""viewing_hint"": null, ""book_designer"": null, ""book_producer"": null, ""choreographer"": null, ""correspondent"": null, ""film_director"": null, ""film_producer"": null, ""markup_editor"": null, ""music_copyist"": null, ""patent_holder"": null, ""relative_path"": null, ""resource_type"": null, ""source_jsonld"": [""{\""@context\"":\""https://catalog.princeton.edu/context.json\"",\""@id\"":\""https://catalog.princeton.edu/catalog/9925514083506421\"",\""title\"":[{\""@value\"":\""Shadows on the rock / by Willa Cather.\"",\""@language\"":\""en\""}],\""language\"":\""en\"",\""creator\"":\""Cather, Willa, 1873-1947\"",\""call_number\"":\""3670.29.385.11\"",\""extent\"":\""280 p. ; 24 cm.\"",\""format\"":\""Book\"",\""type\"":\""Fiction\"",\""description\"":[\""Princeton copy 1 Limited ed., signed by the author.\"",\""Princeton copy 2 Limited ed., signed by the author.\"",\""Princeton copy 2 In slipcase. 25 cm.\""],\""publisher\"":\""New York : A.A. Knopf, 1931.\"",\""subject\"":\""Canada—History—To 1763 (New France)—Fiction\"",\""genre\"":[\""Historical fiction.\"",\""Fiction.\""],\""author\"":\""Cather, Willa, 1873-1947\"",\""created\"":\""1931-01-01T00:00:00Z\"",\""date\"":\""1931\"",\""abstract\"":\""\"",\""location\"":[\""Special Collections 3670.29.385.11\""]}""], ""stage_manager"": null, ""text_language"": null, ""type_designer"": null, ""uniform_title"": null, ""wood_engraver"": null, ""court_governed"": null, ""court_reporter"": null, ""cover_designer"": null, ""coverage_point"": null, ""date_copyright"": null, ""date_published"": null, ""dubious_author"": null, ""field_director"": null, ""metal_engraver"": null, ""radio_director"": null, ""radio_producer"": null, ""restorationist"": null, ""sound_designer"": null, ""stage_director"": null, ""standards_body"": null, ""thesis_advisor"": null, ""associated_name"": null, ""attributed_name"": null, ""cinematographer"": null, ""content_warning"": null, ""imported_author"": null, ""instrumentalist"": null, ""marc_repository"": null, ""process_contact"": null, ""source_metadata"": null, ""supporting_host"": null, ""author_of_dialog"": null, ""binding_designer"": null, ""braille_embosser"": null, ""cached_parent_id"": null, ""copyright_holder"": null, ""costume_designer"": null, ""data_contributor"": null, ""film_distributor"": null, ""holding_location"": null, ""host_institution"": null, ""libelee_appellee"": null, ""local_identifier"": null, ""metadata_contact"": null, ""meters_per_pixel"": null, ""musical_director"": null, ""patent_applicant"": null, ""production_place"": null, ""project_director"": null, ""rights_statement"": null, ""university_place"": null, ""alternative_title"": null, ""artistic_director"": null, ""degree_supervisor"": null, ""geographic_origin"": null, ""internal_resource"": ""ImportedMetadata"", ""libelant_appellee"": null, ""libelee_appellant"": null, ""lighting_designer"": null, ""manufacture_place"": null, ""permitting_agency"": null, ""printer_of_plates"": null, ""publication_place"": null, ""responsible_party"": null, ""viewing_direction"": null, ""writer_of_preface"": null, ""bookplate_designer"": null, ""cartographic_scale"": null, ""contestee_appellee"": null, ""copyright_claimant"": null, ""defendant_appellee"": null, ""distribution_place"": null, ""libelant_appellant"": null, ""onscreen_presenter"": null, ""plaintiff_appellee"": null, ""production_company"": null, ""production_manager"": null, ""recording_engineer"": null, ""research_team_head"": null, ""scientific_advisor"": null, ""source_acquisition"": null, ""technical_director"": null, ""bookjacket_designer"": null, ""contestant_appellee"": null, ""contestee_appellant"": null, ""defendant_appellant"": null, ""laboratory_director"": null, ""landscape_architect"": null, ""plaintiff_appellant"": null, ""production_designer"": null, ""publishing_director"": null, ""respondent_appellee"": null, ""television_director"": null, ""television_producer"": null, ""collection_registrar"": null, ""complainant_appellee"": null, ""contestant_appellant"": null, ""electronic_locations"": null, ""production_personnel"": null, ""research_team_member"": null, ""respondent_appellant"": null, ""writer_of_added_text"": null, ""complainant_appellant"": null, ""editor_of_compilation"": null, ""enacting_jurisdiction"": null, ""jurisdiction_governed"": null, ""bibliographic_citation"": null, ""writer_of_added_lyrics"": null, ""writer_of_introduction"": null, ""cartographic_projection"": null, ""consultant_to_a_project"": null, ""gbl_suppressed_override"": null, ""bibliographic_antecedent"": null, ""rendered_rights_statement"": null, ""author_of_introduction_etc"": null, ""source_metadata_identifier"": null, ""writer_of_added_commentary"": null, ""degree_granting_institution"": null, ""editor_of_moving_image_work"": null, ""commentator_for_written_text"": null, ""writer_of_accompanying_material"": null, ""author_of_afterword_colophon_etc"": null, ""geographic_information_specialist"": null, ""author_in_quotations_or_text_abstracts"": null, ""writer_of_supplementary_textual_content"": null}], ""logical_structure"": [{""id"": null, ""label"": [""Logical""], ""nodes"": [], ""created_at"": null, ""new_record"": true, ""updated_at"": null, ""internal_resource"": ""Structure""}], ""optimistic_lock_token"": [{""token"": ""31"", ""adapter_id"": {""id"": ""746f06acf4d573bebd8c8a500b398589""}}], ""member_of_collection_ids"": [{""id"": ""1927f7e2-60d8-4eab-8454-de6526c3843f""}], ""source_metadata_identifier"": [""9925514083506421""]}",2026-09-29 20:53:55.035691,2026-09-30 13:41:31.314781,ScannedResource,32
6f89eac9-2ae2-42a7-9fa3-414c1b6be455,"{""part"": [], ""side"": [], ""title"": [""00000001.tif""], ""barcode"": [], ""edit_users"": [], ""highlights"": [], ""member_ids"": [], ""read_users"": [], ""edit_groups"": [], ""read_groups"": [""public""], ""file_metadata"": [{""id"": {""id"": ""914b6b0e-071d-4e21-93d4-270facda0457""}, ""use"": [{""@id"": ""http://pcdm.org/use#OriginalFile""}], ""size"": [""57270616""], ""label"": [""00000001.tif""], ""width"": [""3624""], ""bounds"": [], ""height"": [""5262""], ""checksum"": [{""id"": null, ""md5"": ""5e08d41104f4ee03da173d19a29966c2"", ""sha1"": ""79ed30cfad23388be780edc1cb92d7720d6a18a9"", ""sha256"": ""21e8a9f2c9361607fb1efbc04463d777a0336e88d57d7a6bab9566642292b2d4"", ""created_at"": null, ""new_record"": true, ""updated_at"": null, ""internal_resource"": ""MultiChecksum""}], ""duration"": [], ""geometry"": [], ""producer"": [], ""software"": [], ""mime_type"": [""image/tiff""], ""change_set"": null, ""created_at"": ""2026-09-29T20:54:48+00:00"", ""edit_users"": [], ""new_record"": true, ""page_count"": null, ""read_users"": [], ""updated_at"": ""2026-09-29T20:54:48+00:00"", ""edit_groups"": [], ""read_groups"": [], ""camera_model"": [], ""x_resolution"": [], ""y_resolution"": [], ""error_message"": [], ""bits_per_sample"": [], ""processing_note"": [], ""caption_language"": [], ""file_identifiers"": [{""id"": ""disk:///opt/repository/files/91/4b/6b/914b6b0e071d4e2193d4270facda0457/00000001.tif""}], ""internal_resource"": ""FileMetadata"", ""original_filename"": [""00000001.tif""], ""source_media_type"": [], ""date_of_digitization"": [], ""preservation_copy_of_id"": null, ""original_language_caption"": null}, {""id"": {""id"": ""f3623ebc-7993-4072-8942-1dcd619e4261""}, ""use"": [{""@id"": ""http://pcdm.org/use#ServiceFile""}], ""size"": [], ""label"": [""intermediate_file.tif""], ""width"": [], ""bounds"": [], ""height"": [], ""checksum"": [], ""duration"": [], ""geometry"": [], ""producer"": [], ""software"": [], ""mime_type"": [""image/tiff""], ""change_set"": null, ""created_at"": ""2026-09-29T20:56:26+00:00"", ""edit_users"": [], ""new_record"": true, ""page_count"": null, ""read_users"": [], ""updated_at"": ""2026-09-29T20:56:26+00:00"", ""edit_groups"": [], ""read_groups"": [], ""camera_model"": [], ""x_resolution"": [], ""y_resolution"": [], ""error_message"": [], ""bits_per_sample"": [], ""processing_note"": [], ""caption_language"": [], ""file_identifiers"": [{""id"": ""pyramidal-derivatives-shrine://f3/62/3e/f3623ebc7993407289421dcd619e4261/intermediate_file.tif""}], ""internal_resource"": ""FileMetadata"", ""original_filename"": [""intermediate_file.tif""], ""source_media_type"": [], ""date_of_digitization"": [], ""preservation_copy_of_id"": null, ""original_language_caption"": null}], ""service_targets"": [], ""cached_parent_id"": [{""id"": ""b7f6f438-4363-4003-8b74-779b5e31f210""}], ""processing_status"": [""processed""], ""optimistic_lock_token"": [{""token"": ""3"", ""adapter_id"": {""id"": ""746f06acf4d573bebd8c8a500b398589""}}]}",2026-09-29 20:55:44.102538,2026-09-30 13:41:25.719589,FileSet,4
dce46849-9cf1-4393-aa24-d90506840242,"{""part"": [], ""side"": [], ""title"": [""00000002.tif""], ""barcode"": [], ""edit_users"": [], ""highlights"": [], ""member_ids"": [], ""read_users"": [], ""edit_groups"": [], ""read_groups"": [""public""], ""file_metadata"": [{""id"": {""id"": ""8690e1ad-02fa-409d-b6b8-fc2cc75643d4""}, ""use"": [{""@id"": ""http://pcdm.org/use#OriginalFile""}], ""size"": [""58366592""], ""label"": [""00000002.tif""], ""width"": [""3592""], ""bounds"": [], ""height"": [""5411""], ""checksum"": [{""id"": null, ""md5"": ""bdc32b893e7b992f4656214da78bc581"", ""sha1"": ""a2785a04ae758f321d89ff2d12f3abbd133b434b"", ""sha256"": ""469884a45bc489348b72d7f2b3e3102975119af1cf0db8e518b856b1b39a672c"", ""created_at"": null, ""new_record"": true, ""updated_at"": null, ""internal_resource"": ""MultiChecksum""}], ""duration"": [], ""geometry"": [], ""producer"": [], ""software"": [], ""mime_type"": [""image/tiff""], ""change_set"": null, ""created_at"": ""2026-09-29T20:54:57+00:00"", ""edit_users"": [], ""new_record"": true, ""page_count"": null, ""read_users"": [], ""updated_at"": ""2026-09-29T20:54:57+00:00"", ""edit_groups"": [], ""read_groups"": [], ""camera_model"": [], ""x_resolution"": [], ""y_resolution"": [], ""error_message"": [], ""bits_per_sample"": [], ""processing_note"": [], ""caption_language"": [], ""file_identifiers"": [{""id"": ""disk:///opt/repository/files/86/90/e1/8690e1ad02fa409db6b8fc2cc75643d4/00000002.tif""}], ""internal_resource"": ""FileMetadata"", ""original_filename"": [""00000002.tif""], ""source_media_type"": [], ""date_of_digitization"": [], ""preservation_copy_of_id"": null, ""original_language_caption"": null}, {""id"": {""id"": ""24d904a9-78a4-4f32-9541-c626a9804a63""}, ""use"": [{""@id"": ""http://pcdm.org/use#ServiceFile""}], ""size"": [], ""label"": [""intermediate_file.tif""], ""width"": [], ""bounds"": [], ""height"": [], ""checksum"": [], ""duration"": [], ""geometry"": [], ""producer"": [], ""software"": [], ""mime_type"": [""image/tiff""], ""change_set"": null, ""created_at"": ""2026-09-29T20:56:28+00:00"", ""edit_users"": [], ""new_record"": true, ""page_count"": null, ""read_users"": [], ""updated_at"": ""2026-09-29T20:56:28+00:00"", ""edit_groups"": [], ""read_groups"": [], ""camera_model"": [], ""x_resolution"": [], ""y_resolution"": [], ""error_message"": [], ""bits_per_sample"": [], ""processing_note"": [], ""caption_language"": [], ""file_identifiers"": [{""id"": ""pyramidal-derivatives-shrine://24/d9/04/24d904a978a44f329541c626a9804a63/intermediate_file.tif""}], ""internal_resource"": ""FileMetadata"", ""original_filename"": [""intermediate_file.tif""], ""source_media_type"": [], ""date_of_digitization"": [], ""preservation_copy_of_id"": null, ""original_language_caption"": null}], ""service_targets"": [], ""cached_parent_id"": [{""id"": ""b7f6f438-4363-4003-8b74-779b5e31f210""}], ""processing_status"": [""processed""], ""optimistic_lock_token"": [{""token"": ""3"", ""adapter_id"": {""id"": ""746f06acf4d573bebd8c8a500b398589""}}]}",2026-09-29 20:55:44.11064,2026-09-30 13:41:25.746806,FileSet,4
3ab8827d-d29a-4cfd-bdf9-94819aba1144,"{""part"": [], ""side"": [], ""title"": [""00000003.tif""], ""barcode"": [], ""edit_users"": [], ""highlights"": [], ""member_ids"": [], ""read_users"": [], ""edit_groups"": [], ""read_groups"": [""public""], ""file_metadata"": [{""id"": {""id"": ""55137e5a-2be9-47aa-9f8c-cffddc9d86f9""}, ""use"": [{""@id"": ""http://pcdm.org/use#OriginalFile""}], ""size"": [""53604904""], ""label"": [""00000003.tif""], ""width"": [""3392""], ""bounds"": [], ""height"": [""5262""], ""checksum"": [{""id"": null, ""md5"": ""d0b17f67084452e92ac88c3d247613ae"", ""sha1"": ""b09e0e937c04a087f41588a9cc8458aa571889cf"", ""sha256"": ""54693d638828aa2f1ad03f98916c2ea7545e10b3823a69c2bc7eb6fe1340b535"", ""created_at"": null, ""new_record"": true, ""updated_at"": null, ""internal_resource"": ""MultiChecksum""}], ""duration"": [], ""geometry"": [], ""producer"": [], ""software"": [], ""mime_type"": [""image/tiff""], ""change_set"": null, ""created_at"": ""2026-09-29T20:55:04+00:00"", ""edit_users"": [], ""new_record"": true, ""page_count"": null, ""read_users"": [], ""updated_at"": ""2026-09-29T20:55:04+00:00"", ""edit_groups"": [], ""read_groups"": [], ""camera_model"": [], ""x_resolution"": [], ""y_resolution"": [], ""error_message"": [], ""bits_per_sample"": [], ""processing_note"": [], ""caption_language"": [], ""file_identifiers"": [{""id"": ""disk:///opt/repository/files/55/13/7e/55137e5a2be947aa9f8ccffddc9d86f9/00000003.tif""}], ""internal_resource"": ""FileMetadata"", ""original_filename"": [""00000003.tif""], ""source_media_type"": [], ""date_of_digitization"": [], ""preservation_copy_of_id"": null, ""original_language_caption"": null}, {""id"": {""id"": ""16378c15-dc82-4bac-a480-1b2f28d8d10a""}, ""use"": [{""@id"": ""http://pcdm.org/use#ServiceFile""}], ""size"": [], ""label"": [""intermediate_file.tif""], ""width"": [], ""bounds"": [], ""height"": [], ""checksum"": [], ""duration"": [], ""geometry"": [], ""producer"": [], ""software"": [], ""mime_type"": [""image/tiff""], ""change_set"": null, ""created_at"": ""2026-09-29T20:56:21+00:00"", ""edit_users"": [], ""new_record"": true, ""page_count"": null, ""read_users"": [], ""updated_at"": ""2026-09-29T20:56:21+00:00"", ""edit_groups"": [], ""read_groups"": [], ""camera_model"": [], ""x_resolution"": [], ""y_resolution"": [], ""error_message"": [], ""bits_per_sample"": [], ""processing_note"": [], ""caption_language"": [], ""file_identifiers"": [{""id"": ""pyramidal-derivatives-shrine://16/37/8c/16378c15dc824baca4801b2f28d8d10a/intermediate_file.tif""}], ""internal_resource"": ""FileMetadata"", ""original_filename"": [""intermediate_file.tif""], ""source_media_type"": [], ""date_of_digitization"": [], ""preservation_copy_of_id"": null, ""original_language_caption"": null}], ""service_targets"": [], ""cached_parent_id"": [{""id"": ""b7f6f438-4363-4003-8b74-779b5e31f210""}], ""processing_status"": [""processed""], ""optimistic_lock_token"": [{""token"": ""3"", ""adapter_id"": {""id"": ""746f06acf4d573bebd8c8a500b398589""}}]}",2026-09-29 20:55:44.117711,2026-09-30 13:41:25.764677,FileSet,4
56f347c2-da90-40b1-b911-b5b16665e152,"{""part"": [], ""side"": [], ""title"": [""00000004.tif""], ""barcode"": [], ""edit_users"": [], ""highlights"": [], ""member_ids"": [], ""read_users"": [], ""edit_groups"": [], ""read_groups"": [""public""], ""file_metadata"": [{""id"": {""id"": ""fc9e17b7-9e34-4429-b9e5-998793884a7a""}, ""use"": [{""@id"": ""http://pcdm.org/use#OriginalFile""}], ""size"": [""58366592""], ""label"": [""00000004.tif""], ""width"": [""3592""], ""bounds"": [], ""height"": [""5411""], ""checksum"": [{""id"": null, ""md5"": ""b88f62fd42c141baf9bc200aa58e5adc"", ""sha1"": ""e49c672da679f1001370709d33066311da28c306"", ""sha256"": ""4bf3a731b8220f0828c41e11eab26f3f1d57bd47178ec28d72da03ac64f7c7df"", ""created_at"": null, ""new_record"": true, ""updated_at"": null, ""internal_resource"": ""MultiChecksum""}], ""duration"": [], ""geometry"": [], ""producer"": [], ""software"": [], ""mime_type"": [""image/tiff""], ""change_set"": null, ""created_at"": ""2026-09-29T20:55:10+00:00"", ""edit_users"": [], ""new_record"": true, ""page_count"": null, ""read_users"": [], ""updated_at"": ""2026-09-29T20:55:10+00:00"", ""edit_groups"": [], ""read_groups"": [], ""camera_model"": [], ""x_resolution"": [], ""y_resolution"": [], ""error_message"": [], ""bits_per_sample"": [], ""processing_note"": [], ""caption_language"": [], ""file_identifiers"": [{""id"": ""disk:///opt/repository/files/fc/9e/17/fc9e17b79e344429b9e5998793884a7a/00000004.tif""}], ""internal_resource"": ""FileMetadata"", ""original_filename"": [""00000004.tif""], ""source_media_type"": [], ""date_of_digitization"": [], ""preservation_copy_of_id"": null, ""original_language_caption"": null}, {""id"": {""id"": ""3b89e908-92de-4eb0-9089-5d95c0167333""}, ""use"": [{""@id"": ""http://pcdm.org/use#ServiceFile""}], ""size"": [], ""label"": [""intermediate_file.tif""], ""width"": [], ""bounds"": [], ""height"": [], ""checksum"": [], ""duration"": [], ""geometry"": [], ""producer"": [], ""software"": [], ""mime_type"": [""image/tiff""], ""change_set"": null, ""created_at"": ""2026-09-29T20:56:28+00:00"", ""edit_users"": [], ""new_record"": true, ""page_count"": null, ""read_users"": [], ""updated_at"": ""2026-09-29T20:56:28+00:00"", ""edit_groups"": [], ""read_groups"": [], ""camera_model"": [], ""x_resolution"": [], ""y_resolution"": [], ""error_message"": [], ""bits_per_sample"": [], ""processing_note"": [], ""caption_language"": [], ""file_identifiers"": [{""id"": ""pyramidal-derivatives-shrine://3b/89/e9/3b89e90892de4eb090895d95c0167333/intermediate_file.tif""}], ""internal_resource"": ""FileMetadata"", ""original_filename"": [""intermediate_file.tif""], ""source_media_type"": [], ""date_of_digitization"": [], ""preservation_copy_of_id"": null, ""original_language_caption"": null}], ""service_targets"": [], ""cached_parent_id"": [{""id"": ""b7f6f438-4363-4003-8b74-779b5e31f210""}], ""processing_status"": [""processed""], ""optimistic_lock_token"": [{""token"": ""3"", ""adapter_id"": {""id"": ""746f06acf4d573bebd8c8a500b398589""}}]}",2026-09-29 20:55:44.122352,2026-09-30 13:41:25.78555,FileSet,4
64511102-e825-49d1-85d8-10dc54ff7671,"{""part"": [], ""side"": [], ""title"": [""00000005.tif""], ""barcode"": [], ""edit_users"": [], ""highlights"": [], ""member_ids"": [], ""read_users"": [], ""edit_groups"": [], ""read_groups"": [""public""], ""file_metadata"": [{""id"": {""id"": ""13e42507-0abf-4a8c-a5ed-c03ce1a0ed01""}, ""use"": [{""@id"": ""http://pcdm.org/use#OriginalFile""}], ""size"": [""53652262""], ""label"": [""00000005.tif""], ""width"": [""3395""], ""bounds"": [], ""height"": [""5262""], ""checksum"": [{""id"": null, ""md5"": ""049e8129513a8593c891d3abb0d95b6b"", ""sha1"": ""3b8c465fed07dfb84bca1e311d064fdea7a716e4"", ""sha256"": ""99e7c717e295184d4bdc11d9214f49c0f46bf791786e0ef7346c9b61e5c0a8d9"", ""created_at"": null, ""new_record"": true, ""updated_at"": null, ""internal_resource"": ""MultiChecksum""}], ""duration"": [], ""geometry"": [], ""producer"": [], ""software"": [], ""mime_type"": [""image/tiff""], ""change_set"": null, ""created_at"": ""2026-09-29T20:55:12+00:00"", ""edit_users"": [], ""new_record"": true, ""page_count"": null, ""read_users"": [], ""updated_at"": ""2026-09-29T20:55:12+00:00"", ""edit_groups"": [], ""read_groups"": [], ""camera_model"": [], ""x_resolution"": [], ""y_resolution"": [], ""error_message"": [], ""bits_per_sample"": [], ""processing_note"": [], ""caption_language"": [], ""file_identifiers"": [{""id"": ""disk:///opt/repository/files/13/e4/25/13e425070abf4a8ca5edc03ce1a0ed01/00000005.tif""}], ""internal_resource"": ""FileMetadata"", ""original_filename"": [""00000005.tif""], ""source_media_type"": [], ""date_of_digitization"": [], ""preservation_copy_of_id"": null, ""original_language_caption"": null}, {""id"": {""id"": ""ade0ea3a-382f-483e-bd3f-495decded219""}, ""use"": [{""@id"": ""http://pcdm.org/use#ServiceFile""}], ""size"": [], ""label"": [""intermediate_file.tif""], ""width"": [], ""bounds"": [], ""height"": [], ""checksum"": [], ""duration"": [], ""geometry"": [], ""producer"": [], ""software"": [], ""mime_type"": [""image/tiff""], ""change_set"": null, ""created_at"": ""2026-09-29T20:56:23+00:00"", ""edit_users"": [], ""new_record"": true, ""page_count"": null, ""read_users"": [], ""updated_at"": ""2026-09-29T20:56:23+00:00"", ""edit_groups"": [], ""read_groups"": [], ""camera_model"": [], ""x_resolution"": [], ""y_resolution"": [], ""error_message"": [], ""bits_per_sample"": [], ""processing_note"": [], ""caption_language"": [], ""file_identifiers"": [{""id"": ""pyramidal-derivatives-shrine://ad/e0/ea/ade0ea3a382f483ebd3f495decded219/intermediate_file.tif""}], ""internal_resource"": ""FileMetadata"", ""original_filename"": [""intermediate_file.tif""], ""source_media_type"": [], ""date_of_digitization"": [], ""preservation_copy_of_id"": null, ""original_language_caption"": null}], ""service_targets"": [], ""cached_parent_id"": [{""id"": ""b7f6f438-4363-4003-8b74-779b5e31f210""}], ""processing_status"": [""processed""], ""optimistic_lock_token"": [{""token"": ""3"", ""adapter_id"": {""id"": ""746f06acf4d573bebd8c8a500b398589""}}]}",2026-09-29 20:55:44.143288,2026-09-30 13:41:25.802914,FileSet,4
ed1f96c2-7619-4cca-8354-2d9e0a5cece4,"{""part"": [], ""side"": [], ""title"": [""00000006.tif""], ""barcode"": [], ""edit_users"": [], ""highlights"": [], ""member_ids"": [], ""read_users"": [], ""edit_groups"": [], ""read_groups"": [""public""], ""file_metadata"": [{""id"": {""id"": ""dacbaee4-fa61-4c31-90b8-def8ee2dbb98""}, ""use"": [{""@id"": ""http://pcdm.org/use#OriginalFile""}], ""size"": [""58366592""], ""label"": [""00000006.tif""], ""width"": [""3592""], ""bounds"": [], ""height"": [""5411""], ""checksum"": [{""id"": null, ""md5"": ""9edcd8cdf75e4536b193a4120d9fc707"", ""sha1"": ""7608b56c1a2b98411042ec4e09ca17f23a957768"", ""sha256"": ""98ad76e61e0ed762a8530e69c62a85616e3cd71aa10edd2d8d16b7a3598913e7"", ""created_at"": null, ""new_record"": true, ""updated_at"": null, ""internal_resource"": ""MultiChecksum""}], ""duration"": [], ""geometry"": [], ""producer"": [], ""software"": [], ""mime_type"": [""image/tiff""], ""change_set"": null, ""created_at"": ""2026-09-29T20:55:18+00:00"", ""edit_users"": [], ""new_record"": true, ""page_count"": null, ""read_users"": [], ""updated_at"": ""2026-09-29T20:55:18+00:00"", ""edit_groups"": [], ""read_groups"": [], ""camera_model"": [], ""x_resolution"": [], ""y_resolution"": [], ""error_message"": [], ""bits_per_sample"": [], ""processing_note"": [], ""caption_language"": [], ""file_identifiers"": [{""id"": ""disk:///opt/repository/files/da/cb/ae/dacbaee4fa614c3190b8def8ee2dbb98/00000006.tif""}], ""internal_resource"": ""FileMetadata"", ""original_filename"": [""00000006.tif""], ""source_media_type"": [], ""date_of_digitization"": [], ""preservation_copy_of_id"": null, ""original_language_caption"": null}, {""id"": {""id"": ""16934784-967e-4ceb-add8-3301c285763a""}, ""use"": [{""@id"": ""http://pcdm.org/use#ServiceFile""}], ""size"": [], ""label"": [""intermediate_file.tif""], ""width"": [], ""bounds"": [], ""height"": [], ""checksum"": [], ""duration"": [], ""geometry"": [], ""producer"": [], ""software"": [], ""mime_type"": [""image/tiff""], ""change_set"": null, ""created_at"": ""2026-09-29T20:56:29+00:00"", ""edit_users"": [], ""new_record"": true, ""page_count"": null, ""read_users"": [], ""updated_at"": ""2026-09-29T20:56:29+00:00"", ""edit_groups"": [], ""read_groups"": [], ""camera_model"": [], ""x_resolution"": [], ""y_resolution"": [], ""error_message"": [], ""bits_per_sample"": [], ""processing_note"": [], ""caption_language"": [], ""file_identifiers"": [{""id"": ""pyramidal-derivatives-shrine://16/93/47/16934784967e4cebadd83301c285763a/intermediate_file.tif""}], ""internal_resource"": ""FileMetadata"", ""original_filename"": [""intermediate_file.tif""], ""source_media_type"": [], ""date_of_digitization"": [], ""preservation_copy_of_id"": null, ""original_language_caption"": null}], ""service_targets"": [], ""cached_parent_id"": [{""id"": ""b7f6f438-4363-4003-8b74-779b5e31f210""}], ""processing_status"": [""processed""], ""optimistic_lock_token"": [{""token"": ""3"", ""adapter_id"": {""id"": ""746f06acf4d573bebd8c8a500b398589""}}]}",2026-09-29 20:55:44.152645,2026-09-30 13:41:25.824417,FileSet,4
618618f1-e187-448a-846a-be3a559d8131,"{""part"": [], ""side"": [], ""title"": [""00000007.tif""], ""barcode"": [], ""edit_users"": [], ""highlights"": [], ""member_ids"": [], ""read_users"": [], ""edit_groups"": [], ""read_groups"": [""public""], ""file_metadata"": [{""id"": {""id"": ""4c3d4fe2-ee24-4640-bf18-84b6f1ca311f""}, ""use"": [{""@id"": ""http://pcdm.org/use#OriginalFile""}], ""size"": [""53652262""], ""label"": [""00000007.tif""], ""width"": [""3395""], ""bounds"": [], ""height"": [""5262""], ""checksum"": [{""id"": null, ""md5"": ""ae3a81d8815271fed18aab5de05e2691"", ""sha1"": ""57410f1890bd81c681d97df4588462d27498c76d"", ""sha256"": ""2f1024c97ef2e95eaccf1317bb3b7373b83e17bbaba49b7cfbd3f41be7ddf074"", ""created_at"": null, ""new_record"": true, ""updated_at"": null, ""internal_resource"": ""MultiChecksum""}], ""duration"": [], ""geometry"": [], ""producer"": [], ""software"": [], ""mime_type"": [""image/tiff""], ""change_set"": null, ""created_at"": ""2026-09-29T20:55:29+00:00"", ""edit_users"": [], ""new_record"": true, ""page_count"": null, ""read_users"": [], ""updated_at"": ""2026-09-29T20:55:29+00:00"", ""edit_groups"": [], ""read_groups"": [], ""camera_model"": [], ""x_resolution"": [], ""y_resolution"": [], ""error_message"": [], ""bits_per_sample"": [], ""processing_note"": [], ""caption_language"": [], ""file_identifiers"": [{""id"": ""disk:///opt/repository/files/4c/3d/4f/4c3d4fe2ee244640bf1884b6f1ca311f/00000007.tif""}], ""internal_resource"": ""FileMetadata"", ""original_filename"": [""00000007.tif""], ""source_media_type"": [], ""date_of_digitization"": [], ""preservation_copy_of_id"": null, ""original_language_caption"": null}, {""id"": {""id"": ""376f5d7d-6759-4bd4-aa08-51c31dbe584d""}, ""use"": [{""@id"": ""http://pcdm.org/use#ServiceFile""}], ""size"": [], ""label"": [""intermediate_file.tif""], ""width"": [], ""bounds"": [], ""height"": [], ""checksum"": [], ""duration"": [], ""geometry"": [], ""producer"": [], ""software"": [], ""mime_type"": [""image/tiff""], ""change_set"": null, ""created_at"": ""2026-09-29T20:56:22+00:00"", ""edit_users"": [], ""new_record"": true, ""page_count"": null, ""read_users"": [], ""updated_at"": ""2026-09-29T20:56:22+00:00"", ""edit_groups"": [], ""read_groups"": [], ""camera_model"": [], ""x_resolution"": [], ""y_resolution"": [], ""error_message"": [], ""bits_per_sample"": [], ""processing_note"": [], ""caption_language"": [], ""file_identifiers"": [{""id"": ""pyramidal-derivatives-shrine://37/6f/5d/376f5d7d67594bd4aa0851c31dbe584d/intermediate_file.tif""}], ""internal_resource"": ""FileMetadata"", ""original_filename"": [""intermediate_file.tif""], ""source_media_type"": [], ""date_of_digitization"": [], ""preservation_copy_of_id"": null, ""original_language_caption"": null}], ""service_targets"": [], ""cached_parent_id"": [{""id"": ""b7f6f438-4363-4003-8b74-779b5e31f210""}], ""processing_status"": [""processed""], ""optimistic_lock_token"": [{""token"": ""3"", ""adapter_id"": {""id"": ""746f06acf4d573bebd8c8a500b398589""}}]}",2026-09-29 20:55:44.157439,2026-09-30 13:41:25.841119,FileSet,4
76f4211c-00dc-4bad-ac89-7b69140b4890,"{""part"": [], ""side"": [], ""title"": [""00000008.tif""], ""barcode"": [], ""edit_users"": [], ""highlights"": [], ""member_ids"": [], ""read_users"": [], ""edit_groups"": [], ""read_groups"": [""public""], ""file_metadata"": [{""id"": {""id"": ""437165bc-1068-4c8a-92b7-5c6682c2a459""}, ""use"": [{""@id"": ""http://pcdm.org/use#OriginalFile""}], ""size"": [""58366592""], ""label"": [""00000008.tif""], ""width"": [""3592""], ""bounds"": [], ""height"": [""5411""], ""checksum"": [{""id"": null, ""md5"": ""da35d94e54152c77277a5e6a72b833ef"", ""sha1"": ""4efacf57e9c4ece37a8bdfbea808f1030406467d"", ""sha256"": ""e799fe35b55e576c779b4d22bf6846c7fed273a822ee9cad87b1f39e6db2eb73"", ""created_at"": null, ""new_record"": true, ""updated_at"": null, ""internal_resource"": ""MultiChecksum""}], ""duration"": [], ""geometry"": [], ""producer"": [], ""software"": [], ""mime_type"": [""image/tiff""], ""change_set"": null, ""created_at"": ""2026-09-29T20:55:31+00:00"", ""edit_users"": [], ""new_record"": true, ""page_count"": null, ""read_users"": [], ""updated_at"": ""2026-09-29T20:55:31+00:00"", ""edit_groups"": [], ""read_groups"": [], ""camera_model"": [], ""x_resolution"": [], ""y_resolution"": [], ""error_message"": [], ""bits_per_sample"": [], ""processing_note"": [], ""caption_language"": [], ""file_identifiers"": [{""id"": ""disk:///opt/repository/files/43/71/65/437165bc10684c8a92b75c6682c2a459/00000008.tif""}], ""internal_resource"": ""FileMetadata"", ""original_filename"": [""00000008.tif""], ""source_media_type"": [], ""date_of_digitization"": [], ""preservation_copy_of_id"": null, ""original_language_caption"": null}, {""id"": {""id"": ""90576fd1-9f10-4b49-bdcc-eed2bc458a91""}, ""use"": [{""@id"": ""http://pcdm.org/use#ServiceFile""}], ""size"": [], ""label"": [""intermediate_file.tif""], ""width"": [], ""bounds"": [], ""height"": [], ""checksum"": [], ""duration"": [], ""geometry"": [], ""producer"": [], ""software"": [], ""mime_type"": [""image/tiff""], ""change_set"": null, ""created_at"": ""2026-09-29T20:56:28+00:00"", ""edit_users"": [], ""new_record"": true, ""page_count"": null, ""read_users"": [], ""updated_at"": ""2026-09-29T20:56:28+00:00"", ""edit_groups"": [], ""read_groups"": [], ""camera_model"": [], ""x_resolution"": [], ""y_resolution"": [], ""error_message"": [], ""bits_per_sample"": [], ""processing_note"": [], ""caption_language"": [], ""file_identifiers"": [{""id"": ""pyramidal-derivatives-shrine://90/57/6f/90576fd19f104b49bdcceed2bc458a91/intermediate_file.tif""}], ""internal_resource"": ""FileMetadata"", ""original_filename"": [""intermediate_file.tif""], ""source_media_type"": [], ""date_of_digitization"": [], ""preservation_copy_of_id"": null, ""original_language_caption"": null}], ""service_targets"": [], ""cached_parent_id"": [{""id"": ""b7f6f438-4363-4003-8b74-779b5e31f210""}], ""processing_status"": [""processed""], ""optimistic_lock_token"": [{""token"": ""3"", ""adapter_id"": {""id"": ""746f06acf4d573bebd8c8a500b398589""}}]}",2026-09-29 20:55:44.162602,2026-09-30 13:41:25.858093,FileSet,4
a866da23-0010-4710-b14c-dba8d49ec5ff,"{""part"": [], ""side"": [], ""title"": [""00000009.tif""], ""barcode"": [], ""edit_users"": [], ""highlights"": [], ""member_ids"": [], ""read_users"": [], ""edit_groups"": [], ""read_groups"": [""public""], ""file_metadata"": [{""id"": {""id"": ""4d9ae4b9-00ac-45f3-a128-78599ca57cb3""}, ""use"": [{""@id"": ""http://pcdm.org/use#OriginalFile""}], ""size"": [""53652262""], ""label"": [""00000009.tif""], ""width"": [""3395""], ""bounds"": [], ""height"": [""5262""], ""checksum"": [{""id"": null, ""md5"": ""f9792e21f13886576725774a5743418b"", ""sha1"": ""b7cca229e94ac38b292dff536d029b862314edbe"", ""sha256"": ""8190355cbb0561c8ee0c456e6d01309cf08132d9b01c16745643515d8098f3a7"", ""created_at"": null, ""new_record"": true, ""updated_at"": null, ""internal_resource"": ""MultiChecksum""}], ""duration"": [], ""geometry"": [], ""producer"": [], ""software"": [], ""mime_type"": [""image/tiff""], ""change_set"": null, ""created_at"": ""2026-09-29T20:55:33+00:00"", ""edit_users"": [], ""new_record"": true, ""page_count"": null, ""read_users"": [], ""updated_at"": ""2026-09-29T20:55:33+00:00"", ""edit_groups"": [], ""read_groups"": [], ""camera_model"": [], ""x_resolution"": [], ""y_resolution"": [], ""error_message"": [], ""bits_per_sample"": [], ""processing_note"": [], ""caption_language"": [], ""file_identifiers"": [{""id"": ""disk:///opt/repository/files/4d/9a/e4/4d9ae4b900ac45f3a12878599ca57cb3/00000009.tif""}], ""internal_resource"": ""FileMetadata"", ""original_filename"": [""00000009.tif""], ""source_media_type"": [], ""date_of_digitization"": [], ""preservation_copy_of_id"": null, ""original_language_caption"": null}, {""id"": {""id"": ""364a034b-64dc-47cc-9838-a36b40c53c71""}, ""use"": [{""@id"": ""http://pcdm.org/use#ServiceFile""}], ""size"": [], ""label"": [""intermediate_file.tif""], ""width"": [], ""bounds"": [], ""height"": [], ""checksum"": [], ""duration"": [], ""geometry"": [], ""producer"": [], ""software"": [], ""mime_type"": [""image/tiff""], ""change_set"": null, ""created_at"": ""2026-09-29T20:56:23+00:00"", ""edit_users"": [], ""new_record"": true, ""page_count"": null, ""read_users"": [], ""updated_at"": ""2026-09-29T20:56:23+00:00"", ""edit_groups"": [], ""read_groups"": [], ""camera_model"": [], ""x_resolution"": [], ""y_resolution"": [], ""error_message"": [], ""bits_per_sample"": [], ""processing_note"": [], ""caption_language"": [], ""file_identifiers"": [{""id"": ""pyramidal-derivatives-shrine://36/4a/03/364a034b64dc47cc9838a36b40c53c71/intermediate_file.tif""}], ""internal_resource"": ""FileMetadata"", ""original_filename"": [""intermediate_file.tif""], ""source_media_type"": [], ""date_of_digitization"": [], ""preservation_copy_of_id"": null, ""original_language_caption"": null}], ""service_targets"": [], ""cached_parent_id"": [{""id"": ""b7f6f438-4363-4003-8b74-779b5e31f210""}], ""processing_status"": [""processed""], ""optimistic_lock_token"": [{""token"": ""3"", ""adapter_id"": {""id"": ""746f06acf4d573bebd8c8a500b398589""}}]}",2026-09-29 20:55:44.167852,2026-09-30 13:41:25.874717,FileSet,4
9bd74bc0-240f-44cf-976e-68f48e859fc9,"{""part"": [], ""side"": [], ""title"": [""00000010.tif""], ""barcode"": [], ""edit_users"": [], ""highlights"": [], ""member_ids"": [], ""read_users"": [], ""edit_groups"": [], ""read_groups"": [""public""], ""file_metadata"": [{""id"": {""id"": ""e8d54e32-c537-4f8c-aafd-be6bb5e23623""}, ""use"": [{""@id"": ""http://pcdm.org/use#OriginalFile""}], ""size"": [""58366592""], ""label"": [""00000010.tif""], ""width"": [""3592""], ""bounds"": [], ""height"": [""5411""], ""checksum"": [{""id"": null, ""md5"": ""8b563ba2f3c947461ad48e984e9376ef"", ""sha1"": ""789f210eab69b59f16589d3f8e5577a4338b3875"", ""sha256"": ""f8c72c40a1ffc9e3f7f6ba4dda5ac64255c9de0425ce6a4658e5da1f07f14df6"", ""created_at"": null, ""new_record"": true, ""updated_at"": null, ""internal_resource"": ""MultiChecksum""}], ""duration"": [], ""geometry"": [], ""producer"": [], ""software"": [], ""mime_type"": [""image/tiff""], ""change_set"": null, ""created_at"": ""2026-09-29T20:55:40+00:00"", ""edit_users"": [], ""new_record"": true, ""page_count"": null, ""read_users"": [], ""updated_at"": ""2026-09-29T20:55:40+00:00"", ""edit_groups"": [], ""read_groups"": [], ""camera_model"": [], ""x_resolution"": [], ""y_resolution"": [], ""error_message"": [], ""bits_per_sample"": [], ""processing_note"": [], ""caption_language"": [], ""file_identifiers"": [{""id"": ""disk:///opt/repository/files/e8/d5/4e/e8d54e32c5374f8caafdbe6bb5e23623/00000010.tif""}], ""internal_resource"": ""FileMetadata"", ""original_filename"": [""00000010.tif""], ""source_media_type"": [], ""date_of_digitization"": [], ""preservation_copy_of_id"": null, ""original_language_caption"": null}, {""id"": {""id"": ""4977ab42-668e-43c8-b89b-e76dc2e285b3""}, ""use"": [{""@id"": ""http://pcdm.org/use#ServiceFile""}], ""size"": [], ""label"": [""intermediate_file.tif""], ""width"": [], ""bounds"": [], ""height"": [], ""checksum"": [], ""duration"": [], ""geometry"": [], ""producer"": [], ""software"": [], ""mime_type"": [""image/tiff""], ""change_set"": null, ""created_at"": ""2026-09-29T20:56:27+00:00"", ""edit_users"": [], ""new_record"": true, ""page_count"": null, ""read_users"": [], ""updated_at"": ""2026-09-29T20:56:27+00:00"", ""edit_groups"": [], ""read_groups"": [], ""camera_model"": [], ""x_resolution"": [], ""y_resolution"": [], ""error_message"": [], ""bits_per_sample"": [], ""processing_note"": [], ""caption_language"": [], ""file_identifiers"": [{""id"": ""pyramidal-derivatives-shrine://49/77/ab/4977ab42668e43c8b89be76dc2e285b3/intermediate_file.tif""}], ""internal_resource"": ""FileMetadata"", ""original_filename"": [""intermediate_file.tif""], ""source_media_type"": [], ""date_of_digitization"": [], ""preservation_copy_of_id"": null, ""original_language_caption"": null}], ""service_targets"": [], ""cached_parent_id"": [{""id"": ""b7f6f438-4363-4003-8b74-779b5e31f210""}], ""processing_status"": [""processed""], ""optimistic_lock_token"": [{""token"": ""3"", ""adapter_id"": {""id"": ""746f06acf4d573bebd8c8a500b398589""}}]}",2026-09-29 20:55:44.172447,2026-09-30 13:41:25.904276,FileSet,4
b90b3c79-cc0e-4934-bef0-fc873a35fdb0,"{""part"": [], ""side"": [], ""title"": [""00000011.tif""], ""barcode"": [], ""edit_users"": [], ""highlights"": [], ""member_ids"": [], ""read_users"": [], ""edit_groups"": [], ""read_groups"": [""public""], ""file_metadata"": [{""id"": {""id"": ""eb7786ad-9d33-4ebc-90b0-038cb6dee46e""}, ""use"": [{""@id"": ""http://pcdm.org/use#OriginalFile""}], ""size"": [""53652262""], ""label"": [""00000011.tif""], ""width"": [""3395""], ""bounds"": [], ""height"": [""5262""], ""checksum"": [{""id"": null, ""md5"": ""d900019d9c90009e65657651c3d8fa8f"", ""sha1"": ""6e399450cf62ca72c7d971b71dcd4f3f49b4104d"", ""sha256"": ""fe4ed8870a081386068be02951ec72178ac938ad3684e01cc22821efeebe1597"", ""created_at"": null, ""new_record"": true, ""updated_at"": null, ""internal_resource"": ""MultiChecksum""}], ""duration"": [], ""geometry"": [], ""producer"": [], ""software"": [], ""mime_type"": [""image/tiff""], ""change_set"": null, ""created_at"": ""2026-09-29T20:55:45+00:00"", ""edit_users"": [], ""new_record"": true, ""page_count"": null, ""read_users"": [], ""updated_at"": ""2026-09-29T20:55:45+00:00"", ""edit_groups"": [], ""read_groups"": [], ""camera_model"": [], ""x_resolution"": [], ""y_resolution"": [], ""error_message"": [], ""bits_per_sample"": [], ""processing_note"": [], ""caption_language"": [], ""file_identifiers"": [{""id"": ""disk:///opt/repository/files/eb/77/86/eb7786ad9d334ebc90b0038cb6dee46e/00000011.tif""}], ""internal_resource"": ""FileMetadata"", ""original_filename"": [""00000011.tif""], ""source_media_type"": [], ""date_of_digitization"": [], ""preservation_copy_of_id"": null, ""original_language_caption"": null}, {""id"": {""id"": ""0b2787e7-0dd5-4b12-a34e-7ad8a8a90c33""}, ""use"": [{""@id"": ""http://pcdm.org/use#ServiceFile""}], ""size"": [], ""label"": [""intermediate_file.tif""], ""width"": [], ""bounds"": [], ""height"": [], ""checksum"": [], ""duration"": [], ""geometry"": [], ""producer"": [], ""software"": [], ""mime_type"": [""image/tiff""], ""change_set"": null, ""created_at"": ""2026-09-29T20:57:52+00:00"", ""edit_users"": [], ""new_record"": true, ""page_count"": null, ""read_users"": [], ""updated_at"": ""2026-09-29T20:57:52+00:00"", ""edit_groups"": [], ""read_groups"": [], ""camera_model"": [], ""x_resolution"": [], ""y_resolution"": [], ""error_message"": [], ""bits_per_sample"": [], ""processing_note"": [], ""caption_language"": [], ""file_identifiers"": [{""id"": ""pyramidal-derivatives-shrine://0b/27/87/0b2787e70dd54b12a34e7ad8a8a90c33/intermediate_file.tif""}], ""internal_resource"": ""FileMetadata"", ""original_filename"": [""intermediate_file.tif""], ""source_media_type"": [], ""date_of_digitization"": [], ""preservation_copy_of_id"": null, ""original_language_caption"": null}], ""service_targets"": [], ""cached_parent_id"": [{""id"": ""b7f6f438-4363-4003-8b74-779b5e31f210""}], ""processing_status"": [""processed""], ""optimistic_lock_token"": [{""token"": ""3"", ""adapter_id"": {""id"": ""746f06acf4d573bebd8c8a500b398589""}}]}",2026-09-29 20:56:12.777366,2026-09-30 13:41:25.926127,FileSet,4
198ec795-3a7b-4f09-b35e-567ab7da35c4,"{""part"": [], ""side"": [], ""title"": [""00000012.tif""], ""barcode"": [], ""edit_users"": [], ""highlights"": [], ""member_ids"": [], ""read_users"": [], ""edit_groups"": [], ""read_groups"": [""public""], ""file_metadata"": [{""id"": {""id"": ""810c74ad-9db9-42e9-9a9c-8bb95b5cf5d6""}, ""use"": [{""@id"": ""http://pcdm.org/use#OriginalFile""}], ""size"": [""58366592""], ""label"": [""00000012.tif""], ""width"": [""3592""], ""bounds"": [], ""height"": [""5411""], ""checksum"": [{""id"": null, ""md5"": ""ddd1403aa414d41f6b34cc4b89832093"", ""sha1"": ""7b4dc6f96d8166801b0fd3531602a5bc6358fb5a"", ""sha256"": ""d77f5dfc57ebcdaa41703e59cdd359566659969527440352b553e59ede912fc9"", ""created_at"": null, ""new_record"": true, ""updated_at"": null, ""internal_resource"": ""MultiChecksum""}], ""duration"": [], ""geometry"": [], ""producer"": [], ""software"": [], ""mime_type"": [""image/tiff""], ""change_set"": null, ""created_at"": ""2026-09-29T20:55:47+00:00"", ""edit_users"": [], ""new_record"": true, ""page_count"": null, ""read_users"": [], ""updated_at"": ""2026-09-29T20:55:47+00:00"", ""edit_groups"": [], ""read_groups"": [], ""camera_model"": [], ""x_resolution"": [], ""y_resolution"": [], ""error_message"": [], ""bits_per_sample"": [], ""processing_note"": [], ""caption_language"": [], ""file_identifiers"": [{""id"": ""disk:///opt/repository/files/81/0c/74/810c74ad9db942e99a9c8bb95b5cf5d6/00000012.tif""}], ""internal_resource"": ""FileMetadata"", ""original_filename"": [""00000012.tif""], ""source_media_type"": [], ""date_of_digitization"": [], ""preservation_copy_of_id"": null, ""original_language_caption"": null}, {""id"": {""id"": ""22b09769-bfd7-46fc-8924-399b510ec8ea""}, ""use"": [{""@id"": ""http://pcdm.org/use#ServiceFile""}], ""size"": [], ""label"": [""intermediate_file.tif""], ""width"": [], ""bounds"": [], ""height"": [], ""checksum"": [], ""duration"": [], ""geometry"": [], ""producer"": [], ""software"": [], ""mime_type"": [""image/tiff""], ""change_set"": null, ""created_at"": ""2026-09-29T20:58:01+00:00"", ""edit_users"": [], ""new_record"": true, ""page_count"": null, ""read_users"": [], ""updated_at"": ""2026-09-29T20:58:01+00:00"", ""edit_groups"": [], ""read_groups"": [], ""camera_model"": [], ""x_resolution"": [], ""y_resolution"": [], ""error_message"": [], ""bits_per_sample"": [], ""processing_note"": [], ""caption_language"": [], ""file_identifiers"": [{""id"": ""pyramidal-derivatives-shrine://22/b0/97/22b09769bfd746fc8924399b510ec8ea/intermediate_file.tif""}], ""internal_resource"": ""FileMetadata"", ""original_filename"": [""intermediate_file.tif""], ""source_media_type"": [], ""date_of_digitization"": [], ""preservation_copy_of_id"": null, ""original_language_caption"": null}], ""service_targets"": [], ""cached_parent_id"": [{""id"": ""b7f6f438-4363-4003-8b74-779b5e31f210""}], ""processing_status"": [""processed""], ""optimistic_lock_token"": [{""token"": ""3"", ""adapter_id"": {""id"": ""746f06acf4d573bebd8c8a500b398589""}}]}",2026-09-29 20:56:12.784629,2026-09-30 13:41:25.952495,FileSet,4
4243e0a5-e79b-433b-9164-b33b4f4b8a71,"{""part"": [], ""side"": [], ""title"": [""00000013.tif""], ""barcode"": [], ""edit_users"": [], ""highlights"": [], ""member_ids"": [], ""read_users"": [], ""edit_groups"": [], ""read_groups"": [""public""], ""file_metadata"": [{""id"": {""id"": ""216130e2-a396-4d1d-8d0e-24e0c62ea512""}, ""use"": [{""@id"": ""http://pcdm.org/use#OriginalFile""}], ""size"": [""53652262""], ""label"": [""00000013.tif""], ""width"": [""3395""], ""bounds"": [], ""height"": [""5262""], ""checksum"": [{""id"": null, ""md5"": ""42f26b1e6e64ad3ec42668ba60e53f8a"", ""sha1"": ""05a7960bf8664d0d3e0cf62be184a9ea0c1d36c9"", ""sha256"": ""24375fddf7c0c9763fef9e38dea60ec22242ecaf7f378a2ca7edd8cb9201fa63"", ""created_at"": null, ""new_record"": true, ""updated_at"": null, ""internal_resource"": ""MultiChecksum""}], ""duration"": [], ""geometry"": [], ""producer"": [], ""software"": [], ""mime_type"": [""image/tiff""], ""change_set"": null, ""created_at"": ""2026-09-29T20:55:49+00:00"", ""edit_users"": [], ""new_record"": true, ""page_count"": null, ""read_users"": [], ""updated_at"": ""2026-09-29T20:55:49+00:00"", ""edit_groups"": [], ""read_groups"": [], ""camera_model"": [], ""x_resolution"": [], ""y_resolution"": [], ""error_message"": [], ""bits_per_sample"": [], ""processing_note"": [], ""caption_language"": [], ""file_identifiers"": [{""id"": ""disk:///opt/repository/files/21/61/30/216130e2a3964d1d8d0e24e0c62ea512/00000013.tif""}], ""internal_resource"": ""FileMetadata"", ""original_filename"": [""00000013.tif""], ""source_media_type"": [], ""date_of_digitization"": [], ""preservation_copy_of_id"": null, ""original_language_caption"": null}, {""id"": {""id"": ""25bc472d-5aac-4396-9a80-3f2d2c1a7146""}, ""use"": [{""@id"": ""http://pcdm.org/use#ServiceFile""}], ""size"": [], ""label"": [""intermediate_file.tif""], ""width"": [], ""bounds"": [], ""height"": [], ""checksum"": [], ""duration"": [], ""geometry"": [], ""producer"": [], ""software"": [], ""mime_type"": [""image/tiff""], ""change_set"": null, ""created_at"": ""2026-09-29T20:57:52+00:00"", ""edit_users"": [], ""new_record"": true, ""page_count"": null, ""read_users"": [], ""updated_at"": ""2026-09-29T20:57:52+00:00"", ""edit_groups"": [], ""read_groups"": [], ""camera_model"": [], ""x_resolution"": [], ""y_resolution"": [], ""error_message"": [], ""bits_per_sample"": [], ""processing_note"": [], ""caption_language"": [], ""file_identifiers"": [{""id"": ""pyramidal-derivatives-shrine://25/bc/47/25bc472d5aac43969a803f2d2c1a7146/intermediate_file.tif""}], ""internal_resource"": ""FileMetadata"", ""original_filename"": [""intermediate_file.tif""], ""source_media_type"": [], ""date_of_digitization"": [], ""preservation_copy_of_id"": null, ""original_language_caption"": null}], ""service_targets"": [], ""cached_parent_id"": [{""id"": ""b7f6f438-4363-4003-8b74-779b5e31f210""}], ""processing_status"": [""processed""], ""optimistic_lock_token"": [{""token"": ""3"", ""adapter_id"": {""id"": ""746f06acf4d573bebd8c8a500b398589""}}]}",2026-09-29 20:56:12.79123,2026-09-30 13:41:25.978474,FileSet,4
7740efdc-adac-426a-920d-9b261085d6c9,"{""part"": [], ""side"": [], ""title"": [""00000014.tif""], ""barcode"": [], ""edit_users"": [], ""highlights"": [], ""member_ids"": [], ""read_users"": [], ""edit_groups"": [], ""read_groups"": [""public""], ""file_metadata"": [{""id"": {""id"": ""dcf69dc2-824f-421e-8744-6978ac2018a2""}, ""use"": [{""@id"": ""http://pcdm.org/use#OriginalFile""}], ""size"": [""58366592""], ""label"": [""00000014.tif""], ""width"": [""3592""], ""bounds"": [], ""height"": [""5411""], ""checksum"": [{""id"": null, ""md5"": ""b27454ffed39cbf6cb97cf31d246eabb"", ""sha1"": ""a413ebfac26f7f63cf9999e9d9485cb9342c511e"", ""sha256"": ""e8a292c31de64df9bbb1e352ba3a33a95f50b73d07fb9e2e52bc7a8d497aabec"", ""created_at"": null, ""new_record"": true, ""updated_at"": null, ""internal_resource"": ""MultiChecksum""}], ""duration"": [], ""geometry"": [], ""producer"": [], ""software"": [], ""mime_type"": [""image/tiff""], ""change_set"": null, ""created_at"": ""2026-09-29T20:55:52+00:00"", ""edit_users"": [], ""new_record"": true, ""page_count"": null, ""read_users"": [], ""updated_at"": ""2026-09-29T20:55:52+00:00"", ""edit_groups"": [], ""read_groups"": [], ""camera_model"": [], ""x_resolution"": [], ""y_resolution"": [], ""error_message"": [], ""bits_per_sample"": [], ""processing_note"": [], ""caption_language"": [], ""file_identifiers"": [{""id"": ""disk:///opt/repository/files/dc/f6/9d/dcf69dc2824f421e87446978ac2018a2/00000014.tif""}], ""internal_resource"": ""FileMetadata"", ""original_filename"": [""00000014.tif""], ""source_media_type"": [], ""date_of_digitization"": [], ""preservation_copy_of_id"": null, ""original_language_caption"": null}, {""id"": {""id"": ""327fe9f0-4fbb-4c92-875d-7d7a59c74b52""}, ""use"": [{""@id"": ""http://pcdm.org/use#ServiceFile""}], ""size"": [], ""label"": [""intermediate_file.tif""], ""width"": [], ""bounds"": [], ""height"": [], ""checksum"": [], ""duration"": [], ""geometry"": [], ""producer"": [], ""software"": [], ""mime_type"": [""image/tiff""], ""change_set"": null, ""created_at"": ""2026-09-29T20:58:01+00:00"", ""edit_users"": [], ""new_record"": true, ""page_count"": null, ""read_users"": [], ""updated_at"": ""2026-09-29T20:58:01+00:00"", ""edit_groups"": [], ""read_groups"": [], ""camera_model"": [], ""x_resolution"": [], ""y_resolution"": [], ""error_message"": [], ""bits_per_sample"": [], ""processing_note"": [], ""caption_language"": [], ""file_identifiers"": [{""id"": ""pyramidal-derivatives-shrine://32/7f/e9/327fe9f04fbb4c92875d7d7a59c74b52/intermediate_file.tif""}], ""internal_resource"": ""FileMetadata"", ""original_filename"": [""intermediate_file.tif""], ""source_media_type"": [], ""date_of_digitization"": [], ""preservation_copy_of_id"": null, ""original_language_caption"": null}], ""service_targets"": [], ""cached_parent_id"": [{""id"": ""b7f6f438-4363-4003-8b74-779b5e31f210""}], ""processing_status"": [""processed""], ""optimistic_lock_token"": [{""token"": ""3"", ""adapter_id"": {""id"": ""746f06acf4d573bebd8c8a500b398589""}}]}",2026-09-29 20:56:12.796151,2026-09-30 13:41:26.000297,FileSet,4
b8c3ef5a-95c7-4072-9cf1-834f4e282194,"{""part"": [], ""side"": [], ""title"": [""00000015.tif""], ""barcode"": [], ""edit_users"": [], ""highlights"": [], ""member_ids"": [], ""read_users"": [], ""edit_groups"": [], ""read_groups"": [""public""], ""file_metadata"": [{""id"": {""id"": ""3b83d797-95fa-4bd7-8208-666415dea6b2""}, ""use"": [{""@id"": ""http://pcdm.org/use#OriginalFile""}], ""size"": [""53652262""], ""label"": [""00000015.tif""], ""width"": [""3395""], ""bounds"": [], ""height"": [""5262""], ""checksum"": [{""id"": null, ""md5"": ""a195807b1d2228ef1e3e47cfc84a8553"", ""sha1"": ""771b0cfcd9b40648e8c5a5a5808962eb1a876b10"", ""sha256"": ""77e503e88fe482bb4a279fc397c9c41057e9a0bf0babefaf5a504d2a95f3d23f"", ""created_at"": null, ""new_record"": true, ""updated_at"": null, ""internal_resource"": ""MultiChecksum""}], ""duration"": [], ""geometry"": [], ""producer"": [], ""software"": [], ""mime_type"": [""image/tiff""], ""change_set"": null, ""created_at"": ""2026-09-29T20:55:54+00:00"", ""edit_users"": [], ""new_record"": true, ""page_count"": null, ""read_users"": [], ""updated_at"": ""2026-09-29T20:55:54+00:00"", ""edit_groups"": [], ""read_groups"": [], ""camera_model"": [], ""x_resolution"": [], ""y_resolution"": [], ""error_message"": [], ""bits_per_sample"": [], ""processing_note"": [], ""caption_language"": [], ""file_identifiers"": [{""id"": ""disk:///opt/repository/files/3b/83/d7/3b83d79795fa4bd78208666415dea6b2/00000015.tif""}], ""internal_resource"": ""FileMetadata"", ""original_filename"": [""00000015.tif""], ""source_media_type"": [], ""date_of_digitization"": [], ""preservation_copy_of_id"": null, ""original_language_caption"": null}, {""id"": {""id"": ""984714c6-73f6-4f44-ba6c-020032b4b9b3""}, ""use"": [{""@id"": ""http://pcdm.org/use#ServiceFile""}], ""size"": [], ""label"": [""intermediate_file.tif""], ""width"": [], ""bounds"": [], ""height"": [], ""checksum"": [], ""duration"": [], ""geometry"": [], ""producer"": [], ""software"": [], ""mime_type"": [""image/tiff""], ""change_set"": null, ""created_at"": ""2026-09-29T20:57:53+00:00"", ""edit_users"": [], ""new_record"": true, ""page_count"": null, ""read_users"": [], ""updated_at"": ""2026-09-29T20:57:53+00:00"", ""edit_groups"": [], ""read_groups"": [], ""camera_model"": [], ""x_resolution"": [], ""y_resolution"": [], ""error_message"": [], ""bits_per_sample"": [], ""processing_note"": [], ""caption_language"": [], ""file_identifiers"": [{""id"": ""pyramidal-derivatives-shrine://98/47/14/984714c673f64f44ba6c020032b4b9b3/intermediate_file.tif""}], ""internal_resource"": ""FileMetadata"", ""original_filename"": [""intermediate_file.tif""], ""source_media_type"": [], ""date_of_digitization"": [], ""preservation_copy_of_id"": null, ""original_language_caption"": null}], ""service_targets"": [], ""cached_parent_id"": [{""id"": ""b7f6f438-4363-4003-8b74-779b5e31f210""}], ""processing_status"": [""processed""], ""optimistic_lock_token"": [{""token"": ""3"", ""adapter_id"": {""id"": ""746f06acf4d573bebd8c8a500b398589""}}]}",2026-09-29 20:56:12.801295,2026-09-30 13:41:26.017537,FileSet,4
c236fea1-c772-4272-96b9-b10ed170ad45,"{""part"": [], ""side"": [], ""title"": [""00000016.tif""], ""barcode"": [], ""edit_users"": [], ""highlights"": [], ""member_ids"": [], ""read_users"": [], ""edit_groups"": [], ""read_groups"": [""public""], ""file_metadata"": [{""id"": {""id"": ""c656b557-2efd-4475-97e1-61f0d2dd7cfb""}, ""use"": [{""@id"": ""http://pcdm.org/use#OriginalFile""}], ""size"": [""58366592""], ""label"": [""00000016.tif""], ""width"": [""3592""], ""bounds"": [], ""height"": [""5411""], ""checksum"": [{""id"": null, ""md5"": ""2c4fdbb17fb8d8826f315988ec042bf4"", ""sha1"": ""77254976eea8c33e5a0f8c7c7b384925db83323b"", ""sha256"": ""4d9b71ed76d6a53e9ddf2fa2115986ac748f9b03a9840bf782b77f6142adbb15"", ""created_at"": null, ""new_record"": true, ""updated_at"": null, ""internal_resource"": ""MultiChecksum""}], ""duration"": [], ""geometry"": [], ""producer"": [], ""software"": [], ""mime_type"": [""image/tiff""], ""change_set"": null, ""created_at"": ""2026-09-29T20:55:58+00:00"", ""edit_users"": [], ""new_record"": true, ""page_count"": null, ""read_users"": [], ""updated_at"": ""2026-09-29T20:55:58+00:00"", ""edit_groups"": [], ""read_groups"": [], ""camera_model"": [], ""x_resolution"": [], ""y_resolution"": [], ""error_message"": [], ""bits_per_sample"": [], ""processing_note"": [], ""caption_language"": [], ""file_identifiers"": [{""id"": ""disk:///opt/repository/files/c6/56/b5/c656b5572efd447597e161f0d2dd7cfb/00000016.tif""}], ""internal_resource"": ""FileMetadata"", ""original_filename"": [""00000016.tif""], ""source_media_type"": [], ""date_of_digitization"": [], ""preservation_copy_of_id"": null, ""original_language_caption"": null}, {""id"": {""id"": ""816b4ffc-2787-41b3-918f-0fbf5f852463""}, ""use"": [{""@id"": ""http://pcdm.org/use#ServiceFile""}], ""size"": [], ""label"": [""intermediate_file.tif""], ""width"": [], ""bounds"": [], ""height"": [], ""checksum"": [], ""duration"": [], ""geometry"": [], ""producer"": [], ""software"": [], ""mime_type"": [""image/tiff""], ""change_set"": null, ""created_at"": ""2026-09-29T20:58:02+00:00"", ""edit_users"": [], ""new_record"": true, ""page_count"": null, ""read_users"": [], ""updated_at"": ""2026-09-29T20:58:02+00:00"", ""edit_groups"": [], ""read_groups"": [], ""camera_model"": [], ""x_resolution"": [], ""y_resolution"": [], ""error_message"": [], ""bits_per_sample"": [], ""processing_note"": [], ""caption_language"": [], ""file_identifiers"": [{""id"": ""pyramidal-derivatives-shrine://81/6b/4f/816b4ffc278741b3918f0fbf5f852463/intermediate_file.tif""}], ""internal_resource"": ""FileMetadata"", ""original_filename"": [""intermediate_file.tif""], ""source_media_type"": [], ""date_of_digitization"": [], ""preservation_copy_of_id"": null, ""original_language_caption"": null}], ""service_targets"": [], ""cached_parent_id"": [{""id"": ""b7f6f438-4363-4003-8b74-779b5e31f210""}], ""processing_status"": [""processed""], ""optimistic_lock_token"": [{""token"": ""3"", ""adapter_id"": {""id"": ""746f06acf4d573bebd8c8a500b398589""}}]}",2026-09-29 20:56:12.805737,2026-09-30 13:41:26.034973,FileSet,4
eabcde33-01aa-4380-9476-8ab4b644f894,"{""part"": [], ""side"": [], ""title"": [""00000017.tif""], ""barcode"": [], ""edit_users"": [], ""highlights"": [], ""member_ids"": [], ""read_users"": [], ""edit_groups"": [], ""read_groups"": [""public""], ""file_metadata"": [{""id"": {""id"": ""a3016d9f-ad34-41a6-9307-83ec7f356486""}, ""use"": [{""@id"": ""http://pcdm.org/use#OriginalFile""}], ""size"": [""53652262""], ""label"": [""00000017.tif""], ""width"": [""3395""], ""bounds"": [], ""height"": [""5262""], ""checksum"": [{""id"": null, ""md5"": ""156712f63d89112c1eec41dcea6361dc"", ""sha1"": ""02ac6b44fb068deceb11fa7264aea6312f8dd653"", ""sha256"": ""247b99e896c4676d091d007972a6135c41530fddcd90fdd1f8155291c7f3d854"", ""created_at"": null, ""new_record"": true, ""updated_at"": null, ""internal_resource"": ""MultiChecksum""}], ""duration"": [], ""geometry"": [], ""producer"": [], ""software"": [], ""mime_type"": [""image/tiff""], ""change_set"": null, ""created_at"": ""2026-09-29T20:56:00+00:00"", ""edit_users"": [], ""new_record"": true, ""page_count"": null, ""read_users"": [], ""updated_at"": ""2026-09-29T20:56:00+00:00"", ""edit_groups"": [], ""read_groups"": [], ""camera_model"": [], ""x_resolution"": [], ""y_resolution"": [], ""error_message"": [], ""bits_per_sample"": [], ""processing_note"": [], ""caption_language"": [], ""file_identifiers"": [{""id"": ""disk:///opt/repository/files/a3/01/6d/a3016d9fad3441a6930783ec7f356486/00000017.tif""}], ""internal_resource"": ""FileMetadata"", ""original_filename"": [""00000017.tif""], ""source_media_type"": [], ""date_of_digitization"": [], ""preservation_copy_of_id"": null, ""original_language_caption"": null}, {""id"": {""id"": ""4ef24f95-78a8-488b-9f63-979a28773bea""}, ""use"": [{""@id"": ""http://pcdm.org/use#ServiceFile""}], ""size"": [], ""label"": [""intermediate_file.tif""], ""width"": [], ""bounds"": [], ""height"": [], ""checksum"": [], ""duration"": [], ""geometry"": [], ""producer"": [], ""software"": [], ""mime_type"": [""image/tiff""], ""change_set"": null, ""created_at"": ""2026-09-29T20:57:54+00:00"", ""edit_users"": [], ""new_record"": true, ""page_count"": null, ""read_users"": [], ""updated_at"": ""2026-09-29T20:57:54+00:00"", ""edit_groups"": [], ""read_groups"": [], ""camera_model"": [], ""x_resolution"": [], ""y_resolution"": [], ""error_message"": [], ""bits_per_sample"": [], ""processing_note"": [], ""caption_language"": [], ""file_identifiers"": [{""id"": ""pyramidal-derivatives-shrine://4e/f2/4f/4ef24f9578a8488b9f63979a28773bea/intermediate_file.tif""}], ""internal_resource"": ""FileMetadata"", ""original_filename"": [""intermediate_file.tif""], ""source_media_type"": [], ""date_of_digitization"": [], ""preservation_copy_of_id"": null, ""original_language_caption"": null}], ""service_targets"": [], ""cached_parent_id"": [{""id"": ""b7f6f438-4363-4003-8b74-779b5e31f210""}], ""processing_status"": [""processed""], ""optimistic_lock_token"": [{""token"": ""3"", ""adapter_id"": {""id"": ""746f06acf4d573bebd8c8a500b398589""}}]}",2026-09-29 20:56:12.811385,2026-09-30 13:41:26.070524,FileSet,4
a9fabf5f-3a8d-46b4-9248-540cf7de4bcc,"{""part"": [], ""side"": [], ""title"": [""00000018.tif""], ""barcode"": [], ""edit_users"": [], ""highlights"": [], ""member_ids"": [], ""read_users"": [], ""edit_groups"": [], ""read_groups"": [""public""], ""file_metadata"": [{""id"": {""id"": ""56bdc96d-4488-4916-8b76-a9e8cba7fa24""}, ""use"": [{""@id"": ""http://pcdm.org/use#OriginalFile""}], ""size"": [""58366592""], ""label"": [""00000018.tif""], ""width"": [""3592""], ""bounds"": [], ""height"": [""5411""], ""checksum"": [{""id"": null, ""md5"": ""b5e128ada6679b8aa74f9713865b3b1a"", ""sha1"": ""092021f887408622e6c05a031d9f153760e4dc5d"", ""sha256"": ""b6d108ab09fed372e01c91f7995b01aa1da5953bb2ff177c225c39cf5386d408"", ""created_at"": null, ""new_record"": true, ""updated_at"": null, ""internal_resource"": ""MultiChecksum""}], ""duration"": [], ""geometry"": [], ""producer"": [], ""software"": [], ""mime_type"": [""image/tiff""], ""change_set"": null, ""created_at"": ""2026-09-29T20:56:05+00:00"", ""edit_users"": [], ""new_record"": true, ""page_count"": null, ""read_users"": [], ""updated_at"": ""2026-09-29T20:56:05+00:00"", ""edit_groups"": [], ""read_groups"": [], ""camera_model"": [], ""x_resolution"": [], ""y_resolution"": [], ""error_message"": [], ""bits_per_sample"": [], ""processing_note"": [], ""caption_language"": [], ""file_identifiers"": [{""id"": ""disk:///opt/repository/files/56/bd/c9/56bdc96d448849168b76a9e8cba7fa24/00000018.tif""}], ""internal_resource"": ""FileMetadata"", ""original_filename"": [""00000018.tif""], ""source_media_type"": [], ""date_of_digitization"": [], ""preservation_copy_of_id"": null, ""original_language_caption"": null}, {""id"": {""id"": ""ec8f5137-9684-4ca0-96ba-e44dacce88cf""}, ""use"": [{""@id"": ""http://pcdm.org/use#ServiceFile""}], ""size"": [], ""label"": [""intermediate_file.tif""], ""width"": [], ""bounds"": [], ""height"": [], ""checksum"": [], ""duration"": [], ""geometry"": [], ""producer"": [], ""software"": [], ""mime_type"": [""image/tiff""], ""change_set"": null, ""created_at"": ""2026-09-29T20:58:02+00:00"", ""edit_users"": [], ""new_record"": true, ""page_count"": null, ""read_users"": [], ""updated_at"": ""2026-09-29T20:58:02+00:00"", ""edit_groups"": [], ""read_groups"": [], ""camera_model"": [], ""x_resolution"": [], ""y_resolution"": [], ""error_message"": [], ""bits_per_sample"": [], ""processing_note"": [], ""caption_language"": [], ""file_identifiers"": [{""id"": ""pyramidal-derivatives-shrine://ec/8f/51/ec8f513796844ca096bae44dacce88cf/intermediate_file.tif""}], ""internal_resource"": ""FileMetadata"", ""original_filename"": [""intermediate_file.tif""], ""source_media_type"": [], ""date_of_digitization"": [], ""preservation_copy_of_id"": null, ""original_language_caption"": null}], ""service_targets"": [], ""cached_parent_id"": [{""id"": ""b7f6f438-4363-4003-8b74-779b5e31f210""}], ""processing_status"": [""processed""], ""optimistic_lock_token"": [{""token"": ""3"", ""adapter_id"": {""id"": ""746f06acf4d573bebd8c8a500b398589""}}]}",2026-09-29 20:56:12.816583,2026-09-30 13:41:26.096027,FileSet,4
caccb368-18a9-4522-9609-1fcf4a00a8bd,"{""part"": [], ""side"": [], ""title"": [""00000019.tif""], ""barcode"": [], ""edit_users"": [], ""highlights"": [], ""member_ids"": [], ""read_users"": [], ""edit_groups"": [], ""read_groups"": [""public""], ""file_metadata"": [{""id"": {""id"": ""8ef4bbee-e25a-4920-8418-d0027e312518""}, ""use"": [{""@id"": ""http://pcdm.org/use#OriginalFile""}], ""size"": [""53652262""], ""label"": [""00000019.tif""], ""width"": [""3395""], ""bounds"": [], ""height"": [""5262""], ""checksum"": [{""id"": null, ""md5"": ""2278ffc11580db8805da8488b34177e0"", ""sha1"": ""d9eaff21d4fbbe34f299d4b4b3ba4703e6a6823c"", ""sha256"": ""1933f5dfce90046f7f6fc3f3180f0587bf3de301741baf6edba5b6d5b72a141b"", ""created_at"": null, ""new_record"": true, ""updated_at"": null, ""internal_resource"": ""MultiChecksum""}], ""duration"": [], ""geometry"": [], ""producer"": [], ""software"": [], ""mime_type"": [""image/tiff""], ""change_set"": null, ""created_at"": ""2026-09-29T20:56:07+00:00"", ""edit_users"": [], ""new_record"": true, ""page_count"": null, ""read_users"": [], ""updated_at"": ""2026-09-29T20:56:07+00:00"", ""edit_groups"": [], ""read_groups"": [], ""camera_model"": [], ""x_resolution"": [], ""y_resolution"": [], ""error_message"": [], ""bits_per_sample"": [], ""processing_note"": [], ""caption_language"": [], ""file_identifiers"": [{""id"": ""disk:///opt/repository/files/8e/f4/bb/8ef4bbeee25a49208418d0027e312518/00000019.tif""}], ""internal_resource"": ""FileMetadata"", ""original_filename"": [""00000019.tif""], ""source_media_type"": [], ""date_of_digitization"": [], ""preservation_copy_of_id"": null, ""original_language_caption"": null}, {""id"": {""id"": ""6810d9f5-86ea-464a-8df1-6d63b47c5ef0""}, ""use"": [{""@id"": ""http://pcdm.org/use#ServiceFile""}], ""size"": [], ""label"": [""intermediate_file.tif""], ""width"": [], ""bounds"": [], ""height"": [], ""checksum"": [], ""duration"": [], ""geometry"": [], ""producer"": [], ""software"": [], ""mime_type"": [""image/tiff""], ""change_set"": null, ""created_at"": ""2026-09-29T20:57:54+00:00"", ""edit_users"": [], ""new_record"": true, ""page_count"": null, ""read_users"": [], ""updated_at"": ""2026-09-29T20:57:54+00:00"", ""edit_groups"": [], ""read_groups"": [], ""camera_model"": [], ""x_resolution"": [], ""y_resolution"": [], ""error_message"": [], ""bits_per_sample"": [], ""processing_note"": [], ""caption_language"": [], ""file_identifiers"": [{""id"": ""pyramidal-derivatives-shrine://68/10/d9/6810d9f586ea464a8df16d63b47c5ef0/intermediate_file.tif""}], ""internal_resource"": ""FileMetadata"", ""original_filename"": [""intermediate_file.tif""], ""source_media_type"": [], ""date_of_digitization"": [], ""preservation_copy_of_id"": null, ""original_language_caption"": null}], ""service_targets"": [], ""cached_parent_id"": [{""id"": ""b7f6f438-4363-4003-8b74-779b5e31f210""}], ""processing_status"": [""processed""], ""optimistic_lock_token"": [{""token"": ""3"", ""adapter_id"": {""id"": ""746f06acf4d573bebd8c8a500b398589""}}]}",2026-09-29 20:56:12.823516,2026-09-30 13:41:26.122211,FileSet,4
aaac71ee-c38e-4ee4-90f1-3f2ff6ee594f,"{""part"": [], ""side"": [], ""title"": [""00000020.tif""], ""barcode"": [], ""edit_users"": [], ""highlights"": [], ""member_ids"": [], ""read_users"": [], ""edit_groups"": [], ""read_groups"": [""public""], ""file_metadata"": [{""id"": {""id"": ""3f1aa00f-42a0-4476-95b4-59d71acead0e""}, ""use"": [{""@id"": ""http://pcdm.org/use#OriginalFile""}], ""size"": [""58366592""], ""label"": [""00000020.tif""], ""width"": [""3592""], ""bounds"": [], ""height"": [""5411""], ""checksum"": [{""id"": null, ""md5"": ""59e32c0d7a2f8bf42098a4d75978b80f"", ""sha1"": ""b3d7ee180ac49829e46540c9a81b4d80dfcad16f"", ""sha256"": ""9ba3aef5db7ec060c6627bc9fe47761e02ca9330e40416ba7e6f4ab299545bea"", ""created_at"": null, ""new_record"": true, ""updated_at"": null, ""internal_resource"": ""MultiChecksum""}], ""duration"": [], ""geometry"": [], ""producer"": [], ""software"": [], ""mime_type"": [""image/tiff""], ""change_set"": null, ""created_at"": ""2026-09-29T20:56:11+00:00"", ""edit_users"": [], ""new_record"": true, ""page_count"": null, ""read_users"": [], ""updated_at"": ""2026-09-29T20:56:11+00:00"", ""edit_groups"": [], ""read_groups"": [], ""camera_model"": [], ""x_resolution"": [], ""y_resolution"": [], ""error_message"": [], ""bits_per_sample"": [], ""processing_note"": [], ""caption_language"": [], ""file_identifiers"": [{""id"": ""disk:///opt/repository/files/3f/1a/a0/3f1aa00f42a0447695b459d71acead0e/00000020.tif""}], ""internal_resource"": ""FileMetadata"", ""original_filename"": [""00000020.tif""], ""source_media_type"": [], ""date_of_digitization"": [], ""preservation_copy_of_id"": null, ""original_language_caption"": null}, {""id"": {""id"": ""efe4d8da-2dab-4a1e-940b-990ca3d4553e""}, ""use"": [{""@id"": ""http://pcdm.org/use#ServiceFile""}], ""size"": [], ""label"": [""intermediate_file.tif""], ""width"": [], ""bounds"": [], ""height"": [], ""checksum"": [], ""duration"": [], ""geometry"": [], ""producer"": [], ""software"": [], ""mime_type"": [""image/tiff""], ""change_set"": null, ""created_at"": ""2026-09-29T20:57:56+00:00"", ""edit_users"": [], ""new_record"": true, ""page_count"": null, ""read_users"": [], ""updated_at"": ""2026-09-29T20:57:56+00:00"", ""edit_groups"": [], ""read_groups"": [], ""camera_model"": [], ""x_resolution"": [], ""y_resolution"": [], ""error_message"": [], ""bits_per_sample"": [], ""processing_note"": [], ""caption_language"": [], ""file_identifiers"": [{""id"": ""pyramidal-derivatives-shrine://ef/e4/d8/efe4d8da2dab4a1e940b990ca3d4553e/intermediate_file.tif""}], ""internal_resource"": ""FileMetadata"", ""original_filename"": [""intermediate_file.tif""], ""source_media_type"": [], ""date_of_digitization"": [], ""preservation_copy_of_id"": null, ""original_language_caption"": null}], ""service_targets"": [], ""cached_parent_id"": [{""id"": ""b7f6f438-4363-4003-8b74-779b5e31f210""}], ""processing_status"": [""processed""], ""optimistic_lock_token"": [{""token"": ""3"", ""adapter_id"": {""id"": ""746f06acf4d573bebd8c8a500b398589""}}]}",2026-09-29 20:56:12.828398,2026-09-30 13:41:26.141132,FileSet,4
675c135c-112a-470c-9418-d92f9864b128,"{""part"": [], ""side"": [], ""title"": [""00000021.tif""], ""barcode"": [], ""edit_users"": [], ""highlights"": [], ""member_ids"": [], ""read_users"": [], ""edit_groups"": [], ""read_groups"": [""public""], ""file_metadata"": [{""id"": {""id"": ""0e5cdc47-0563-41a6-b1b6-4c72243254d5""}, ""use"": [{""@id"": ""http://pcdm.org/use#OriginalFile""}], ""size"": [""53652262""], ""label"": [""00000021.tif""], ""width"": [""3395""], ""bounds"": [], ""height"": [""5262""], ""checksum"": [{""id"": null, ""md5"": ""6cc874a38f2c79c5b9a678c8312020ff"", ""sha1"": ""9a24c2aeb6fb80598130fcc74d9737d0bc211ba1"", ""sha256"": ""d50dd5c4b39696669b143335fc52fc6ef819c49487e1fe01c9334528fe9b93c7"", ""created_at"": null, ""new_record"": true, ""updated_at"": null, ""internal_resource"": ""MultiChecksum""}], ""duration"": [], ""geometry"": [], ""producer"": [], ""software"": [], ""mime_type"": [""image/tiff""], ""change_set"": null, ""created_at"": ""2026-09-29T20:56:13+00:00"", ""edit_users"": [], ""new_record"": true, ""page_count"": null, ""read_users"": [], ""updated_at"": ""2026-09-29T20:56:13+00:00"", ""edit_groups"": [], ""read_groups"": [], ""camera_model"": [], ""x_resolution"": [], ""y_resolution"": [], ""error_message"": [], ""bits_per_sample"": [], ""processing_note"": [], ""caption_language"": [], ""file_identifiers"": [{""id"": ""disk:///opt/repository/files/0e/5c/dc/0e5cdc47056341a6b1b64c72243254d5/00000021.tif""}], ""internal_resource"": ""FileMetadata"", ""original_filename"": [""00000021.tif""], ""source_media_type"": [], ""date_of_digitization"": [], ""preservation_copy_of_id"": null, ""original_language_caption"": null}, {""id"": {""id"": ""494aa39f-155f-42d5-9484-a44038c58ecc""}, ""use"": [{""@id"": ""http://pcdm.org/use#ServiceFile""}], ""size"": [], ""label"": [""intermediate_file.tif""], ""width"": [], ""bounds"": [], ""height"": [], ""checksum"": [], ""duration"": [], ""geometry"": [], ""producer"": [], ""software"": [], ""mime_type"": [""image/tiff""], ""change_set"": null, ""created_at"": ""2026-09-29T20:58:16+00:00"", ""edit_users"": [], ""new_record"": true, ""page_count"": null, ""read_users"": [], ""updated_at"": ""2026-09-29T20:58:16+00:00"", ""edit_groups"": [], ""read_groups"": [], ""camera_model"": [], ""x_resolution"": [], ""y_resolution"": [], ""error_message"": [], ""bits_per_sample"": [], ""processing_note"": [], ""caption_language"": [], ""file_identifiers"": [{""id"": ""pyramidal-derivatives-shrine://49/4a/a3/494aa39f155f42d59484a44038c58ecc/intermediate_file.tif""}], ""internal_resource"": ""FileMetadata"", ""original_filename"": [""intermediate_file.tif""], ""source_media_type"": [], ""date_of_digitization"": [], ""preservation_copy_of_id"": null, ""original_language_caption"": null}], ""service_targets"": [], ""cached_parent_id"": [{""id"": ""b7f6f438-4363-4003-8b74-779b5e31f210""}], ""processing_status"": [""processed""], ""optimistic_lock_token"": [{""token"": ""3"", ""adapter_id"": {""id"": ""746f06acf4d573bebd8c8a500b398589""}}]}",2026-09-29 20:56:41.790648,2026-09-30 13:41:26.162926,FileSet,4
b95fdf95-a399-4a7b-a523-7f8946d6312f,"{""part"": [], ""side"": [], ""title"": [""00000022.tif""], ""barcode"": [], ""edit_users"": [], ""highlights"": [], ""member_ids"": [], ""read_users"": [], ""edit_groups"": [], ""read_groups"": [""public""], ""file_metadata"": [{""id"": {""id"": ""2f4df96c-96cd-4951-a41b-f2b6311f8f8e""}, ""use"": [{""@id"": ""http://pcdm.org/use#OriginalFile""}], ""size"": [""58366592""], ""label"": [""00000022.tif""], ""width"": [""3592""], ""bounds"": [], ""height"": [""5411""], ""checksum"": [{""id"": null, ""md5"": ""9e430c13456af3ea518a8e419f62f569"", ""sha1"": ""756e729bb1d3718e410dd36031bab3dff1ed9db8"", ""sha256"": ""867a4ac95a4950f33beac08b6b6710c94b39938216323dd49d30c90e02074ff8"", ""created_at"": null, ""new_record"": true, ""updated_at"": null, ""internal_resource"": ""MultiChecksum""}], ""duration"": [], ""geometry"": [], ""producer"": [], ""software"": [], ""mime_type"": [""image/tiff""], ""change_set"": null, ""created_at"": ""2026-09-29T20:56:16+00:00"", ""edit_users"": [], ""new_record"": true, ""page_count"": null, ""read_users"": [], ""updated_at"": ""2026-09-29T20:56:16+00:00"", ""edit_groups"": [], ""read_groups"": [], ""camera_model"": [], ""x_resolution"": [], ""y_resolution"": [], ""error_message"": [], ""bits_per_sample"": [], ""processing_note"": [], ""caption_language"": [], ""file_identifiers"": [{""id"": ""disk:///opt/repository/files/2f/4d/f9/2f4df96c96cd4951a41bf2b6311f8f8e/00000022.tif""}], ""internal_resource"": ""FileMetadata"", ""original_filename"": [""00000022.tif""], ""source_media_type"": [], ""date_of_digitization"": [], ""preservation_copy_of_id"": null, ""original_language_caption"": null}, {""id"": {""id"": ""53d8ed90-6f8a-4dbc-a21a-313692c61d24""}, ""use"": [{""@id"": ""http://pcdm.org/use#ServiceFile""}], ""size"": [], ""label"": [""intermediate_file.tif""], ""width"": [], ""bounds"": [], ""height"": [], ""checksum"": [], ""duration"": [], ""geometry"": [], ""producer"": [], ""software"": [], ""mime_type"": [""image/tiff""], ""change_set"": null, ""created_at"": ""2026-09-29T20:57:23+00:00"", ""edit_users"": [], ""new_record"": true, ""page_count"": null, ""read_users"": [], ""updated_at"": ""2026-09-29T20:57:23+00:00"", ""edit_groups"": [], ""read_groups"": [], ""camera_model"": [], ""x_resolution"": [], ""y_resolution"": [], ""error_message"": [], ""bits_per_sample"": [], ""processing_note"": [], ""caption_language"": [], ""file_identifiers"": [{""id"": ""pyramidal-derivatives-shrine://53/d8/ed/53d8ed906f8a4dbca21a313692c61d24/intermediate_file.tif""}], ""internal_resource"": ""FileMetadata"", ""original_filename"": [""intermediate_file.tif""], ""source_media_type"": [], ""date_of_digitization"": [], ""preservation_copy_of_id"": null, ""original_language_caption"": null}], ""service_targets"": [], ""cached_parent_id"": [{""id"": ""b7f6f438-4363-4003-8b74-779b5e31f210""}], ""processing_status"": [""processed""], ""optimistic_lock_token"": [{""token"": ""3"", ""adapter_id"": {""id"": ""746f06acf4d573bebd8c8a500b398589""}}]}",2026-09-29 20:56:41.79783,2026-09-30 13:41:26.201676,FileSet,4
6843a56e-0d08-49b7-866f-68fdbaf6af44,"{""part"": [], ""side"": [], ""title"": [""00000023.tif""], ""barcode"": [], ""edit_users"": [], ""highlights"": [], ""member_ids"": [], ""read_users"": [], ""edit_groups"": [], ""read_groups"": [""public""], ""file_metadata"": [{""id"": {""id"": ""0fb42fde-6588-42c5-9d28-c44f7420acb0""}, ""use"": [{""@id"": ""http://pcdm.org/use#OriginalFile""}], ""size"": [""54758242""], ""label"": [""00000023.tif""], ""width"": [""3465""], ""bounds"": [], ""height"": [""5262""], ""checksum"": [{""id"": null, ""md5"": ""6775bc9eb3b722772d0cbf700b4ab346"", ""sha1"": ""82d324a28598a8bbadce7fc26144552598a8ce43"", ""sha256"": ""e4862a11c0baaa209c2ac55d501379fb1e356abfae7ee104ffcd003f434e30a8"", ""created_at"": null, ""new_record"": true, ""updated_at"": null, ""internal_resource"": ""MultiChecksum""}], ""duration"": [], ""geometry"": [], ""producer"": [], ""software"": [], ""mime_type"": [""image/tiff""], ""change_set"": null, ""created_at"": ""2026-09-29T20:56:19+00:00"", ""edit_users"": [], ""new_record"": true, ""page_count"": null, ""read_users"": [], ""updated_at"": ""2026-09-29T20:56:19+00:00"", ""edit_groups"": [], ""read_groups"": [], ""camera_model"": [], ""x_resolution"": [], ""y_resolution"": [], ""error_message"": [], ""bits_per_sample"": [], ""processing_note"": [], ""caption_language"": [], ""file_identifiers"": [{""id"": ""disk:///opt/repository/files/0f/b4/2f/0fb42fde658842c59d28c44f7420acb0/00000023.tif""}], ""internal_resource"": ""FileMetadata"", ""original_filename"": [""00000023.tif""], ""source_media_type"": [], ""date_of_digitization"": [], ""preservation_copy_of_id"": null, ""original_language_caption"": null}, {""id"": {""id"": ""e83e50f2-a22e-49c1-93a3-43c44e559912""}, ""use"": [{""@id"": ""http://pcdm.org/use#ServiceFile""}], ""size"": [], ""label"": [""intermediate_file.tif""], ""width"": [], ""bounds"": [], ""height"": [], ""checksum"": [], ""duration"": [], ""geometry"": [], ""producer"": [], ""software"": [], ""mime_type"": [""image/tiff""], ""change_set"": null, ""created_at"": ""2026-09-29T20:58:17+00:00"", ""edit_users"": [], ""new_record"": true, ""page_count"": null, ""read_users"": [], ""updated_at"": ""2026-09-29T20:58:17+00:00"", ""edit_groups"": [], ""read_groups"": [], ""camera_model"": [], ""x_resolution"": [], ""y_resolution"": [], ""error_message"": [], ""bits_per_sample"": [], ""processing_note"": [], ""caption_language"": [], ""file_identifiers"": [{""id"": ""pyramidal-derivatives-shrine://e8/3e/50/e83e50f2a22e49c193a343c44e559912/intermediate_file.tif""}], ""internal_resource"": ""FileMetadata"", ""original_filename"": [""intermediate_file.tif""], ""source_media_type"": [], ""date_of_digitization"": [], ""preservation_copy_of_id"": null, ""original_language_caption"": null}], ""service_targets"": [], ""cached_parent_id"": [{""id"": ""b7f6f438-4363-4003-8b74-779b5e31f210""}], ""processing_status"": [""processed""], ""optimistic_lock_token"": [{""token"": ""3"", ""adapter_id"": {""id"": ""746f06acf4d573bebd8c8a500b398589""}}]}",2026-09-29 20:56:41.803591,2026-09-30 13:41:26.217295,FileSet,4
f5f23c70-1adc-4ca6-bbe0-37d8f3d69eaa,"{""part"": [], ""side"": [], ""title"": [""00000024.tif""], ""barcode"": [], ""edit_users"": [], ""highlights"": [], ""member_ids"": [], ""read_users"": [], ""edit_groups"": [], ""read_groups"": [""public""], ""file_metadata"": [{""id"": {""id"": ""e2e21557-e4c6-4c28-8fb2-1ab6f06de3c0""}, ""use"": [{""@id"": ""http://pcdm.org/use#OriginalFile""}], ""size"": [""58366592""], ""label"": [""00000024.tif""], ""width"": [""3592""], ""bounds"": [], ""height"": [""5411""], ""checksum"": [{""id"": null, ""md5"": ""addab89bc39d7b7028c2a4c5e22b3a55"", ""sha1"": ""3c70580f2349f25ae0c12862f682b1c99b940b3c"", ""sha256"": ""86e9bf248439de2f8e4e4b131fdbebe4f0303f8dff6bfc772cb6fc01f4b17e45"", ""created_at"": null, ""new_record"": true, ""updated_at"": null, ""internal_resource"": ""MultiChecksum""}], ""duration"": [], ""geometry"": [], ""producer"": [], ""software"": [], ""mime_type"": [""image/tiff""], ""change_set"": null, ""created_at"": ""2026-09-29T20:56:24+00:00"", ""edit_users"": [], ""new_record"": true, ""page_count"": null, ""read_users"": [], ""updated_at"": ""2026-09-29T20:56:24+00:00"", ""edit_groups"": [], ""read_groups"": [], ""camera_model"": [], ""x_resolution"": [], ""y_resolution"": [], ""error_message"": [], ""bits_per_sample"": [], ""processing_note"": [], ""caption_language"": [], ""file_identifiers"": [{""id"": ""disk:///opt/repository/files/e2/e2/15/e2e21557e4c64c288fb21ab6f06de3c0/00000024.tif""}], ""internal_resource"": ""FileMetadata"", ""original_filename"": [""00000024.tif""], ""source_media_type"": [], ""date_of_digitization"": [], ""preservation_copy_of_id"": null, ""original_language_caption"": null}, {""id"": {""id"": ""b6d8fd5d-610b-4c32-a6f6-cb58b168464b""}, ""use"": [{""@id"": ""http://pcdm.org/use#ServiceFile""}], ""size"": [], ""label"": [""intermediate_file.tif""], ""width"": [], ""bounds"": [], ""height"": [], ""checksum"": [], ""duration"": [], ""geometry"": [], ""producer"": [], ""software"": [], ""mime_type"": [""image/tiff""], ""change_set"": null, ""created_at"": ""2026-09-29T20:58:24+00:00"", ""edit_users"": [], ""new_record"": true, ""page_count"": null, ""read_users"": [], ""updated_at"": ""2026-09-29T20:58:24+00:00"", ""edit_groups"": [], ""read_groups"": [], ""camera_model"": [], ""x_resolution"": [], ""y_resolution"": [], ""error_message"": [], ""bits_per_sample"": [], ""processing_note"": [], ""caption_language"": [], ""file_identifiers"": [{""id"": ""pyramidal-derivatives-shrine://b6/d8/fd/b6d8fd5d610b4c32a6f6cb58b168464b/intermediate_file.tif""}], ""internal_resource"": ""FileMetadata"", ""original_filename"": [""intermediate_file.tif""], ""source_media_type"": [], ""date_of_digitization"": [], ""preservation_copy_of_id"": null, ""original_language_caption"": null}], ""service_targets"": [], ""cached_parent_id"": [{""id"": ""b7f6f438-4363-4003-8b74-779b5e31f210""}], ""processing_status"": [""processed""], ""optimistic_lock_token"": [{""token"": ""3"", ""adapter_id"": {""id"": ""746f06acf4d573bebd8c8a500b398589""}}]}",2026-09-29 20:56:41.810511,2026-09-30 13:41:26.232962,FileSet,4
dce72104-cdf1-487e-97c6-0f4c2f66ea76,"{""part"": [], ""side"": [], ""title"": [""00000025.tif""], ""barcode"": [], ""edit_users"": [], ""highlights"": [], ""member_ids"": [], ""read_users"": [], ""edit_groups"": [], ""read_groups"": [""public""], ""file_metadata"": [{""id"": {""id"": ""70b0840f-cf1f-4514-956d-576bae412ac5""}, ""use"": [{""@id"": ""http://pcdm.org/use#OriginalFile""}], ""size"": [""54758242""], ""label"": [""00000025.tif""], ""width"": [""3465""], ""bounds"": [], ""height"": [""5262""], ""checksum"": [{""id"": null, ""md5"": ""6c79431dc7eae3e79cce0805e3a7cae6"", ""sha1"": ""981ce3b65a758236285ffdd3fbd601a6e6c85642"", ""sha256"": ""379ecad3a9f9d1ad4f0ce6b0b5cfcb7565cd542e19f530ff3dd92307f75e3e32"", ""created_at"": null, ""new_record"": true, ""updated_at"": null, ""internal_resource"": ""MultiChecksum""}], ""duration"": [], ""geometry"": [], ""producer"": [], ""software"": [], ""mime_type"": [""image/tiff""], ""change_set"": null, ""created_at"": ""2026-09-29T20:56:26+00:00"", ""edit_users"": [], ""new_record"": true, ""page_count"": null, ""read_users"": [], ""updated_at"": ""2026-09-29T20:56:26+00:00"", ""edit_groups"": [], ""read_groups"": [], ""camera_model"": [], ""x_resolution"": [], ""y_resolution"": [], ""error_message"": [], ""bits_per_sample"": [], ""processing_note"": [], ""caption_language"": [], ""file_identifiers"": [{""id"": ""disk:///opt/repository/files/70/b0/84/70b0840fcf1f4514956d576bae412ac5/00000025.tif""}], ""internal_resource"": ""FileMetadata"", ""original_filename"": [""00000025.tif""], ""source_media_type"": [], ""date_of_digitization"": [], ""preservation_copy_of_id"": null, ""original_language_caption"": null}, {""id"": {""id"": ""8abdefea-9895-4231-991d-2288ef49a6ff""}, ""use"": [{""@id"": ""http://pcdm.org/use#ServiceFile""}], ""size"": [], ""label"": [""intermediate_file.tif""], ""width"": [], ""bounds"": [], ""height"": [], ""checksum"": [], ""duration"": [], ""geometry"": [], ""producer"": [], ""software"": [], ""mime_type"": [""image/tiff""], ""change_set"": null, ""created_at"": ""2026-09-29T20:57:20+00:00"", ""edit_users"": [], ""new_record"": true, ""page_count"": null, ""read_users"": [], ""updated_at"": ""2026-09-29T20:57:20+00:00"", ""edit_groups"": [], ""read_groups"": [], ""camera_model"": [], ""x_resolution"": [], ""y_resolution"": [], ""error_message"": [], ""bits_per_sample"": [], ""processing_note"": [], ""caption_language"": [], ""file_identifiers"": [{""id"": ""pyramidal-derivatives-shrine://8a/bd/ef/8abdefea98954231991d2288ef49a6ff/intermediate_file.tif""}], ""internal_resource"": ""FileMetadata"", ""original_filename"": [""intermediate_file.tif""], ""source_media_type"": [], ""date_of_digitization"": [], ""preservation_copy_of_id"": null, ""original_language_caption"": null}], ""service_targets"": [], ""cached_parent_id"": [{""id"": ""b7f6f438-4363-4003-8b74-779b5e31f210""}], ""processing_status"": [""processed""], ""optimistic_lock_token"": [{""token"": ""3"", ""adapter_id"": {""id"": ""746f06acf4d573bebd8c8a500b398589""}}]}",2026-09-29 20:56:41.815156,2026-09-30 13:41:26.248011,FileSet,4
7406bea6-251a-4b5b-af38-a7ec3cd582bd,"{""part"": [], ""side"": [], ""title"": [""00000026.tif""], ""barcode"": [], ""edit_users"": [], ""highlights"": [], ""member_ids"": [], ""read_users"": [], ""edit_groups"": [], ""read_groups"": [""public""], ""file_metadata"": [{""id"": {""id"": ""b8026840-9225-4c74-9482-97b4f1e65131""}, ""use"": [{""@id"": ""http://pcdm.org/use#OriginalFile""}], ""size"": [""58366592""], ""label"": [""00000026.tif""], ""width"": [""3592""], ""bounds"": [], ""height"": [""5411""], ""checksum"": [{""id"": null, ""md5"": ""7c828869e473147a3d99d394526ca8b1"", ""sha1"": ""fb8cb9e1a2f4e78efad7e9f350c23b5b15138028"", ""sha256"": ""9fe5b29e0345c9209827aee03a0b0b46a862537de7f1e93a653abf972c335ab5"", ""created_at"": null, ""new_record"": true, ""updated_at"": null, ""internal_resource"": ""MultiChecksum""}], ""duration"": [], ""geometry"": [], ""producer"": [], ""software"": [], ""mime_type"": [""image/tiff""], ""change_set"": null, ""created_at"": ""2026-09-29T20:56:30+00:00"", ""edit_users"": [], ""new_record"": true, ""page_count"": null, ""read_users"": [], ""updated_at"": ""2026-09-29T20:56:30+00:00"", ""edit_groups"": [], ""read_groups"": [], ""camera_model"": [], ""x_resolution"": [], ""y_resolution"": [], ""error_message"": [], ""bits_per_sample"": [], ""processing_note"": [], ""caption_language"": [], ""file_identifiers"": [{""id"": ""disk:///opt/repository/files/b8/02/68/b802684092254c74948297b4f1e65131/00000026.tif""}], ""internal_resource"": ""FileMetadata"", ""original_filename"": [""00000026.tif""], ""source_media_type"": [], ""date_of_digitization"": [], ""preservation_copy_of_id"": null, ""original_language_caption"": null}, {""id"": {""id"": ""366427cb-6f34-442c-995d-981ddad8390c""}, ""use"": [{""@id"": ""http://pcdm.org/use#ServiceFile""}], ""size"": [], ""label"": [""intermediate_file.tif""], ""width"": [], ""bounds"": [], ""height"": [], ""checksum"": [], ""duration"": [], ""geometry"": [], ""producer"": [], ""software"": [], ""mime_type"": [""image/tiff""], ""change_set"": null, ""created_at"": ""2026-09-29T20:58:23+00:00"", ""edit_users"": [], ""new_record"": true, ""page_count"": null, ""read_users"": [], ""updated_at"": ""2026-09-29T20:58:23+00:00"", ""edit_groups"": [], ""read_groups"": [], ""camera_model"": [], ""x_resolution"": [], ""y_resolution"": [], ""error_message"": [], ""bits_per_sample"": [], ""processing_note"": [], ""caption_language"": [], ""file_identifiers"": [{""id"": ""pyramidal-derivatives-shrine://36/64/27/366427cb6f34442c995d981ddad8390c/intermediate_file.tif""}], ""internal_resource"": ""FileMetadata"", ""original_filename"": [""intermediate_file.tif""], ""source_media_type"": [], ""date_of_digitization"": [], ""preservation_copy_of_id"": null, ""original_language_caption"": null}], ""service_targets"": [], ""cached_parent_id"": [{""id"": ""b7f6f438-4363-4003-8b74-779b5e31f210""}], ""processing_status"": [""processed""], ""optimistic_lock_token"": [{""token"": ""3"", ""adapter_id"": {""id"": ""746f06acf4d573bebd8c8a500b398589""}}]}",2026-09-29 20:56:41.828674,2026-09-30 13:41:26.264283,FileSet,4
9b83ebb2-df19-4246-b034-70415e890733,"{""part"": [], ""side"": [], ""title"": [""00000027.tif""], ""barcode"": [], ""edit_users"": [], ""highlights"": [], ""member_ids"": [], ""read_users"": [], ""edit_groups"": [], ""read_groups"": [""public""], ""file_metadata"": [{""id"": {""id"": ""5b7cb4fc-92f2-4889-a382-2dc0ab2e3724""}, ""use"": [{""@id"": ""http://pcdm.org/use#OriginalFile""}], ""size"": [""54758242""], ""label"": [""00000027.tif""], ""width"": [""3465""], ""bounds"": [], ""height"": [""5262""], ""checksum"": [{""id"": null, ""md5"": ""208995bbe066ed857dd3a9c33d9f36ad"", ""sha1"": ""6685f460fdd519b4e6f18de956f38e070a1aac67"", ""sha256"": ""8ed1ff2466f30e3ffb258f98db4391bbf1a9d659d2fcb79900c0b7b5d2c305f5"", ""created_at"": null, ""new_record"": true, ""updated_at"": null, ""internal_resource"": ""MultiChecksum""}], ""duration"": [], ""geometry"": [], ""producer"": [], ""software"": [], ""mime_type"": [""image/tiff""], ""change_set"": null, ""created_at"": ""2026-09-29T20:56:32+00:00"", ""edit_users"": [], ""new_record"": true, ""page_count"": null, ""read_users"": [], ""updated_at"": ""2026-09-29T20:56:32+00:00"", ""edit_groups"": [], ""read_groups"": [], ""camera_model"": [], ""x_resolution"": [], ""y_resolution"": [], ""error_message"": [], ""bits_per_sample"": [], ""processing_note"": [], ""caption_language"": [], ""file_identifiers"": [{""id"": ""disk:///opt/repository/files/5b/7c/b4/5b7cb4fc92f24889a3822dc0ab2e3724/00000027.tif""}], ""internal_resource"": ""FileMetadata"", ""original_filename"": [""00000027.tif""], ""source_media_type"": [], ""date_of_digitization"": [], ""preservation_copy_of_id"": null, ""original_language_caption"": null}, {""id"": {""id"": ""542f0bbf-1271-46a5-89a5-7f3532d38978""}, ""use"": [{""@id"": ""http://pcdm.org/use#ServiceFile""}], ""size"": [], ""label"": [""intermediate_file.tif""], ""width"": [], ""bounds"": [], ""height"": [], ""checksum"": [], ""duration"": [], ""geometry"": [], ""producer"": [], ""software"": [], ""mime_type"": [""image/tiff""], ""change_set"": null, ""created_at"": ""2026-09-29T20:57:20+00:00"", ""edit_users"": [], ""new_record"": true, ""page_count"": null, ""read_users"": [], ""updated_at"": ""2026-09-29T20:57:20+00:00"", ""edit_groups"": [], ""read_groups"": [], ""camera_model"": [], ""x_resolution"": [], ""y_resolution"": [], ""error_message"": [], ""bits_per_sample"": [], ""processing_note"": [], ""caption_language"": [], ""file_identifiers"": [{""id"": ""pyramidal-derivatives-shrine://54/2f/0b/542f0bbf127146a589a57f3532d38978/intermediate_file.tif""}], ""internal_resource"": ""FileMetadata"", ""original_filename"": [""intermediate_file.tif""], ""source_media_type"": [], ""date_of_digitization"": [], ""preservation_copy_of_id"": null, ""original_language_caption"": null}], ""service_targets"": [], ""cached_parent_id"": [{""id"": ""b7f6f438-4363-4003-8b74-779b5e31f210""}], ""processing_status"": [""processed""], ""optimistic_lock_token"": [{""token"": ""3"", ""adapter_id"": {""id"": ""746f06acf4d573bebd8c8a500b398589""}}]}",2026-09-29 20:56:41.840243,2026-09-30 13:41:26.28234,FileSet,4
b3c7aa4c-d7f8-49b5-83bc-e0b3c3e03c8d,"{""part"": [], ""side"": [], ""title"": [""00000028.tif""], ""barcode"": [], ""edit_users"": [], ""highlights"": [], ""member_ids"": [], ""read_users"": [], ""edit_groups"": [], ""read_groups"": [""public""], ""file_metadata"": [{""id"": {""id"": ""1267db80-efec-4041-9f16-bf46612b7964""}, ""use"": [{""@id"": ""http://pcdm.org/use#OriginalFile""}], ""size"": [""58366592""], ""label"": [""00000028.tif""], ""width"": [""3592""], ""bounds"": [], ""height"": [""5411""], ""checksum"": [{""id"": null, ""md5"": ""12df88c060e6390fa8fdf97490eab688"", ""sha1"": ""d47c3c969c697ca5797370ba3f334577f4e482b4"", ""sha256"": ""60f4e0bcdd871f45f59ae073554a67752774e473c9e066785a8c05f6b561c5e1"", ""created_at"": null, ""new_record"": true, ""updated_at"": null, ""internal_resource"": ""MultiChecksum""}], ""duration"": [], ""geometry"": [], ""producer"": [], ""software"": [], ""mime_type"": [""image/tiff""], ""change_set"": null, ""created_at"": ""2026-09-29T20:56:36+00:00"", ""edit_users"": [], ""new_record"": true, ""page_count"": null, ""read_users"": [], ""updated_at"": ""2026-09-29T20:56:36+00:00"", ""edit_groups"": [], ""read_groups"": [], ""camera_model"": [], ""x_resolution"": [], ""y_resolution"": [], ""error_message"": [], ""bits_per_sample"": [], ""processing_note"": [], ""caption_language"": [], ""file_identifiers"": [{""id"": ""disk:///opt/repository/files/12/67/db/1267db80efec40419f16bf46612b7964/00000028.tif""}], ""internal_resource"": ""FileMetadata"", ""original_filename"": [""00000028.tif""], ""source_media_type"": [], ""date_of_digitization"": [], ""preservation_copy_of_id"": null, ""original_language_caption"": null}, {""id"": {""id"": ""b3e05d00-9344-4792-9712-a1aadf95b3ab""}, ""use"": [{""@id"": ""http://pcdm.org/use#ServiceFile""}], ""size"": [], ""label"": [""intermediate_file.tif""], ""width"": [], ""bounds"": [], ""height"": [], ""checksum"": [], ""duration"": [], ""geometry"": [], ""producer"": [], ""software"": [], ""mime_type"": [""image/tiff""], ""change_set"": null, ""created_at"": ""2026-09-29T20:58:23+00:00"", ""edit_users"": [], ""new_record"": true, ""page_count"": null, ""read_users"": [], ""updated_at"": ""2026-09-29T20:58:23+00:00"", ""edit_groups"": [], ""read_groups"": [], ""camera_model"": [], ""x_resolution"": [], ""y_resolution"": [], ""error_message"": [], ""bits_per_sample"": [], ""processing_note"": [], ""caption_language"": [], ""file_identifiers"": [{""id"": ""pyramidal-derivatives-shrine://b3/e0/5d/b3e05d00934447929712a1aadf95b3ab/intermediate_file.tif""}], ""internal_resource"": ""FileMetadata"", ""original_filename"": [""intermediate_file.tif""], ""source_media_type"": [], ""date_of_digitization"": [], ""preservation_copy_of_id"": null, ""original_language_caption"": null}], ""service_targets"": [], ""cached_parent_id"": [{""id"": ""b7f6f438-4363-4003-8b74-779b5e31f210""}], ""processing_status"": [""processed""], ""optimistic_lock_token"": [{""token"": ""3"", ""adapter_id"": {""id"": ""746f06acf4d573bebd8c8a500b398589""}}]}",2026-09-29 20:56:41.853854,2026-09-30 13:41:26.298446,FileSet,4
16aa06ab-1646-44d3-a889-3e8c1a9288b2,"{""part"": [], ""side"": [], ""title"": [""00000029.tif""], ""barcode"": [], ""edit_users"": [], ""highlights"": [], ""member_ids"": [], ""read_users"": [], ""edit_groups"": [], ""read_groups"": [""public""], ""file_metadata"": [{""id"": {""id"": ""5af20bd9-2717-4ba2-b09f-37540d762e6f""}, ""use"": [{""@id"": ""http://pcdm.org/use#OriginalFile""}], ""size"": [""54758242""], ""label"": [""00000029.tif""], ""width"": [""3465""], ""bounds"": [], ""height"": [""5262""], ""checksum"": [{""id"": null, ""md5"": ""e4955d16e04f82e82013f406985e0ee6"", ""sha1"": ""5de4a308c8e13baffb0fbf10c30a3c4b76a1ea27"", ""sha256"": ""88c11c2c6064efa3bfa2c4b47ec318cda087e4108322b245730e5177c6d2691c"", ""created_at"": null, ""new_record"": true, ""updated_at"": null, ""internal_resource"": ""MultiChecksum""}], ""duration"": [], ""geometry"": [], ""producer"": [], ""software"": [], ""mime_type"": [""image/tiff""], ""change_set"": null, ""created_at"": ""2026-09-29T20:56:38+00:00"", ""edit_users"": [], ""new_record"": true, ""page_count"": null, ""read_users"": [], ""updated_at"": ""2026-09-29T20:56:38+00:00"", ""edit_groups"": [], ""read_groups"": [], ""camera_model"": [], ""x_resolution"": [], ""y_resolution"": [], ""error_message"": [], ""bits_per_sample"": [], ""processing_note"": [], ""caption_language"": [], ""file_identifiers"": [{""id"": ""disk:///opt/repository/files/5a/f2/0b/5af20bd927174ba2b09f37540d762e6f/00000029.tif""}], ""internal_resource"": ""FileMetadata"", ""original_filename"": [""00000029.tif""], ""source_media_type"": [], ""date_of_digitization"": [], ""preservation_copy_of_id"": null, ""original_language_caption"": null}, {""id"": {""id"": ""f59482a0-7286-44c3-8090-d386ed7a457d""}, ""use"": [{""@id"": ""http://pcdm.org/use#ServiceFile""}], ""size"": [], ""label"": [""intermediate_file.tif""], ""width"": [], ""bounds"": [], ""height"": [], ""checksum"": [], ""duration"": [], ""geometry"": [], ""producer"": [], ""software"": [], ""mime_type"": [""image/tiff""], ""change_set"": null, ""created_at"": ""2026-09-29T20:57:20+00:00"", ""edit_users"": [], ""new_record"": true, ""page_count"": null, ""read_users"": [], ""updated_at"": ""2026-09-29T20:57:20+00:00"", ""edit_groups"": [], ""read_groups"": [], ""camera_model"": [], ""x_resolution"": [], ""y_resolution"": [], ""error_message"": [], ""bits_per_sample"": [], ""processing_note"": [], ""caption_language"": [], ""file_identifiers"": [{""id"": ""pyramidal-derivatives-shrine://f5/94/82/f59482a0728644c38090d386ed7a457d/intermediate_file.tif""}], ""internal_resource"": ""FileMetadata"", ""original_filename"": [""intermediate_file.tif""], ""source_media_type"": [], ""date_of_digitization"": [], ""preservation_copy_of_id"": null, ""original_language_caption"": null}], ""service_targets"": [], ""cached_parent_id"": [{""id"": ""b7f6f438-4363-4003-8b74-779b5e31f210""}], ""processing_status"": [""processed""], ""optimistic_lock_token"": [{""token"": ""3"", ""adapter_id"": {""id"": ""746f06acf4d573bebd8c8a500b398589""}}]}",2026-09-29 20:56:41.866979,2026-09-30 13:41:26.317055,FileSet,4
8ed023b1-0504-4b6f-b2eb-0f95783814bf,"{""part"": [], ""side"": [], ""title"": [""00000030.tif""], ""barcode"": [], ""edit_users"": [], ""highlights"": [], ""member_ids"": [], ""read_users"": [], ""edit_groups"": [], ""read_groups"": [""public""], ""file_metadata"": [{""id"": {""id"": ""0fb1b24d-af51-4984-9db0-b914dec62cde""}, ""use"": [{""@id"": ""http://pcdm.org/use#OriginalFile""}], ""size"": [""58366592""], ""label"": [""00000030.tif""], ""width"": [""3592""], ""bounds"": [], ""height"": [""5411""], ""checksum"": [{""id"": null, ""md5"": ""b28379ff9fb716c5c11ab791d4b8df1d"", ""sha1"": ""f4c3b057a5c8e16d10cd3110e94d279ddc83ac27"", ""sha256"": ""d9c80a58b263de13f33f66d830fbc7f42ff702eacc9c4ccbb87e40e84f5023ff"", ""created_at"": null, ""new_record"": true, ""updated_at"": null, ""internal_resource"": ""MultiChecksum""}], ""duration"": [], ""geometry"": [], ""producer"": [], ""software"": [], ""mime_type"": [""image/tiff""], ""change_set"": null, ""created_at"": ""2026-09-29T20:56:39+00:00"", ""edit_users"": [], ""new_record"": true, ""page_count"": null, ""read_users"": [], ""updated_at"": ""2026-09-29T20:56:39+00:00"", ""edit_groups"": [], ""read_groups"": [], ""camera_model"": [], ""x_resolution"": [], ""y_resolution"": [], ""error_message"": [], ""bits_per_sample"": [], ""processing_note"": [], ""caption_language"": [], ""file_identifiers"": [{""id"": ""disk:///opt/repository/files/0f/b1/b2/0fb1b24daf5149849db0b914dec62cde/00000030.tif""}], ""internal_resource"": ""FileMetadata"", ""original_filename"": [""00000030.tif""], ""source_media_type"": [], ""date_of_digitization"": [], ""preservation_copy_of_id"": null, ""original_language_caption"": null}, {""id"": {""id"": ""5de3f807-ab2a-4b0d-a5c3-d5a7b290886c""}, ""use"": [{""@id"": ""http://pcdm.org/use#ServiceFile""}], ""size"": [], ""label"": [""intermediate_file.tif""], ""width"": [], ""bounds"": [], ""height"": [], ""checksum"": [], ""duration"": [], ""geometry"": [], ""producer"": [], ""software"": [], ""mime_type"": [""image/tiff""], ""change_set"": null, ""created_at"": ""2026-09-29T20:57:24+00:00"", ""edit_users"": [], ""new_record"": true, ""page_count"": null, ""read_users"": [], ""updated_at"": ""2026-09-29T20:57:24+00:00"", ""edit_groups"": [], ""read_groups"": [], ""camera_model"": [], ""x_resolution"": [], ""y_resolution"": [], ""error_message"": [], ""bits_per_sample"": [], ""processing_note"": [], ""caption_language"": [], ""file_identifiers"": [{""id"": ""pyramidal-derivatives-shrine://5d/e3/f8/5de3f807ab2a4b0da5c3d5a7b290886c/intermediate_file.tif""}], ""internal_resource"": ""FileMetadata"", ""original_filename"": [""intermediate_file.tif""], ""source_media_type"": [], ""date_of_digitization"": [], ""preservation_copy_of_id"": null, ""original_language_caption"": null}], ""service_targets"": [], ""cached_parent_id"": [{""id"": ""b7f6f438-4363-4003-8b74-779b5e31f210""}], ""processing_status"": [""processed""], ""optimistic_lock_token"": [{""token"": ""3"", ""adapter_id"": {""id"": ""746f06acf4d573bebd8c8a500b398589""}}]}",2026-09-29 20:56:41.882151,2026-09-30 13:41:26.338581,FileSet,4
d2577e1e-e17e-4a9e-bbe1-295940deefbe,"{""part"": [], ""side"": [], ""title"": [""00000031.tif""], ""barcode"": [], ""edit_users"": [], ""highlights"": [], ""member_ids"": [], ""read_users"": [], ""edit_groups"": [], ""read_groups"": [""public""], ""file_metadata"": [{""id"": {""id"": ""92c8d3b9-758b-413e-a434-74180896333e""}, ""use"": [{""@id"": ""http://pcdm.org/use#OriginalFile""}], ""size"": [""54758242""], ""label"": [""00000031.tif""], ""width"": [""3465""], ""bounds"": [], ""height"": [""5262""], ""checksum"": [{""id"": null, ""md5"": ""be8994cd5ab88301b94b9c46972ece73"", ""sha1"": ""707dfcd3487d7a6667df1dbee24e3cae9dc0c435"", ""sha256"": ""209f36230d4d9063dd94064468106bd9a004171c20cf60aae4e85afcf22b85c8"", ""created_at"": null, ""new_record"": true, ""updated_at"": null, ""internal_resource"": ""MultiChecksum""}], ""duration"": [], ""geometry"": [], ""producer"": [], ""software"": [], ""mime_type"": [""image/tiff""], ""change_set"": null, ""created_at"": ""2026-09-29T20:56:42+00:00"", ""edit_users"": [], ""new_record"": true, ""page_count"": null, ""read_users"": [], ""updated_at"": ""2026-09-29T20:56:42+00:00"", ""edit_groups"": [], ""read_groups"": [], ""camera_model"": [], ""x_resolution"": [], ""y_resolution"": [], ""error_message"": [], ""bits_per_sample"": [], ""processing_note"": [], ""caption_language"": [], ""file_identifiers"": [{""id"": ""disk:///opt/repository/files/92/c8/d3/92c8d3b9758b413ea43474180896333e/00000031.tif""}], ""internal_resource"": ""FileMetadata"", ""original_filename"": [""00000031.tif""], ""source_media_type"": [], ""date_of_digitization"": [], ""preservation_copy_of_id"": null, ""original_language_caption"": null}, {""id"": {""id"": ""25d9f801-93ce-44c6-9799-15b2e427fb5f""}, ""use"": [{""@id"": ""http://pcdm.org/use#ServiceFile""}], ""size"": [], ""label"": [""intermediate_file.tif""], ""width"": [], ""bounds"": [], ""height"": [], ""checksum"": [], ""duration"": [], ""geometry"": [], ""producer"": [], ""software"": [], ""mime_type"": [""image/tiff""], ""change_set"": null, ""created_at"": ""2026-09-29T20:57:57+00:00"", ""edit_users"": [], ""new_record"": true, ""page_count"": null, ""read_users"": [], ""updated_at"": ""2026-09-29T20:57:57+00:00"", ""edit_groups"": [], ""read_groups"": [], ""camera_model"": [], ""x_resolution"": [], ""y_resolution"": [], ""error_message"": [], ""bits_per_sample"": [], ""processing_note"": [], ""caption_language"": [], ""file_identifiers"": [{""id"": ""pyramidal-derivatives-shrine://25/d9/f8/25d9f80193ce44c6979915b2e427fb5f/intermediate_file.tif""}], ""internal_resource"": ""FileMetadata"", ""original_filename"": [""intermediate_file.tif""], ""source_media_type"": [], ""date_of_digitization"": [], ""preservation_copy_of_id"": null, ""original_language_caption"": null}], ""service_targets"": [], ""cached_parent_id"": [{""id"": ""b7f6f438-4363-4003-8b74-779b5e31f210""}], ""processing_status"": [""processed""], ""optimistic_lock_token"": [{""token"": ""3"", ""adapter_id"": {""id"": ""746f06acf4d573bebd8c8a500b398589""}}]}",2026-09-29 20:57:22.688107,2026-09-30 13:41:26.360993,FileSet,4
00f59c59-65ef-470c-9423-b7efd1810b5d,"{""part"": [], ""side"": [], ""title"": [""00000032.tif""], ""barcode"": [], ""edit_users"": [], ""highlights"": [], ""member_ids"": [], ""read_users"": [], ""edit_groups"": [], ""read_groups"": [""public""], ""file_metadata"": [{""id"": {""id"": ""3253900c-9d65-4f56-a07d-d50cc665dbec""}, ""use"": [{""@id"": ""http://pcdm.org/use#OriginalFile""}], ""size"": [""58366592""], ""label"": [""00000032.tif""], ""width"": [""3592""], ""bounds"": [], ""height"": [""5411""], ""checksum"": [{""id"": null, ""md5"": ""fd375c75d46f8bb539f2db70a4ba0200"", ""sha1"": ""54910bde0e5a61c8d3997dc4564b707ec97434d0"", ""sha256"": ""ef5e5199bf5a6f52338cafe2de71d0ad70df6ca91ad44d07c26b39ebb90a149a"", ""created_at"": null, ""new_record"": true, ""updated_at"": null, ""internal_resource"": ""MultiChecksum""}], ""duration"": [], ""geometry"": [], ""producer"": [], ""software"": [], ""mime_type"": [""image/tiff""], ""change_set"": null, ""created_at"": ""2026-09-29T20:56:44+00:00"", ""edit_users"": [], ""new_record"": true, ""page_count"": null, ""read_users"": [], ""updated_at"": ""2026-09-29T20:56:44+00:00"", ""edit_groups"": [], ""read_groups"": [], ""camera_model"": [], ""x_resolution"": [], ""y_resolution"": [], ""error_message"": [], ""bits_per_sample"": [], ""processing_note"": [], ""caption_language"": [], ""file_identifiers"": [{""id"": ""disk:///opt/repository/files/32/53/90/3253900c9d654f56a07dd50cc665dbec/00000032.tif""}], ""internal_resource"": ""FileMetadata"", ""original_filename"": [""00000032.tif""], ""source_media_type"": [], ""date_of_digitization"": [], ""preservation_copy_of_id"": null, ""original_language_caption"": null}, {""id"": {""id"": ""878f5da0-60e4-4675-80b3-b79912bb1728""}, ""use"": [{""@id"": ""http://pcdm.org/use#ServiceFile""}], ""size"": [], ""label"": [""intermediate_file.tif""], ""width"": [], ""bounds"": [], ""height"": [], ""checksum"": [], ""duration"": [], ""geometry"": [], ""producer"": [], ""software"": [], ""mime_type"": [""image/tiff""], ""change_set"": null, ""created_at"": ""2026-09-29T20:57:58+00:00"", ""edit_users"": [], ""new_record"": true, ""page_count"": null, ""read_users"": [], ""updated_at"": ""2026-09-29T20:57:58+00:00"", ""edit_groups"": [], ""read_groups"": [], ""camera_model"": [], ""x_resolution"": [], ""y_resolution"": [], ""error_message"": [], ""bits_per_sample"": [], ""processing_note"": [], ""caption_language"": [], ""file_identifiers"": [{""id"": ""pyramidal-derivatives-shrine://87/8f/5d/878f5da060e4467580b3b79912bb1728/intermediate_file.tif""}], ""internal_resource"": ""FileMetadata"", ""original_filename"": [""intermediate_file.tif""], ""source_media_type"": [], ""date_of_digitization"": [], ""preservation_copy_of_id"": null, ""original_language_caption"": null}], ""service_targets"": [], ""cached_parent_id"": [{""id"": ""b7f6f438-4363-4003-8b74-779b5e31f210""}], ""processing_status"": [""processed""], ""optimistic_lock_token"": [{""token"": ""3"", ""adapter_id"": {""id"": ""746f06acf4d573bebd8c8a500b398589""}}]}",2026-09-29 20:57:22.816983,2026-09-30 13:41:26.376143,FileSet,4
483a5497-e834-4ce5-9741-990fc6eb839e,"{""part"": [], ""side"": [], ""title"": [""00000033.tif""], ""barcode"": [], ""edit_users"": [], ""highlights"": [], ""member_ids"": [], ""read_users"": [], ""edit_groups"": [], ""read_groups"": [""public""], ""file_metadata"": [{""id"": {""id"": ""8dd92489-f84b-4aa0-8ce0-7424fc76640b""}, ""use"": [{""@id"": ""http://pcdm.org/use#OriginalFile""}], ""size"": [""54758242""], ""label"": [""00000033.tif""], ""width"": [""3465""], ""bounds"": [], ""height"": [""5262""], ""checksum"": [{""id"": null, ""md5"": ""927b27b524dacd1c95e1c7f9cd8c28bf"", ""sha1"": ""b36d4b2f28bc70f1140ea8a3ac8bdd73812ca01a"", ""sha256"": ""873db616d417429388fe5786ec87893ffd182615ad66b8597bb78b0aa854737f"", ""created_at"": null, ""new_record"": true, ""updated_at"": null, ""internal_resource"": ""MultiChecksum""}], ""duration"": [], ""geometry"": [], ""producer"": [], ""software"": [], ""mime_type"": [""image/tiff""], ""change_set"": null, ""created_at"": ""2026-09-29T20:56:46+00:00"", ""edit_users"": [], ""new_record"": true, ""page_count"": null, ""read_users"": [], ""updated_at"": ""2026-09-29T20:56:46+00:00"", ""edit_groups"": [], ""read_groups"": [], ""camera_model"": [], ""x_resolution"": [], ""y_resolution"": [], ""error_message"": [], ""bits_per_sample"": [], ""processing_note"": [], ""caption_language"": [], ""file_identifiers"": [{""id"": ""disk:///opt/repository/files/8d/d9/24/8dd92489f84b4aa08ce07424fc76640b/00000033.tif""}], ""internal_resource"": ""FileMetadata"", ""original_filename"": [""00000033.tif""], ""source_media_type"": [], ""date_of_digitization"": [], ""preservation_copy_of_id"": null, ""original_language_caption"": null}, {""id"": {""id"": ""e305503d-4fb8-48ab-a5b1-c4fe32345cba""}, ""use"": [{""@id"": ""http://pcdm.org/use#ServiceFile""}], ""size"": [], ""label"": [""intermediate_file.tif""], ""width"": [], ""bounds"": [], ""height"": [], ""checksum"": [], ""duration"": [], ""geometry"": [], ""producer"": [], ""software"": [], ""mime_type"": [""image/tiff""], ""change_set"": null, ""created_at"": ""2026-09-29T20:58:52+00:00"", ""edit_users"": [], ""new_record"": true, ""page_count"": null, ""read_users"": [], ""updated_at"": ""2026-09-29T20:58:52+00:00"", ""edit_groups"": [], ""read_groups"": [], ""camera_model"": [], ""x_resolution"": [], ""y_resolution"": [], ""error_message"": [], ""bits_per_sample"": [], ""processing_note"": [], ""caption_language"": [], ""file_identifiers"": [{""id"": ""pyramidal-derivatives-shrine://e3/05/50/e305503d4fb848aba5b1c4fe32345cba/intermediate_file.tif""}], ""internal_resource"": ""FileMetadata"", ""original_filename"": [""intermediate_file.tif""], ""source_media_type"": [], ""date_of_digitization"": [], ""preservation_copy_of_id"": null, ""original_language_caption"": null}], ""service_targets"": [], ""cached_parent_id"": [{""id"": ""b7f6f438-4363-4003-8b74-779b5e31f210""}], ""processing_status"": [""processed""], ""optimistic_lock_token"": [{""token"": ""3"", ""adapter_id"": {""id"": ""746f06acf4d573bebd8c8a500b398589""}}]}",2026-09-29 20:57:22.83052,2026-09-30 13:41:26.39666,FileSet,4
fa7ea858-2c13-433a-b8c0-c35c6d61f4e0,"{""part"": [], ""side"": [], ""title"": [""00000034.tif""], ""barcode"": [], ""edit_users"": [], ""highlights"": [], ""member_ids"": [], ""read_users"": [], ""edit_groups"": [], ""read_groups"": [""public""], ""file_metadata"": [{""id"": {""id"": ""56bbc43b-4f0b-4f6e-a496-b9d099eeaf9f""}, ""use"": [{""@id"": ""http://pcdm.org/use#OriginalFile""}], ""size"": [""58366592""], ""label"": [""00000034.tif""], ""width"": [""3592""], ""bounds"": [], ""height"": [""5411""], ""checksum"": [{""id"": null, ""md5"": ""c874c6d9496d29d10e088e9076cf00d1"", ""sha1"": ""73ddd9f5f7910459ebd3ee58e875c8f5f978e677"", ""sha256"": ""7a29967ad73ef4f625e8903dddfd42c7eccb7766656f6a910ba1033495e4e954"", ""created_at"": null, ""new_record"": true, ""updated_at"": null, ""internal_resource"": ""MultiChecksum""}], ""duration"": [], ""geometry"": [], ""producer"": [], ""software"": [], ""mime_type"": [""image/tiff""], ""change_set"": null, ""created_at"": ""2026-09-29T20:56:48+00:00"", ""edit_users"": [], ""new_record"": true, ""page_count"": null, ""read_users"": [], ""updated_at"": ""2026-09-29T20:56:48+00:00"", ""edit_groups"": [], ""read_groups"": [], ""camera_model"": [], ""x_resolution"": [], ""y_resolution"": [], ""error_message"": [], ""bits_per_sample"": [], ""processing_note"": [], ""caption_language"": [], ""file_identifiers"": [{""id"": ""disk:///opt/repository/files/56/bb/c4/56bbc43b4f0b4f6ea496b9d099eeaf9f/00000034.tif""}], ""internal_resource"": ""FileMetadata"", ""original_filename"": [""00000034.tif""], ""source_media_type"": [], ""date_of_digitization"": [], ""preservation_copy_of_id"": null, ""original_language_caption"": null}, {""id"": {""id"": ""2ccbe9ac-4371-4e50-b6c2-772ed9956acd""}, ""use"": [{""@id"": ""http://pcdm.org/use#ServiceFile""}], ""size"": [], ""label"": [""intermediate_file.tif""], ""width"": [], ""bounds"": [], ""height"": [], ""checksum"": [], ""duration"": [], ""geometry"": [], ""producer"": [], ""software"": [], ""mime_type"": [""image/tiff""], ""change_set"": null, ""created_at"": ""2026-09-29T20:58:51+00:00"", ""edit_users"": [], ""new_record"": true, ""page_count"": null, ""read_users"": [], ""updated_at"": ""2026-09-29T20:58:51+00:00"", ""edit_groups"": [], ""read_groups"": [], ""camera_model"": [], ""x_resolution"": [], ""y_resolution"": [], ""error_message"": [], ""bits_per_sample"": [], ""processing_note"": [], ""caption_language"": [], ""file_identifiers"": [{""id"": ""pyramidal-derivatives-shrine://2c/cb/e9/2ccbe9ac43714e50b6c2772ed9956acd/intermediate_file.tif""}], ""internal_resource"": ""FileMetadata"", ""original_filename"": [""intermediate_file.tif""], ""source_media_type"": [], ""date_of_digitization"": [], ""preservation_copy_of_id"": null, ""original_language_caption"": null}], ""service_targets"": [], ""cached_parent_id"": [{""id"": ""b7f6f438-4363-4003-8b74-779b5e31f210""}], ""processing_status"": [""processed""], ""optimistic_lock_token"": [{""token"": ""3"", ""adapter_id"": {""id"": ""746f06acf4d573bebd8c8a500b398589""}}]}",2026-09-29 20:57:22.841495,2026-09-30 13:41:26.42253,FileSet,4
a1383af4-d703-4802-84b7-ce5d3336bd80,"{""part"": [], ""side"": [], ""title"": [""00000035.tif""], ""barcode"": [], ""edit_users"": [], ""highlights"": [], ""member_ids"": [], ""read_users"": [], ""edit_groups"": [], ""read_groups"": [""public""], ""file_metadata"": [{""id"": {""id"": ""6694f820-ba91-46a0-a52c-1e31787e1ce7""}, ""use"": [{""@id"": ""http://pcdm.org/use#OriginalFile""}], ""size"": [""54758242""], ""label"": [""00000035.tif""], ""width"": [""3465""], ""bounds"": [], ""height"": [""5262""], ""checksum"": [{""id"": null, ""md5"": ""affb15fcf8ad8aa0e8bf73c2f13f4c86"", ""sha1"": ""c3041e9d44a7d864f3b41f6dfd578de4d69d5191"", ""sha256"": ""860f391ab6b7bbb814bb63a658e09a7085e8f3c21229855d7da63bf8d60e966f"", ""created_at"": null, ""new_record"": true, ""updated_at"": null, ""internal_resource"": ""MultiChecksum""}], ""duration"": [], ""geometry"": [], ""producer"": [], ""software"": [], ""mime_type"": [""image/tiff""], ""change_set"": null, ""created_at"": ""2026-09-29T20:56:50+00:00"", ""edit_users"": [], ""new_record"": true, ""page_count"": null, ""read_users"": [], ""updated_at"": ""2026-09-29T20:56:50+00:00"", ""edit_groups"": [], ""read_groups"": [], ""camera_model"": [], ""x_resolution"": [], ""y_resolution"": [], ""error_message"": [], ""bits_per_sample"": [], ""processing_note"": [], ""caption_language"": [], ""file_identifiers"": [{""id"": ""disk:///opt/repository/files/66/94/f8/6694f820ba9146a0a52c1e31787e1ce7/00000035.tif""}], ""internal_resource"": ""FileMetadata"", ""original_filename"": [""00000035.tif""], ""source_media_type"": [], ""date_of_digitization"": [], ""preservation_copy_of_id"": null, ""original_language_caption"": null}, {""id"": {""id"": ""40461e27-d035-4490-a0dd-db7f3e7943f1""}, ""use"": [{""@id"": ""http://pcdm.org/use#ServiceFile""}], ""size"": [], ""label"": [""intermediate_file.tif""], ""width"": [], ""bounds"": [], ""height"": [], ""checksum"": [], ""duration"": [], ""geometry"": [], ""producer"": [], ""software"": [], ""mime_type"": [""image/tiff""], ""change_set"": null, ""created_at"": ""2026-09-29T20:57:58+00:00"", ""edit_users"": [], ""new_record"": true, ""page_count"": null, ""read_users"": [], ""updated_at"": ""2026-09-29T20:57:58+00:00"", ""edit_groups"": [], ""read_groups"": [], ""camera_model"": [], ""x_resolution"": [], ""y_resolution"": [], ""error_message"": [], ""bits_per_sample"": [], ""processing_note"": [], ""caption_language"": [], ""file_identifiers"": [{""id"": ""pyramidal-derivatives-shrine://40/46/1e/40461e27d0354490a0dddb7f3e7943f1/intermediate_file.tif""}], ""internal_resource"": ""FileMetadata"", ""original_filename"": [""intermediate_file.tif""], ""source_media_type"": [], ""date_of_digitization"": [], ""preservation_copy_of_id"": null, ""original_language_caption"": null}], ""service_targets"": [], ""cached_parent_id"": [{""id"": ""b7f6f438-4363-4003-8b74-779b5e31f210""}], ""processing_status"": [""processed""], ""optimistic_lock_token"": [{""token"": ""3"", ""adapter_id"": {""id"": ""746f06acf4d573bebd8c8a500b398589""}}]}",2026-09-29 20:57:22.855472,2026-09-30 13:41:26.444055,FileSet,4
bc383e45-83f3-405c-8a9c-f6d04f2cd5f7,"{""part"": [], ""side"": [], ""title"": [""00000036.tif""], ""barcode"": [], ""edit_users"": [], ""highlights"": [], ""member_ids"": [], ""read_users"": [], ""edit_groups"": [], ""read_groups"": [""public""], ""file_metadata"": [{""id"": {""id"": ""f9ce3007-f56c-44cf-88a7-b8c8ae399f9e""}, ""use"": [{""@id"": ""http://pcdm.org/use#OriginalFile""}], ""size"": [""58366592""], ""label"": [""00000036.tif""], ""width"": [""3592""], ""bounds"": [], ""height"": [""5411""], ""checksum"": [{""id"": null, ""md5"": ""1d8b3c5b2a6b25444492229db9a9083b"", ""sha1"": ""5f511d58ae0cd176bae1c16898537dd48b45ef99"", ""sha256"": ""9c69f737be3380a0a272e15d91832999d834ae0269dea7bc223cebdaa16554f0"", ""created_at"": null, ""new_record"": true, ""updated_at"": null, ""internal_resource"": ""MultiChecksum""}], ""duration"": [], ""geometry"": [], ""producer"": [], ""software"": [], ""mime_type"": [""image/tiff""], ""change_set"": null, ""created_at"": ""2026-09-29T20:56:56+00:00"", ""edit_users"": [], ""new_record"": true, ""page_count"": null, ""read_users"": [], ""updated_at"": ""2026-09-29T20:56:56+00:00"", ""edit_groups"": [], ""read_groups"": [], ""camera_model"": [], ""x_resolution"": [], ""y_resolution"": [], ""error_message"": [], ""bits_per_sample"": [], ""processing_note"": [], ""caption_language"": [], ""file_identifiers"": [{""id"": ""disk:///opt/repository/files/f9/ce/30/f9ce3007f56c44cf88a7b8c8ae399f9e/00000036.tif""}], ""internal_resource"": ""FileMetadata"", ""original_filename"": [""00000036.tif""], ""source_media_type"": [], ""date_of_digitization"": [], ""preservation_copy_of_id"": null, ""original_language_caption"": null}, {""id"": {""id"": ""28d19e13-c6de-47c4-b157-3ee478ba2adc""}, ""use"": [{""@id"": ""http://pcdm.org/use#ServiceFile""}], ""size"": [], ""label"": [""intermediate_file.tif""], ""width"": [], ""bounds"": [], ""height"": [], ""checksum"": [], ""duration"": [], ""geometry"": [], ""producer"": [], ""software"": [], ""mime_type"": [""image/tiff""], ""change_set"": null, ""created_at"": ""2026-09-29T20:57:58+00:00"", ""edit_users"": [], ""new_record"": true, ""page_count"": null, ""read_users"": [], ""updated_at"": ""2026-09-29T20:57:58+00:00"", ""edit_groups"": [], ""read_groups"": [], ""camera_model"": [], ""x_resolution"": [], ""y_resolution"": [], ""error_message"": [], ""bits_per_sample"": [], ""processing_note"": [], ""caption_language"": [], ""file_identifiers"": [{""id"": ""pyramidal-derivatives-shrine://28/d1/9e/28d19e13c6de47c4b1573ee478ba2adc/intermediate_file.tif""}], ""internal_resource"": ""FileMetadata"", ""original_filename"": [""intermediate_file.tif""], ""source_media_type"": [], ""date_of_digitization"": [], ""preservation_copy_of_id"": null, ""original_language_caption"": null}], ""service_targets"": [], ""cached_parent_id"": [{""id"": ""b7f6f438-4363-4003-8b74-779b5e31f210""}], ""processing_status"": [""processed""], ""optimistic_lock_token"": [{""token"": ""3"", ""adapter_id"": {""id"": ""746f06acf4d573bebd8c8a500b398589""}}]}",2026-09-29 20:57:22.861901,2026-09-30 13:41:26.466052,FileSet,4
c7847dec-39fe-44da-8cfc-0fa8c5b09d6e,"{""part"": [], ""side"": [], ""title"": [""00000037.tif""], ""barcode"": [], ""edit_users"": [], ""highlights"": [], ""member_ids"": [], ""read_users"": [], ""edit_groups"": [], ""read_groups"": [""public""], ""file_metadata"": [{""id"": {""id"": ""c3afa87d-3f02-4b65-998d-aec8bd7fcdbe""}, ""use"": [{""@id"": ""http://pcdm.org/use#OriginalFile""}], ""size"": [""54758242""], ""label"": [""00000037.tif""], ""width"": [""3465""], ""bounds"": [], ""height"": [""5262""], ""checksum"": [{""id"": null, ""md5"": ""2d5a3d8a6aa2c32f7d311adb9f4974a2"", ""sha1"": ""3d1b225475569a7e98deb59fc8da021543a57c56"", ""sha256"": ""99d68cda7538b316e79bc91dca657658dd994bb0f51f8fb1154683af6fb0ddc4"", ""created_at"": null, ""new_record"": true, ""updated_at"": null, ""internal_resource"": ""MultiChecksum""}], ""duration"": [], ""geometry"": [], ""producer"": [], ""software"": [], ""mime_type"": [""image/tiff""], ""change_set"": null, ""created_at"": ""2026-09-29T20:57:06+00:00"", ""edit_users"": [], ""new_record"": true, ""page_count"": null, ""read_users"": [], ""updated_at"": ""2026-09-29T20:57:06+00:00"", ""edit_groups"": [], ""read_groups"": [], ""camera_model"": [], ""x_resolution"": [], ""y_resolution"": [], ""error_message"": [], ""bits_per_sample"": [], ""processing_note"": [], ""caption_language"": [], ""file_identifiers"": [{""id"": ""disk:///opt/repository/files/c3/af/a8/c3afa87d3f024b65998daec8bd7fcdbe/00000037.tif""}], ""internal_resource"": ""FileMetadata"", ""original_filename"": [""00000037.tif""], ""source_media_type"": [], ""date_of_digitization"": [], ""preservation_copy_of_id"": null, ""original_language_caption"": null}, {""id"": {""id"": ""c0edd317-e976-4a3a-88b0-42ad0f880a24""}, ""use"": [{""@id"": ""http://pcdm.org/use#ServiceFile""}], ""size"": [], ""label"": [""intermediate_file.tif""], ""width"": [], ""bounds"": [], ""height"": [], ""checksum"": [], ""duration"": [], ""geometry"": [], ""producer"": [], ""software"": [], ""mime_type"": [""image/tiff""], ""change_set"": null, ""created_at"": ""2026-09-29T20:58:49+00:00"", ""edit_users"": [], ""new_record"": true, ""page_count"": null, ""read_users"": [], ""updated_at"": ""2026-09-29T20:58:49+00:00"", ""edit_groups"": [], ""read_groups"": [], ""camera_model"": [], ""x_resolution"": [], ""y_resolution"": [], ""error_message"": [], ""bits_per_sample"": [], ""processing_note"": [], ""caption_language"": [], ""file_identifiers"": [{""id"": ""pyramidal-derivatives-shrine://c0/ed/d3/c0edd317e9764a3a88b042ad0f880a24/intermediate_file.tif""}], ""internal_resource"": ""FileMetadata"", ""original_filename"": [""intermediate_file.tif""], ""source_media_type"": [], ""date_of_digitization"": [], ""preservation_copy_of_id"": null, ""original_language_caption"": null}], ""service_targets"": [], ""cached_parent_id"": [{""id"": ""b7f6f438-4363-4003-8b74-779b5e31f210""}], ""processing_status"": [""processed""], ""optimistic_lock_token"": [{""token"": ""3"", ""adapter_id"": {""id"": ""746f06acf4d573bebd8c8a500b398589""}}]}",2026-09-29 20:57:22.868015,2026-09-30 13:41:26.480015,FileSet,4
fe0b0d45-341d-4e62-a128-d63b78657a40,"{""part"": [], ""side"": [], ""title"": [""00000038.tif""], ""barcode"": [], ""edit_users"": [], ""highlights"": [], ""member_ids"": [], ""read_users"": [], ""edit_groups"": [], ""read_groups"": [""public""], ""file_metadata"": [{""id"": {""id"": ""ad271826-2989-485b-a526-e78cf79c78a0""}, ""use"": [{""@id"": ""http://pcdm.org/use#OriginalFile""}], ""size"": [""58366592""], ""label"": [""00000038.tif""], ""width"": [""3592""], ""bounds"": [], ""height"": [""5411""], ""checksum"": [{""id"": null, ""md5"": ""af626ea122678886ef7386a83217caf4"", ""sha1"": ""1ed92602e647a25ac5eb3b0becf4eabfb45d20d0"", ""sha256"": ""6ed533541497670e8d278c5dbeb08905723824ab62a7ee6fcd0cb5cf4c048720"", ""created_at"": null, ""new_record"": true, ""updated_at"": null, ""internal_resource"": ""MultiChecksum""}], ""duration"": [], ""geometry"": [], ""producer"": [], ""software"": [], ""mime_type"": [""image/tiff""], ""change_set"": null, ""created_at"": ""2026-09-29T20:57:08+00:00"", ""edit_users"": [], ""new_record"": true, ""page_count"": null, ""read_users"": [], ""updated_at"": ""2026-09-29T20:57:08+00:00"", ""edit_groups"": [], ""read_groups"": [], ""camera_model"": [], ""x_resolution"": [], ""y_resolution"": [], ""error_message"": [], ""bits_per_sample"": [], ""processing_note"": [], ""caption_language"": [], ""file_identifiers"": [{""id"": ""disk:///opt/repository/files/ad/27/18/ad2718262989485ba526e78cf79c78a0/00000038.tif""}], ""internal_resource"": ""FileMetadata"", ""original_filename"": [""00000038.tif""], ""source_media_type"": [], ""date_of_digitization"": [], ""preservation_copy_of_id"": null, ""original_language_caption"": null}, {""id"": {""id"": ""e00a234c-c43a-4d58-ab65-90b620cca791""}, ""use"": [{""@id"": ""http://pcdm.org/use#ServiceFile""}], ""size"": [], ""label"": [""intermediate_file.tif""], ""width"": [], ""bounds"": [], ""height"": [], ""checksum"": [], ""duration"": [], ""geometry"": [], ""producer"": [], ""software"": [], ""mime_type"": [""image/tiff""], ""change_set"": null, ""created_at"": ""2026-09-29T20:58:51+00:00"", ""edit_users"": [], ""new_record"": true, ""page_count"": null, ""read_users"": [], ""updated_at"": ""2026-09-29T20:58:51+00:00"", ""edit_groups"": [], ""read_groups"": [], ""camera_model"": [], ""x_resolution"": [], ""y_resolution"": [], ""error_message"": [], ""bits_per_sample"": [], ""processing_note"": [], ""caption_language"": [], ""file_identifiers"": [{""id"": ""pyramidal-derivatives-shrine://e0/0a/23/e00a234cc43a4d58ab6590b620cca791/intermediate_file.tif""}], ""internal_resource"": ""FileMetadata"", ""original_filename"": [""intermediate_file.tif""], ""source_media_type"": [], ""date_of_digitization"": [], ""preservation_copy_of_id"": null, ""original_language_caption"": null}], ""service_targets"": [], ""cached_parent_id"": [{""id"": ""b7f6f438-4363-4003-8b74-779b5e31f210""}], ""processing_status"": [""processed""], ""optimistic_lock_token"": [{""token"": ""3"", ""adapter_id"": {""id"": ""746f06acf4d573bebd8c8a500b398589""}}]}",2026-09-29 20:57:22.875109,2026-09-30 13:41:26.494947,FileSet,4
da14750b-4233-4a51-bba6-e13b7b554b98,"{""part"": [], ""side"": [], ""title"": [""00000039.tif""], ""barcode"": [], ""edit_users"": [], ""highlights"": [], ""member_ids"": [], ""read_users"": [], ""edit_groups"": [], ""read_groups"": [""public""], ""file_metadata"": [{""id"": {""id"": ""74a1443a-61d4-4441-8aa8-f155d14db947""}, ""use"": [{""@id"": ""http://pcdm.org/use#OriginalFile""}], ""size"": [""54758242""], ""label"": [""00000039.tif""], ""width"": [""3465""], ""bounds"": [], ""height"": [""5262""], ""checksum"": [{""id"": null, ""md5"": ""4799633e10598690cef4fd357f9e4bf1"", ""sha1"": ""baab1cb279fcc764a734cb3195e099c1b5b95413"", ""sha256"": ""6b43af656ee62f44cd6bafb9b090479efd9a46f2fbebf5cb1f39336256a49307"", ""created_at"": null, ""new_record"": true, ""updated_at"": null, ""internal_resource"": ""MultiChecksum""}], ""duration"": [], ""geometry"": [], ""producer"": [], ""software"": [], ""mime_type"": [""image/tiff""], ""change_set"": null, ""created_at"": ""2026-09-29T20:57:15+00:00"", ""edit_users"": [], ""new_record"": true, ""page_count"": null, ""read_users"": [], ""updated_at"": ""2026-09-29T20:57:15+00:00"", ""edit_groups"": [], ""read_groups"": [], ""camera_model"": [], ""x_resolution"": [], ""y_resolution"": [], ""error_message"": [], ""bits_per_sample"": [], ""processing_note"": [], ""caption_language"": [], ""file_identifiers"": [{""id"": ""disk:///opt/repository/files/74/a1/44/74a1443a61d444418aa8f155d14db947/00000039.tif""}], ""internal_resource"": ""FileMetadata"", ""original_filename"": [""00000039.tif""], ""source_media_type"": [], ""date_of_digitization"": [], ""preservation_copy_of_id"": null, ""original_language_caption"": null}, {""id"": {""id"": ""a0d9cf9e-a8ae-4c88-b3f8-6301cef37044""}, ""use"": [{""@id"": ""http://pcdm.org/use#ServiceFile""}], ""size"": [], ""label"": [""intermediate_file.tif""], ""width"": [], ""bounds"": [], ""height"": [], ""checksum"": [], ""duration"": [], ""geometry"": [], ""producer"": [], ""software"": [], ""mime_type"": [""image/tiff""], ""change_set"": null, ""created_at"": ""2026-09-29T20:57:58+00:00"", ""edit_users"": [], ""new_record"": true, ""page_count"": null, ""read_users"": [], ""updated_at"": ""2026-09-29T20:57:58+00:00"", ""edit_groups"": [], ""read_groups"": [], ""camera_model"": [], ""x_resolution"": [], ""y_resolution"": [], ""error_message"": [], ""bits_per_sample"": [], ""processing_note"": [], ""caption_language"": [], ""file_identifiers"": [{""id"": ""pyramidal-derivatives-shrine://a0/d9/cf/a0d9cf9ea8ae4c88b3f86301cef37044/intermediate_file.tif""}], ""internal_resource"": ""FileMetadata"", ""original_filename"": [""intermediate_file.tif""], ""source_media_type"": [], ""date_of_digitization"": [], ""preservation_copy_of_id"": null, ""original_language_caption"": null}], ""service_targets"": [], ""cached_parent_id"": [{""id"": ""b7f6f438-4363-4003-8b74-779b5e31f210""}], ""processing_status"": [""processed""], ""optimistic_lock_token"": [{""token"": ""3"", ""adapter_id"": {""id"": ""746f06acf4d573bebd8c8a500b398589""}}]}",2026-09-29 20:57:22.887243,2026-09-30 13:41:26.517123,FileSet,4
034dbeba-4f93-48f8-b74d-ad838612a9d9,"{""part"": [], ""side"": [], ""title"": [""00000040.tif""], ""barcode"": [], ""edit_users"": [], ""highlights"": [], ""member_ids"": [], ""read_users"": [], ""edit_groups"": [], ""read_groups"": [""public""], ""file_metadata"": [{""id"": {""id"": ""526ca1bb-cb86-4a75-84f0-bb5650e90b39""}, ""use"": [{""@id"": ""http://pcdm.org/use#OriginalFile""}], ""size"": [""58366592""], ""label"": [""00000040.tif""], ""width"": [""3592""], ""bounds"": [], ""height"": [""5411""], ""checksum"": [{""id"": null, ""md5"": ""0099c5a14471e49d82951d9989a3c8f3"", ""sha1"": ""8c237721f1f917ec7d0b959a5d81d626589642d1"", ""sha256"": ""79fca7d3dffd1e7d98a447eb06b3e073dcd82266b3ecee0349be9c8e24e8507a"", ""created_at"": null, ""new_record"": true, ""updated_at"": null, ""internal_resource"": ""MultiChecksum""}], ""duration"": [], ""geometry"": [], ""producer"": [], ""software"": [], ""mime_type"": [""image/tiff""], ""change_set"": null, ""created_at"": ""2026-09-29T20:57:20+00:00"", ""edit_users"": [], ""new_record"": true, ""page_count"": null, ""read_users"": [], ""updated_at"": ""2026-09-29T20:57:20+00:00"", ""edit_groups"": [], ""read_groups"": [], ""camera_model"": [], ""x_resolution"": [], ""y_resolution"": [], ""error_message"": [], ""bits_per_sample"": [], ""processing_note"": [], ""caption_language"": [], ""file_identifiers"": [{""id"": ""disk:///opt/repository/files/52/6c/a1/526ca1bbcb864a7584f0bb5650e90b39/00000040.tif""}], ""internal_resource"": ""FileMetadata"", ""original_filename"": [""00000040.tif""], ""source_media_type"": [], ""date_of_digitization"": [], ""preservation_copy_of_id"": null, ""original_language_caption"": null}, {""id"": {""id"": ""d2b190b1-dd9a-41fe-a163-f68ff6cd97c9""}, ""use"": [{""@id"": ""http://pcdm.org/use#ServiceFile""}], ""size"": [], ""label"": [""intermediate_file.tif""], ""width"": [], ""bounds"": [], ""height"": [], ""checksum"": [], ""duration"": [], ""geometry"": [], ""producer"": [], ""software"": [], ""mime_type"": [""image/tiff""], ""change_set"": null, ""created_at"": ""2026-09-29T20:58:45+00:00"", ""edit_users"": [], ""new_record"": true, ""page_count"": null, ""read_users"": [], ""updated_at"": ""2026-09-29T20:58:45+00:00"", ""edit_groups"": [], ""read_groups"": [], ""camera_model"": [], ""x_resolution"": [], ""y_resolution"": [], ""error_message"": [], ""bits_per_sample"": [], ""processing_note"": [], ""caption_language"": [], ""file_identifiers"": [{""id"": ""pyramidal-derivatives-shrine://d2/b1/90/d2b190b1dd9a41fea163f68ff6cd97c9/intermediate_file.tif""}], ""internal_resource"": ""FileMetadata"", ""original_filename"": [""intermediate_file.tif""], ""source_media_type"": [], ""date_of_digitization"": [], ""preservation_copy_of_id"": null, ""original_language_caption"": null}], ""service_targets"": [], ""cached_parent_id"": [{""id"": ""b7f6f438-4363-4003-8b74-779b5e31f210""}], ""processing_status"": [""processed""], ""optimistic_lock_token"": [{""token"": ""3"", ""adapter_id"": {""id"": ""746f06acf4d573bebd8c8a500b398589""}}]}",2026-09-29 20:57:22.905433,2026-09-30 13:41:26.540524,FileSet,4
1a98e238-3352-430a-a55e-2aa0bf1a1d4a,"{""part"": [], ""side"": [], ""title"": [""00000041.tif""], ""barcode"": [], ""edit_users"": [], ""highlights"": [], ""member_ids"": [], ""read_users"": [], ""edit_groups"": [], ""read_groups"": [""public""], ""file_metadata"": [{""id"": {""id"": ""a7f0c9d9-b82f-475e-8d3d-c2f979ec504e""}, ""use"": [{""@id"": ""http://pcdm.org/use#OriginalFile""}], ""size"": [""54758242""], ""label"": [""00000041.tif""], ""width"": [""3465""], ""bounds"": [], ""height"": [""5262""], ""checksum"": [{""id"": null, ""md5"": ""3be887712eb71b28361b3983746992b6"", ""sha1"": ""96c640e7cb7167f6f55d5cd36c5d2da487bc3584"", ""sha256"": ""8fe3cb4d6bf2309f18d829be6edbbd37d0b4018bce14571ad90953c84e6bc760"", ""created_at"": null, ""new_record"": true, ""updated_at"": null, ""internal_resource"": ""MultiChecksum""}], ""duration"": [], ""geometry"": [], ""producer"": [], ""software"": [], ""mime_type"": [""image/tiff""], ""change_set"": null, ""created_at"": ""2026-09-29T20:57:23+00:00"", ""edit_users"": [], ""new_record"": true, ""page_count"": null, ""read_users"": [], ""updated_at"": ""2026-09-29T20:57:23+00:00"", ""edit_groups"": [], ""read_groups"": [], ""camera_model"": [], ""x_resolution"": [], ""y_resolution"": [], ""error_message"": [], ""bits_per_sample"": [], ""processing_note"": [], ""caption_language"": [], ""file_identifiers"": [{""id"": ""disk:///opt/repository/files/a7/f0/c9/a7f0c9d9b82f475e8d3dc2f979ec504e/00000041.tif""}], ""internal_resource"": ""FileMetadata"", ""original_filename"": [""00000041.tif""], ""source_media_type"": [], ""date_of_digitization"": [], ""preservation_copy_of_id"": null, ""original_language_caption"": null}, {""id"": {""id"": ""3795c5b0-4449-4744-b635-3a8ef4d32fc9""}, ""use"": [{""@id"": ""http://pcdm.org/use#ServiceFile""}], ""size"": [], ""label"": [""intermediate_file.tif""], ""width"": [], ""bounds"": [], ""height"": [], ""checksum"": [], ""duration"": [], ""geometry"": [], ""producer"": [], ""software"": [], ""mime_type"": [""image/tiff""], ""change_set"": null, ""created_at"": ""2026-09-29T20:59:18+00:00"", ""edit_users"": [], ""new_record"": true, ""page_count"": null, ""read_users"": [], ""updated_at"": ""2026-09-29T20:59:18+00:00"", ""edit_groups"": [], ""read_groups"": [], ""camera_model"": [], ""x_resolution"": [], ""y_resolution"": [], ""error_message"": [], ""bits_per_sample"": [], ""processing_note"": [], ""caption_language"": [], ""file_identifiers"": [{""id"": ""pyramidal-derivatives-shrine://37/95/c5/3795c5b044494744b6353a8ef4d32fc9/intermediate_file.tif""}], ""internal_resource"": ""FileMetadata"", ""original_filename"": [""intermediate_file.tif""], ""source_media_type"": [], ""date_of_digitization"": [], ""preservation_copy_of_id"": null, ""original_language_caption"": null}], ""service_targets"": [], ""cached_parent_id"": [{""id"": ""b7f6f438-4363-4003-8b74-779b5e31f210""}], ""processing_status"": [""processed""], ""optimistic_lock_token"": [{""token"": ""3"", ""adapter_id"": {""id"": ""746f06acf4d573bebd8c8a500b398589""}}]}",2026-09-29 20:58:10.055535,2026-09-30 13:41:26.569599,FileSet,4
2bb11586-c4d0-4223-94b7-bf48efc0f373,"{""part"": [], ""side"": [], ""title"": [""00000042.tif""], ""barcode"": [], ""edit_users"": [], ""highlights"": [], ""member_ids"": [], ""read_users"": [], ""edit_groups"": [], ""read_groups"": [""public""], ""file_metadata"": [{""id"": {""id"": ""86acf1c9-195b-479d-a85c-12a2366c0ff7""}, ""use"": [{""@id"": ""http://pcdm.org/use#OriginalFile""}], ""size"": [""58366592""], ""label"": [""00000042.tif""], ""width"": [""3592""], ""bounds"": [], ""height"": [""5411""], ""checksum"": [{""id"": null, ""md5"": ""c14d22f081e6e5fe341ac8da4fe9d59b"", ""sha1"": ""b861e953dd165e724314c1ca37bfca8c61a126fd"", ""sha256"": ""a68b54dd16ea432beb6e8ba5a9be9b7b9821c5c43416edc5d65744e95a1eaa5b"", ""created_at"": null, ""new_record"": true, ""updated_at"": null, ""internal_resource"": ""MultiChecksum""}], ""duration"": [], ""geometry"": [], ""producer"": [], ""software"": [], ""mime_type"": [""image/tiff""], ""change_set"": null, ""created_at"": ""2026-09-29T20:57:36+00:00"", ""edit_users"": [], ""new_record"": true, ""page_count"": null, ""read_users"": [], ""updated_at"": ""2026-09-29T20:57:36+00:00"", ""edit_groups"": [], ""read_groups"": [], ""camera_model"": [], ""x_resolution"": [], ""y_resolution"": [], ""error_message"": [], ""bits_per_sample"": [], ""processing_note"": [], ""caption_language"": [], ""file_identifiers"": [{""id"": ""disk:///opt/repository/files/86/ac/f1/86acf1c9195b479da85c12a2366c0ff7/00000042.tif""}], ""internal_resource"": ""FileMetadata"", ""original_filename"": [""00000042.tif""], ""source_media_type"": [], ""date_of_digitization"": [], ""preservation_copy_of_id"": null, ""original_language_caption"": null}, {""id"": {""id"": ""36d1f121-d57e-45d9-b552-237bbdaab735""}, ""use"": [{""@id"": ""http://pcdm.org/use#ServiceFile""}], ""size"": [], ""label"": [""intermediate_file.tif""], ""width"": [], ""bounds"": [], ""height"": [], ""checksum"": [], ""duration"": [], ""geometry"": [], ""producer"": [], ""software"": [], ""mime_type"": [""image/tiff""], ""change_set"": null, ""created_at"": ""2026-09-29T20:58:57+00:00"", ""edit_users"": [], ""new_record"": true, ""page_count"": null, ""read_users"": [], ""updated_at"": ""2026-09-29T20:58:57+00:00"", ""edit_groups"": [], ""read_groups"": [], ""camera_model"": [], ""x_resolution"": [], ""y_resolution"": [], ""error_message"": [], ""bits_per_sample"": [], ""processing_note"": [], ""caption_language"": [], ""file_identifiers"": [{""id"": ""pyramidal-derivatives-shrine://36/d1/f1/36d1f121d57e45d9b552237bbdaab735/intermediate_file.tif""}], ""internal_resource"": ""FileMetadata"", ""original_filename"": [""intermediate_file.tif""], ""source_media_type"": [], ""date_of_digitization"": [], ""preservation_copy_of_id"": null, ""original_language_caption"": null}], ""service_targets"": [], ""cached_parent_id"": [{""id"": ""b7f6f438-4363-4003-8b74-779b5e31f210""}], ""processing_status"": [""processed""], ""optimistic_lock_token"": [{""token"": ""3"", ""adapter_id"": {""id"": ""746f06acf4d573bebd8c8a500b398589""}}]}",2026-09-29 20:58:10.062947,2026-09-30 13:41:26.592644,FileSet,4
085b91c6-c96a-4e68-b476-8544156d8bcd,"{""part"": [], ""side"": [], ""title"": [""00000043.tif""], ""barcode"": [], ""edit_users"": [], ""highlights"": [], ""member_ids"": [], ""read_users"": [], ""edit_groups"": [], ""read_groups"": [""public""], ""file_metadata"": [{""id"": {""id"": ""65c2c6e7-17f8-4dac-870f-6dca320dd170""}, ""use"": [{""@id"": ""http://pcdm.org/use#OriginalFile""}], ""size"": [""54758242""], ""label"": [""00000043.tif""], ""width"": [""3465""], ""bounds"": [], ""height"": [""5262""], ""checksum"": [{""id"": null, ""md5"": ""ae4330ac587d81aa9ef63666180d1ce2"", ""sha1"": ""aea255bdc0c32a6f0f85e9a047d8046a328849b3"", ""sha256"": ""8ba8f0302e66d04a67479e74b818388df6b9b8ad4a57783391278f798a6e9250"", ""created_at"": null, ""new_record"": true, ""updated_at"": null, ""internal_resource"": ""MultiChecksum""}], ""duration"": [], ""geometry"": [], ""producer"": [], ""software"": [], ""mime_type"": [""image/tiff""], ""change_set"": null, ""created_at"": ""2026-09-29T20:57:40+00:00"", ""edit_users"": [], ""new_record"": true, ""page_count"": null, ""read_users"": [], ""updated_at"": ""2026-09-29T20:57:40+00:00"", ""edit_groups"": [], ""read_groups"": [], ""camera_model"": [], ""x_resolution"": [], ""y_resolution"": [], ""error_message"": [], ""bits_per_sample"": [], ""processing_note"": [], ""caption_language"": [], ""file_identifiers"": [{""id"": ""disk:///opt/repository/files/65/c2/c6/65c2c6e717f84dac870f6dca320dd170/00000043.tif""}], ""internal_resource"": ""FileMetadata"", ""original_filename"": [""00000043.tif""], ""source_media_type"": [], ""date_of_digitization"": [], ""preservation_copy_of_id"": null, ""original_language_caption"": null}, {""id"": {""id"": ""92afc302-d6c0-48f4-b3ae-ea5bf216040d""}, ""use"": [{""@id"": ""http://pcdm.org/use#ServiceFile""}], ""size"": [], ""label"": [""intermediate_file.tif""], ""width"": [], ""bounds"": [], ""height"": [], ""checksum"": [], ""duration"": [], ""geometry"": [], ""producer"": [], ""software"": [], ""mime_type"": [""image/tiff""], ""change_set"": null, ""created_at"": ""2026-09-29T20:58:56+00:00"", ""edit_users"": [], ""new_record"": true, ""page_count"": null, ""read_users"": [], ""updated_at"": ""2026-09-29T20:58:56+00:00"", ""edit_groups"": [], ""read_groups"": [], ""camera_model"": [], ""x_resolution"": [], ""y_resolution"": [], ""error_message"": [], ""bits_per_sample"": [], ""processing_note"": [], ""caption_language"": [], ""file_identifiers"": [{""id"": ""pyramidal-derivatives-shrine://92/af/c3/92afc302d6c048f4b3aeea5bf216040d/intermediate_file.tif""}], ""internal_resource"": ""FileMetadata"", ""original_filename"": [""intermediate_file.tif""], ""source_media_type"": [], ""date_of_digitization"": [], ""preservation_copy_of_id"": null, ""original_language_caption"": null}], ""service_targets"": [], ""cached_parent_id"": [{""id"": ""b7f6f438-4363-4003-8b74-779b5e31f210""}], ""processing_status"": [""processed""], ""optimistic_lock_token"": [{""token"": ""3"", ""adapter_id"": {""id"": ""746f06acf4d573bebd8c8a500b398589""}}]}",2026-09-29 20:58:10.07094,2026-09-30 13:41:26.61282,FileSet,4
2b323bf8-053c-4bf8-ba0f-c981e13665af,"{""part"": [], ""side"": [], ""title"": [""00000044.tif""], ""barcode"": [], ""edit_users"": [], ""highlights"": [], ""member_ids"": [], ""read_users"": [], ""edit_groups"": [], ""read_groups"": [""public""], ""file_metadata"": [{""id"": {""id"": ""59439dec-6fe6-4d52-9c36-21b0d29ceb3d""}, ""use"": [{""@id"": ""http://pcdm.org/use#OriginalFile""}], ""size"": [""58366592""], ""label"": [""00000044.tif""], ""width"": [""3592""], ""bounds"": [], ""height"": [""5411""], ""checksum"": [{""id"": null, ""md5"": ""8d73dced35150e0d4268cf7c88c14e01"", ""sha1"": ""570feba326e75d0bbe3cb08b9988cb0d2d1ce433"", ""sha256"": ""808a380b15371f4bb62ec167b04b256efb564dd6e0f787108500be955718636c"", ""created_at"": null, ""new_record"": true, ""updated_at"": null, ""internal_resource"": ""MultiChecksum""}], ""duration"": [], ""geometry"": [], ""producer"": [], ""software"": [], ""mime_type"": [""image/tiff""], ""change_set"": null, ""created_at"": ""2026-09-29T20:57:42+00:00"", ""edit_users"": [], ""new_record"": true, ""page_count"": null, ""read_users"": [], ""updated_at"": ""2026-09-29T20:57:42+00:00"", ""edit_groups"": [], ""read_groups"": [], ""camera_model"": [], ""x_resolution"": [], ""y_resolution"": [], ""error_message"": [], ""bits_per_sample"": [], ""processing_note"": [], ""caption_language"": [], ""file_identifiers"": [{""id"": ""disk:///opt/repository/files/59/43/9d/59439dec6fe64d529c3621b0d29ceb3d/00000044.tif""}], ""internal_resource"": ""FileMetadata"", ""original_filename"": [""00000044.tif""], ""source_media_type"": [], ""date_of_digitization"": [], ""preservation_copy_of_id"": null, ""original_language_caption"": null}, {""id"": {""id"": ""ec255540-f0d3-4ae3-8ac6-1a8e3712be81""}, ""use"": [{""@id"": ""http://pcdm.org/use#ServiceFile""}], ""size"": [], ""label"": [""intermediate_file.tif""], ""width"": [], ""bounds"": [], ""height"": [], ""checksum"": [], ""duration"": [], ""geometry"": [], ""producer"": [], ""software"": [], ""mime_type"": [""image/tiff""], ""change_set"": null, ""created_at"": ""2026-09-29T20:58:48+00:00"", ""edit_users"": [], ""new_record"": true, ""page_count"": null, ""read_users"": [], ""updated_at"": ""2026-09-29T20:58:48+00:00"", ""edit_groups"": [], ""read_groups"": [], ""camera_model"": [], ""x_resolution"": [], ""y_resolution"": [], ""error_message"": [], ""bits_per_sample"": [], ""processing_note"": [], ""caption_language"": [], ""file_identifiers"": [{""id"": ""pyramidal-derivatives-shrine://ec/25/55/ec255540f0d34ae38ac61a8e3712be81/intermediate_file.tif""}], ""internal_resource"": ""FileMetadata"", ""original_filename"": [""intermediate_file.tif""], ""source_media_type"": [], ""date_of_digitization"": [], ""preservation_copy_of_id"": null, ""original_language_caption"": null}], ""service_targets"": [], ""cached_parent_id"": [{""id"": ""b7f6f438-4363-4003-8b74-779b5e31f210""}], ""processing_status"": [""processed""], ""optimistic_lock_token"": [{""token"": ""3"", ""adapter_id"": {""id"": ""746f06acf4d573bebd8c8a500b398589""}}]}",2026-09-29 20:58:10.077514,2026-09-30 13:41:26.637021,FileSet,4
643dd31e-c22e-47eb-b3df-1e052da69264,"{""part"": [], ""side"": [], ""title"": [""00000045.tif""], ""barcode"": [], ""edit_users"": [], ""highlights"": [], ""member_ids"": [], ""read_users"": [], ""edit_groups"": [], ""read_groups"": [""public""], ""file_metadata"": [{""id"": {""id"": ""69df11d1-20e6-4f1c-9fad-8571c0a70967""}, ""use"": [{""@id"": ""http://pcdm.org/use#OriginalFile""}], ""size"": [""54758242""], ""label"": [""00000045.tif""], ""width"": [""3465""], ""bounds"": [], ""height"": [""5262""], ""checksum"": [{""id"": null, ""md5"": ""c9af2f248fe6fb840e3592032e708bca"", ""sha1"": ""4aed53d46cc00221fc7b051fe64a0b82effa7d28"", ""sha256"": ""1b3627e7ab8d85dae86f4556ce43b918d79bb2c237016fc718d9fdf3b358ebac"", ""created_at"": null, ""new_record"": true, ""updated_at"": null, ""internal_resource"": ""MultiChecksum""}], ""duration"": [], ""geometry"": [], ""producer"": [], ""software"": [], ""mime_type"": [""image/tiff""], ""change_set"": null, ""created_at"": ""2026-09-29T20:57:47+00:00"", ""edit_users"": [], ""new_record"": true, ""page_count"": null, ""read_users"": [], ""updated_at"": ""2026-09-29T20:57:47+00:00"", ""edit_groups"": [], ""read_groups"": [], ""camera_model"": [], ""x_resolution"": [], ""y_resolution"": [], ""error_message"": [], ""bits_per_sample"": [], ""processing_note"": [], ""caption_language"": [], ""file_identifiers"": [{""id"": ""disk:///opt/repository/files/69/df/11/69df11d120e64f1c9fad8571c0a70967/00000045.tif""}], ""internal_resource"": ""FileMetadata"", ""original_filename"": [""00000045.tif""], ""source_media_type"": [], ""date_of_digitization"": [], ""preservation_copy_of_id"": null, ""original_language_caption"": null}, {""id"": {""id"": ""d1394090-7164-4422-91c9-a7a927531544""}, ""use"": [{""@id"": ""http://pcdm.org/use#ServiceFile""}], ""size"": [], ""label"": [""intermediate_file.tif""], ""width"": [], ""bounds"": [], ""height"": [], ""checksum"": [], ""duration"": [], ""geometry"": [], ""producer"": [], ""software"": [], ""mime_type"": [""image/tiff""], ""change_set"": null, ""created_at"": ""2026-09-29T20:58:47+00:00"", ""edit_users"": [], ""new_record"": true, ""page_count"": null, ""read_users"": [], ""updated_at"": ""2026-09-29T20:58:47+00:00"", ""edit_groups"": [], ""read_groups"": [], ""camera_model"": [], ""x_resolution"": [], ""y_resolution"": [], ""error_message"": [], ""bits_per_sample"": [], ""processing_note"": [], ""caption_language"": [], ""file_identifiers"": [{""id"": ""pyramidal-derivatives-shrine://d1/39/40/d13940907164442291c9a7a927531544/intermediate_file.tif""}], ""internal_resource"": ""FileMetadata"", ""original_filename"": [""intermediate_file.tif""], ""source_media_type"": [], ""date_of_digitization"": [], ""preservation_copy_of_id"": null, ""original_language_caption"": null}], ""service_targets"": [], ""cached_parent_id"": [{""id"": ""b7f6f438-4363-4003-8b74-779b5e31f210""}], ""processing_status"": [""processed""], ""optimistic_lock_token"": [{""token"": ""3"", ""adapter_id"": {""id"": ""746f06acf4d573bebd8c8a500b398589""}}]}",2026-09-29 20:58:10.084761,2026-09-30 13:41:26.660399,FileSet,4
3e389b13-a781-4d48-a380-2b2c99245bbc,"{""part"": [], ""side"": [], ""title"": [""00000046.tif""], ""barcode"": [], ""edit_users"": [], ""highlights"": [], ""member_ids"": [], ""read_users"": [], ""edit_groups"": [], ""read_groups"": [""public""], ""file_metadata"": [{""id"": {""id"": ""1617c2e3-9a44-4860-bb8f-535d86f763f0""}, ""use"": [{""@id"": ""http://pcdm.org/use#OriginalFile""}], ""size"": [""58366592""], ""label"": [""00000046.tif""], ""width"": [""3592""], ""bounds"": [], ""height"": [""5411""], ""checksum"": [{""id"": null, ""md5"": ""fc930ba5a38a06ea32db8fcc169a2f63"", ""sha1"": ""63547b39d6a4d7ed86ff1e1f797c804e6aea75b2"", ""sha256"": ""a461bb6b83d20d4115b6997688fa472d13ce64952907d9daf18224b3752e351f"", ""created_at"": null, ""new_record"": true, ""updated_at"": null, ""internal_resource"": ""MultiChecksum""}], ""duration"": [], ""geometry"": [], ""producer"": [], ""software"": [], ""mime_type"": [""image/tiff""], ""change_set"": null, ""created_at"": ""2026-09-29T20:57:54+00:00"", ""edit_users"": [], ""new_record"": true, ""page_count"": null, ""read_users"": [], ""updated_at"": ""2026-09-29T20:57:54+00:00"", ""edit_groups"": [], ""read_groups"": [], ""camera_model"": [], ""x_resolution"": [], ""y_resolution"": [], ""error_message"": [], ""bits_per_sample"": [], ""processing_note"": [], ""caption_language"": [], ""file_identifiers"": [{""id"": ""disk:///opt/repository/files/16/17/c2/1617c2e39a444860bb8f535d86f763f0/00000046.tif""}], ""internal_resource"": ""FileMetadata"", ""original_filename"": [""00000046.tif""], ""source_media_type"": [], ""date_of_digitization"": [], ""preservation_copy_of_id"": null, ""original_language_caption"": null}, {""id"": {""id"": ""a82410b4-0fcd-4b0c-8c07-152ef4783903""}, ""use"": [{""@id"": ""http://pcdm.org/use#ServiceFile""}], ""size"": [], ""label"": [""intermediate_file.tif""], ""width"": [], ""bounds"": [], ""height"": [], ""checksum"": [], ""duration"": [], ""geometry"": [], ""producer"": [], ""software"": [], ""mime_type"": [""image/tiff""], ""change_set"": null, ""created_at"": ""2026-09-29T20:58:57+00:00"", ""edit_users"": [], ""new_record"": true, ""page_count"": null, ""read_users"": [], ""updated_at"": ""2026-09-29T20:58:57+00:00"", ""edit_groups"": [], ""read_groups"": [], ""camera_model"": [], ""x_resolution"": [], ""y_resolution"": [], ""error_message"": [], ""bits_per_sample"": [], ""processing_note"": [], ""caption_language"": [], ""file_identifiers"": [{""id"": ""pyramidal-derivatives-shrine://a8/24/10/a82410b40fcd4b0c8c07152ef4783903/intermediate_file.tif""}], ""internal_resource"": ""FileMetadata"", ""original_filename"": [""intermediate_file.tif""], ""source_media_type"": [], ""date_of_digitization"": [], ""preservation_copy_of_id"": null, ""original_language_caption"": null}], ""service_targets"": [], ""cached_parent_id"": [{""id"": ""b7f6f438-4363-4003-8b74-779b5e31f210""}], ""processing_status"": [""processed""], ""optimistic_lock_token"": [{""token"": ""3"", ""adapter_id"": {""id"": ""746f06acf4d573bebd8c8a500b398589""}}]}",2026-09-29 20:58:10.09221,2026-09-30 13:41:26.684156,FileSet,4
7f5e6176-e6e9-470f-8e6c-aec5ca0abce0,"{""part"": [], ""side"": [], ""title"": [""00000047.tif""], ""barcode"": [], ""edit_users"": [], ""highlights"": [], ""member_ids"": [], ""read_users"": [], ""edit_groups"": [], ""read_groups"": [""public""], ""file_metadata"": [{""id"": {""id"": ""8aa3145a-afcb-4f62-8c91-0a12e50110c1""}, ""use"": [{""@id"": ""http://pcdm.org/use#OriginalFile""}], ""size"": [""54758242""], ""label"": [""00000047.tif""], ""width"": [""3465""], ""bounds"": [], ""height"": [""5262""], ""checksum"": [{""id"": null, ""md5"": ""b893b5ee17432f3456f6a204b2555bd8"", ""sha1"": ""2aea03db7274921f3994668658f477bad19f21a4"", ""sha256"": ""1bf7889971d9a59c9b003ae6e7845cbb2d1e045b93b28a5bd1a8d630845d8edf"", ""created_at"": null, ""new_record"": true, ""updated_at"": null, ""internal_resource"": ""MultiChecksum""}], ""duration"": [], ""geometry"": [], ""producer"": [], ""software"": [], ""mime_type"": [""image/tiff""], ""change_set"": null, ""created_at"": ""2026-09-29T20:57:56+00:00"", ""edit_users"": [], ""new_record"": true, ""page_count"": null, ""read_users"": [], ""updated_at"": ""2026-09-29T20:57:56+00:00"", ""edit_groups"": [], ""read_groups"": [], ""camera_model"": [], ""x_resolution"": [], ""y_resolution"": [], ""error_message"": [], ""bits_per_sample"": [], ""processing_note"": [], ""caption_language"": [], ""file_identifiers"": [{""id"": ""disk:///opt/repository/files/8a/a3/14/8aa3145aafcb4f628c910a12e50110c1/00000047.tif""}], ""internal_resource"": ""FileMetadata"", ""original_filename"": [""00000047.tif""], ""source_media_type"": [], ""date_of_digitization"": [], ""preservation_copy_of_id"": null, ""original_language_caption"": null}, {""id"": {""id"": ""1f9671b1-f649-4efd-b54c-24b4bf585a01""}, ""use"": [{""@id"": ""http://pcdm.org/use#ServiceFile""}], ""size"": [], ""label"": [""intermediate_file.tif""], ""width"": [], ""bounds"": [], ""height"": [], ""checksum"": [], ""duration"": [], ""geometry"": [], ""producer"": [], ""software"": [], ""mime_type"": [""image/tiff""], ""change_set"": null, ""created_at"": ""2026-09-29T20:58:55+00:00"", ""edit_users"": [], ""new_record"": true, ""page_count"": null, ""read_users"": [], ""updated_at"": ""2026-09-29T20:58:55+00:00"", ""edit_groups"": [], ""read_groups"": [], ""camera_model"": [], ""x_resolution"": [], ""y_resolution"": [], ""error_message"": [], ""bits_per_sample"": [], ""processing_note"": [], ""caption_language"": [], ""file_identifiers"": [{""id"": ""pyramidal-derivatives-shrine://1f/96/71/1f9671b1f6494efdb54c24b4bf585a01/intermediate_file.tif""}], ""internal_resource"": ""FileMetadata"", ""original_filename"": [""intermediate_file.tif""], ""source_media_type"": [], ""date_of_digitization"": [], ""preservation_copy_of_id"": null, ""original_language_caption"": null}], ""service_targets"": [], ""cached_parent_id"": [{""id"": ""b7f6f438-4363-4003-8b74-779b5e31f210""}], ""processing_status"": [""processed""], ""optimistic_lock_token"": [{""token"": ""3"", ""adapter_id"": {""id"": ""746f06acf4d573bebd8c8a500b398589""}}]}",2026-09-29 20:58:10.100521,2026-09-30 13:41:26.706105,FileSet,4
ccdf23ca-3453-4066-a337-23fb4694b9ca,"{""part"": [], ""side"": [], ""title"": [""00000048.tif""], ""barcode"": [], ""edit_users"": [], ""highlights"": [], ""member_ids"": [], ""read_users"": [], ""edit_groups"": [], ""read_groups"": [""public""], ""file_metadata"": [{""id"": {""id"": ""6d4fe074-d767-47e0-a5ba-9aae6bc6831c""}, ""use"": [{""@id"": ""http://pcdm.org/use#OriginalFile""}], ""size"": [""58366592""], ""label"": [""00000048.tif""], ""width"": [""3592""], ""bounds"": [], ""height"": [""5411""], ""checksum"": [{""id"": null, ""md5"": ""f86be785d9e2e209a92e68b2a1b591d0"", ""sha1"": ""292b3f72d79eedebb60874c2715a128a16228ad2"", ""sha256"": ""15ecabe4788d2eb2401912923625f48b0b1baa2f7428a7042c2a86ad5f2374c3"", ""created_at"": null, ""new_record"": true, ""updated_at"": null, ""internal_resource"": ""MultiChecksum""}], ""duration"": [], ""geometry"": [], ""producer"": [], ""software"": [], ""mime_type"": [""image/tiff""], ""change_set"": null, ""created_at"": ""2026-09-29T20:57:58+00:00"", ""edit_users"": [], ""new_record"": true, ""page_count"": null, ""read_users"": [], ""updated_at"": ""2026-09-29T20:57:58+00:00"", ""edit_groups"": [], ""read_groups"": [], ""camera_model"": [], ""x_resolution"": [], ""y_resolution"": [], ""error_message"": [], ""bits_per_sample"": [], ""processing_note"": [], ""caption_language"": [], ""file_identifiers"": [{""id"": ""disk:///opt/repository/files/6d/4f/e0/6d4fe074d76747e0a5ba9aae6bc6831c/00000048.tif""}], ""internal_resource"": ""FileMetadata"", ""original_filename"": [""00000048.tif""], ""source_media_type"": [], ""date_of_digitization"": [], ""preservation_copy_of_id"": null, ""original_language_caption"": null}, {""id"": {""id"": ""035f9cac-3dc4-47d0-834a-65a4d29c7e96""}, ""use"": [{""@id"": ""http://pcdm.org/use#ServiceFile""}], ""size"": [], ""label"": [""intermediate_file.tif""], ""width"": [], ""bounds"": [], ""height"": [], ""checksum"": [], ""duration"": [], ""geometry"": [], ""producer"": [], ""software"": [], ""mime_type"": [""image/tiff""], ""change_set"": null, ""created_at"": ""2026-09-29T20:58:48+00:00"", ""edit_users"": [], ""new_record"": true, ""page_count"": null, ""read_users"": [], ""updated_at"": ""2026-09-29T20:58:48+00:00"", ""edit_groups"": [], ""read_groups"": [], ""camera_model"": [], ""x_resolution"": [], ""y_resolution"": [], ""error_message"": [], ""bits_per_sample"": [], ""processing_note"": [], ""caption_language"": [], ""file_identifiers"": [{""id"": ""pyramidal-derivatives-shrine://03/5f/9c/035f9cac3dc447d0834a65a4d29c7e96/intermediate_file.tif""}], ""internal_resource"": ""FileMetadata"", ""original_filename"": [""intermediate_file.tif""], ""source_media_type"": [], ""date_of_digitization"": [], ""preservation_copy_of_id"": null, ""original_language_caption"": null}], ""service_targets"": [], ""cached_parent_id"": [{""id"": ""b7f6f438-4363-4003-8b74-779b5e31f210""}], ""processing_status"": [""processed""], ""optimistic_lock_token"": [{""token"": ""3"", ""adapter_id"": {""id"": ""746f06acf4d573bebd8c8a500b398589""}}]}",2026-09-29 20:58:10.107173,2026-09-30 13:41:26.72473,FileSet,4
8c770ca9-12cd-4e65-b715-030042d9f63f,"{""part"": [], ""side"": [], ""title"": [""00000049.tif""], ""barcode"": [], ""edit_users"": [], ""highlights"": [], ""member_ids"": [], ""read_users"": [], ""edit_groups"": [], ""read_groups"": [""public""], ""file_metadata"": [{""id"": {""id"": ""e6956e71-3ed9-4be7-ad0d-5e29f696f6c8""}, ""use"": [{""@id"": ""http://pcdm.org/use#OriginalFile""}], ""size"": [""54758242""], ""label"": [""00000049.tif""], ""width"": [""3465""], ""bounds"": [], ""height"": [""5262""], ""checksum"": [{""id"": null, ""md5"": ""246614739a1b661a1d9c068a7c99e7d9"", ""sha1"": ""ca7886ffbda0dd834292c5645442d985f25c502d"", ""sha256"": ""08c0c3faf8baa440864c6f5a67459e002d84226568108c7a1bca509f9559bf9f"", ""created_at"": null, ""new_record"": true, ""updated_at"": null, ""internal_resource"": ""MultiChecksum""}], ""duration"": [], ""geometry"": [], ""producer"": [], ""software"": [], ""mime_type"": [""image/tiff""], ""change_set"": null, ""created_at"": ""2026-09-29T20:58:04+00:00"", ""edit_users"": [], ""new_record"": true, ""page_count"": null, ""read_users"": [], ""updated_at"": ""2026-09-29T20:58:04+00:00"", ""edit_groups"": [], ""read_groups"": [], ""camera_model"": [], ""x_resolution"": [], ""y_resolution"": [], ""error_message"": [], ""bits_per_sample"": [], ""processing_note"": [], ""caption_language"": [], ""file_identifiers"": [{""id"": ""disk:///opt/repository/files/e6/95/6e/e6956e713ed94be7ad0d5e29f696f6c8/00000049.tif""}], ""internal_resource"": ""FileMetadata"", ""original_filename"": [""00000049.tif""], ""source_media_type"": [], ""date_of_digitization"": [], ""preservation_copy_of_id"": null, ""original_language_caption"": null}, {""id"": {""id"": ""2e5dbcbc-6efb-4af3-9160-f8843c217639""}, ""use"": [{""@id"": ""http://pcdm.org/use#ServiceFile""}], ""size"": [], ""label"": [""intermediate_file.tif""], ""width"": [], ""bounds"": [], ""height"": [], ""checksum"": [], ""duration"": [], ""geometry"": [], ""producer"": [], ""software"": [], ""mime_type"": [""image/tiff""], ""change_set"": null, ""created_at"": ""2026-09-29T20:58:56+00:00"", ""edit_users"": [], ""new_record"": true, ""page_count"": null, ""read_users"": [], ""updated_at"": ""2026-09-29T20:58:56+00:00"", ""edit_groups"": [], ""read_groups"": [], ""camera_model"": [], ""x_resolution"": [], ""y_resolution"": [], ""error_message"": [], ""bits_per_sample"": [], ""processing_note"": [], ""caption_language"": [], ""file_identifiers"": [{""id"": ""pyramidal-derivatives-shrine://2e/5d/bc/2e5dbcbc6efb4af39160f8843c217639/intermediate_file.tif""}], ""internal_resource"": ""FileMetadata"", ""original_filename"": [""intermediate_file.tif""], ""source_media_type"": [], ""date_of_digitization"": [], ""preservation_copy_of_id"": null, ""original_language_caption"": null}], ""service_targets"": [], ""cached_parent_id"": [{""id"": ""b7f6f438-4363-4003-8b74-779b5e31f210""}], ""processing_status"": [""processed""], ""optimistic_lock_token"": [{""token"": ""3"", ""adapter_id"": {""id"": ""746f06acf4d573bebd8c8a500b398589""}}]}",2026-09-29 20:58:10.11322,2026-09-30 13:41:26.748027,FileSet,4
323d05fb-c437-419b-9f5a-f0738db6ee6a,"{""part"": [], ""side"": [], ""title"": [""00000050.tif""], ""barcode"": [], ""edit_users"": [], ""highlights"": [], ""member_ids"": [], ""read_users"": [], ""edit_groups"": [], ""read_groups"": [""public""], ""file_metadata"": [{""id"": {""id"": ""1ebb2b58-dc19-4f82-b2a4-7905a05aabff""}, ""use"": [{""@id"": ""http://pcdm.org/use#OriginalFile""}], ""size"": [""58366592""], ""label"": [""00000050.tif""], ""width"": [""3592""], ""bounds"": [], ""height"": [""5411""], ""checksum"": [{""id"": null, ""md5"": ""785d15ac5c24b74eb1fcd985c90b3688"", ""sha1"": ""da80d5f5c450b5afe4860ee35821dc97974261a5"", ""sha256"": ""d3ca5e7c2b704d7f1eafbe350128e1b9566b3b0e6fd07d873e7b8f198d359a91"", ""created_at"": null, ""new_record"": true, ""updated_at"": null, ""internal_resource"": ""MultiChecksum""}], ""duration"": [], ""geometry"": [], ""producer"": [], ""software"": [], ""mime_type"": [""image/tiff""], ""change_set"": null, ""created_at"": ""2026-09-29T20:58:06+00:00"", ""edit_users"": [], ""new_record"": true, ""page_count"": null, ""read_users"": [], ""updated_at"": ""2026-09-29T20:58:06+00:00"", ""edit_groups"": [], ""read_groups"": [], ""camera_model"": [], ""x_resolution"": [], ""y_resolution"": [], ""error_message"": [], ""bits_per_sample"": [], ""processing_note"": [], ""caption_language"": [], ""file_identifiers"": [{""id"": ""disk:///opt/repository/files/1e/bb/2b/1ebb2b58dc194f82b2a47905a05aabff/00000050.tif""}], ""internal_resource"": ""FileMetadata"", ""original_filename"": [""00000050.tif""], ""source_media_type"": [], ""date_of_digitization"": [], ""preservation_copy_of_id"": null, ""original_language_caption"": null}, {""id"": {""id"": ""cdd57287-404c-4daf-b7a1-089b70b2f2be""}, ""use"": [{""@id"": ""http://pcdm.org/use#ServiceFile""}], ""size"": [], ""label"": [""intermediate_file.tif""], ""width"": [], ""bounds"": [], ""height"": [], ""checksum"": [], ""duration"": [], ""geometry"": [], ""producer"": [], ""software"": [], ""mime_type"": [""image/tiff""], ""change_set"": null, ""created_at"": ""2026-09-29T20:58:48+00:00"", ""edit_users"": [], ""new_record"": true, ""page_count"": null, ""read_users"": [], ""updated_at"": ""2026-09-29T20:58:48+00:00"", ""edit_groups"": [], ""read_groups"": [], ""camera_model"": [], ""x_resolution"": [], ""y_resolution"": [], ""error_message"": [], ""bits_per_sample"": [], ""processing_note"": [], ""caption_language"": [], ""file_identifiers"": [{""id"": ""pyramidal-derivatives-shrine://cd/d5/72/cdd57287404c4dafb7a1089b70b2f2be/intermediate_file.tif""}], ""internal_resource"": ""FileMetadata"", ""original_filename"": [""intermediate_file.tif""], ""source_media_type"": [], ""date_of_digitization"": [], ""preservation_copy_of_id"": null, ""original_language_caption"": null}], ""service_targets"": [], ""cached_parent_id"": [{""id"": ""b7f6f438-4363-4003-8b74-779b5e31f210""}], ""processing_status"": [""processed""], ""optimistic_lock_token"": [{""token"": ""3"", ""adapter_id"": {""id"": ""746f06acf4d573bebd8c8a500b398589""}}]}",2026-09-29 20:58:10.121416,2026-09-30 13:41:26.767372,FileSet,4
aa7178be-e317-40fc-b7d1-1467db3867ff,"{""part"": [], ""side"": [], ""title"": [""00000051.tif""], ""barcode"": [], ""edit_users"": [], ""highlights"": [], ""member_ids"": [], ""read_users"": [], ""edit_groups"": [], ""read_groups"": [""public""], ""file_metadata"": [{""id"": {""id"": ""694847d9-11bf-4234-9800-e7c507f2b79c""}, ""use"": [{""@id"": ""http://pcdm.org/use#OriginalFile""}], ""size"": [""54758242""], ""label"": [""00000051.tif""], ""width"": [""3465""], ""bounds"": [], ""height"": [""5262""], ""checksum"": [{""id"": null, ""md5"": ""a7c3fee7c31aaf521490e8ac34e9ae19"", ""sha1"": ""a5e3795ab6503e8cddf8e005d8c3757f506353d5"", ""sha256"": ""4bda76dbb8e1dbd49402c01503f65e34ab2083196b35df9c3771dbeff7c6f735"", ""created_at"": null, ""new_record"": true, ""updated_at"": null, ""internal_resource"": ""MultiChecksum""}], ""duration"": [], ""geometry"": [], ""producer"": [], ""software"": [], ""mime_type"": [""image/tiff""], ""change_set"": null, ""created_at"": ""2026-09-29T20:58:11+00:00"", ""edit_users"": [], ""new_record"": true, ""page_count"": null, ""read_users"": [], ""updated_at"": ""2026-09-29T20:58:11+00:00"", ""edit_groups"": [], ""read_groups"": [], ""camera_model"": [], ""x_resolution"": [], ""y_resolution"": [], ""error_message"": [], ""bits_per_sample"": [], ""processing_note"": [], ""caption_language"": [], ""file_identifiers"": [{""id"": ""disk:///opt/repository/files/69/48/47/694847d911bf42349800e7c507f2b79c/00000051.tif""}], ""internal_resource"": ""FileMetadata"", ""original_filename"": [""00000051.tif""], ""source_media_type"": [], ""date_of_digitization"": [], ""preservation_copy_of_id"": null, ""original_language_caption"": null}, {""id"": {""id"": ""4ca5aefd-fddf-4b5c-8b4e-1cd3c94150eb""}, ""use"": [{""@id"": ""http://pcdm.org/use#ServiceFile""}], ""size"": [], ""label"": [""intermediate_file.tif""], ""width"": [], ""bounds"": [], ""height"": [], ""checksum"": [], ""duration"": [], ""geometry"": [], ""producer"": [], ""software"": [], ""mime_type"": [""image/tiff""], ""change_set"": null, ""created_at"": ""2026-09-29T21:00:18+00:00"", ""edit_users"": [], ""new_record"": true, ""page_count"": null, ""read_users"": [], ""updated_at"": ""2026-09-29T21:00:18+00:00"", ""edit_groups"": [], ""read_groups"": [], ""camera_model"": [], ""x_resolution"": [], ""y_resolution"": [], ""error_message"": [], ""bits_per_sample"": [], ""processing_note"": [], ""caption_language"": [], ""file_identifiers"": [{""id"": ""pyramidal-derivatives-shrine://4c/a5/ae/4ca5aefdfddf4b5c8b4e1cd3c94150eb/intermediate_file.tif""}], ""internal_resource"": ""FileMetadata"", ""original_filename"": [""intermediate_file.tif""], ""source_media_type"": [], ""date_of_digitization"": [], ""preservation_copy_of_id"": null, ""original_language_caption"": null}], ""service_targets"": [], ""cached_parent_id"": [{""id"": ""b7f6f438-4363-4003-8b74-779b5e31f210""}], ""processing_status"": [""processed""], ""optimistic_lock_token"": [{""token"": ""3"", ""adapter_id"": {""id"": ""746f06acf4d573bebd8c8a500b398589""}}]}",2026-09-29 20:58:42.057143,2026-09-30 13:41:26.792143,FileSet,4
d36bc148-8102-44fe-a523-7ee1cbdd56a7,"{""part"": [], ""side"": [], ""title"": [""00000052.tif""], ""barcode"": [], ""edit_users"": [], ""highlights"": [], ""member_ids"": [], ""read_users"": [], ""edit_groups"": [], ""read_groups"": [""public""], ""file_metadata"": [{""id"": {""id"": ""89d89fb4-55ca-4075-9f82-c7030208bc51""}, ""use"": [{""@id"": ""http://pcdm.org/use#OriginalFile""}], ""size"": [""58366592""], ""label"": [""00000052.tif""], ""width"": [""3592""], ""bounds"": [], ""height"": [""5411""], ""checksum"": [{""id"": null, ""md5"": ""a7c3cfbb1c94aebcf999b67bc136c8ac"", ""sha1"": ""cb88d150e6080c32b464909e7045a850bfb7e897"", ""sha256"": ""8344a6fceb5d278ef710d3cbda5d46d58bffd4bb05f30cdefd0c86d0262cb2fd"", ""created_at"": null, ""new_record"": true, ""updated_at"": null, ""internal_resource"": ""MultiChecksum""}], ""duration"": [], ""geometry"": [], ""producer"": [], ""software"": [], ""mime_type"": [""image/tiff""], ""change_set"": null, ""created_at"": ""2026-09-29T20:58:13+00:00"", ""edit_users"": [], ""new_record"": true, ""page_count"": null, ""read_users"": [], ""updated_at"": ""2026-09-29T20:58:13+00:00"", ""edit_groups"": [], ""read_groups"": [], ""camera_model"": [], ""x_resolution"": [], ""y_resolution"": [], ""error_message"": [], ""bits_per_sample"": [], ""processing_note"": [], ""caption_language"": [], ""file_identifiers"": [{""id"": ""disk:///opt/repository/files/89/d8/9f/89d89fb455ca40759f82c7030208bc51/00000052.tif""}], ""internal_resource"": ""FileMetadata"", ""original_filename"": [""00000052.tif""], ""source_media_type"": [], ""date_of_digitization"": [], ""preservation_copy_of_id"": null, ""original_language_caption"": null}, {""id"": {""id"": ""1b96a277-d7ef-4923-9e8f-896618172b36""}, ""use"": [{""@id"": ""http://pcdm.org/use#ServiceFile""}], ""size"": [], ""label"": [""intermediate_file.tif""], ""width"": [], ""bounds"": [], ""height"": [], ""checksum"": [], ""duration"": [], ""geometry"": [], ""producer"": [], ""software"": [], ""mime_type"": [""image/tiff""], ""change_set"": null, ""created_at"": ""2026-09-29T20:59:52+00:00"", ""edit_users"": [], ""new_record"": true, ""page_count"": null, ""read_users"": [], ""updated_at"": ""2026-09-29T20:59:52+00:00"", ""edit_groups"": [], ""read_groups"": [], ""camera_model"": [], ""x_resolution"": [], ""y_resolution"": [], ""error_message"": [], ""bits_per_sample"": [], ""processing_note"": [], ""caption_language"": [], ""file_identifiers"": [{""id"": ""pyramidal-derivatives-shrine://1b/96/a2/1b96a277d7ef49239e8f896618172b36/intermediate_file.tif""}], ""internal_resource"": ""FileMetadata"", ""original_filename"": [""intermediate_file.tif""], ""source_media_type"": [], ""date_of_digitization"": [], ""preservation_copy_of_id"": null, ""original_language_caption"": null}], ""service_targets"": [], ""cached_parent_id"": [{""id"": ""b7f6f438-4363-4003-8b74-779b5e31f210""}], ""processing_status"": [""processed""], ""optimistic_lock_token"": [{""token"": ""3"", ""adapter_id"": {""id"": ""746f06acf4d573bebd8c8a500b398589""}}]}",2026-09-29 20:58:42.06335,2026-09-30 13:41:26.816191,FileSet,4
1a295faf-4872-4de5-aed1-e2e9bf00596c,"{""part"": [], ""side"": [], ""title"": [""00000053.tif""], ""barcode"": [], ""edit_users"": [], ""highlights"": [], ""member_ids"": [], ""read_users"": [], ""edit_groups"": [], ""read_groups"": [""public""], ""file_metadata"": [{""id"": {""id"": ""e76520ea-d7a2-40f8-b92b-232e7dde547d""}, ""use"": [{""@id"": ""http://pcdm.org/use#OriginalFile""}], ""size"": [""54758242""], ""label"": [""00000053.tif""], ""width"": [""3465""], ""bounds"": [], ""height"": [""5262""], ""checksum"": [{""id"": null, ""md5"": ""935cf20d869ed8ba24ff4d5bdc553353"", ""sha1"": ""6e86377d93900791052b1ebdf27176ca3a3008e7"", ""sha256"": ""30fbbaa44ef5843870822519f94d180d723c83531d5ee20becc8f90ac1f42b2e"", ""created_at"": null, ""new_record"": true, ""updated_at"": null, ""internal_resource"": ""MultiChecksum""}], ""duration"": [], ""geometry"": [], ""producer"": [], ""software"": [], ""mime_type"": [""image/tiff""], ""change_set"": null, ""created_at"": ""2026-09-29T20:58:16+00:00"", ""edit_users"": [], ""new_record"": true, ""page_count"": null, ""read_users"": [], ""updated_at"": ""2026-09-29T20:58:16+00:00"", ""edit_groups"": [], ""read_groups"": [], ""camera_model"": [], ""x_resolution"": [], ""y_resolution"": [], ""error_message"": [], ""bits_per_sample"": [], ""processing_note"": [], ""caption_language"": [], ""file_identifiers"": [{""id"": ""disk:///opt/repository/files/e7/65/20/e76520ead7a240f8b92b232e7dde547d/00000053.tif""}], ""internal_resource"": ""FileMetadata"", ""original_filename"": [""00000053.tif""], ""source_media_type"": [], ""date_of_digitization"": [], ""preservation_copy_of_id"": null, ""original_language_caption"": null}, {""id"": {""id"": ""e064a213-72c1-47b7-8232-6744b1f1b2bf""}, ""use"": [{""@id"": ""http://pcdm.org/use#ServiceFile""}], ""size"": [], ""label"": [""intermediate_file.tif""], ""width"": [], ""bounds"": [], ""height"": [], ""checksum"": [], ""duration"": [], ""geometry"": [], ""producer"": [], ""software"": [], ""mime_type"": [""image/tiff""], ""change_set"": null, ""created_at"": ""2026-09-29T20:59:32+00:00"", ""edit_users"": [], ""new_record"": true, ""page_count"": null, ""read_users"": [], ""updated_at"": ""2026-09-29T20:59:32+00:00"", ""edit_groups"": [], ""read_groups"": [], ""camera_model"": [], ""x_resolution"": [], ""y_resolution"": [], ""error_message"": [], ""bits_per_sample"": [], ""processing_note"": [], ""caption_language"": [], ""file_identifiers"": [{""id"": ""pyramidal-derivatives-shrine://e0/64/a2/e064a21372c147b782326744b1f1b2bf/intermediate_file.tif""}], ""internal_resource"": ""FileMetadata"", ""original_filename"": [""intermediate_file.tif""], ""source_media_type"": [], ""date_of_digitization"": [], ""preservation_copy_of_id"": null, ""original_language_caption"": null}], ""service_targets"": [], ""cached_parent_id"": [{""id"": ""b7f6f438-4363-4003-8b74-779b5e31f210""}], ""processing_status"": [""processed""], ""optimistic_lock_token"": [{""token"": ""3"", ""adapter_id"": {""id"": ""746f06acf4d573bebd8c8a500b398589""}}]}",2026-09-29 20:58:42.070289,2026-09-30 13:41:26.841889,FileSet,4
4975ef9f-8839-45a0-a29b-9270f2a4bc2b,"{""part"": [], ""side"": [], ""title"": [""00000054.tif""], ""barcode"": [], ""edit_users"": [], ""highlights"": [], ""member_ids"": [], ""read_users"": [], ""edit_groups"": [], ""read_groups"": [""public""], ""file_metadata"": [{""id"": {""id"": ""47dfb6b5-2a88-4ed1-83f5-d4768bd54db5""}, ""use"": [{""@id"": ""http://pcdm.org/use#OriginalFile""}], ""size"": [""58366592""], ""label"": [""00000054.tif""], ""width"": [""3592""], ""bounds"": [], ""height"": [""5411""], ""checksum"": [{""id"": null, ""md5"": ""e6c6e59376277d30b9d525a33631bc6c"", ""sha1"": ""fa6a89c8a2cff060573122edf2bde942be3a5b3b"", ""sha256"": ""1d764413521a60bcc7f1d1767640cbb7d46d777f97b40f7df8de911edda7d5ce"", ""created_at"": null, ""new_record"": true, ""updated_at"": null, ""internal_resource"": ""MultiChecksum""}], ""duration"": [], ""geometry"": [], ""producer"": [], ""software"": [], ""mime_type"": [""image/tiff""], ""change_set"": null, ""created_at"": ""2026-09-29T20:58:18+00:00"", ""edit_users"": [], ""new_record"": true, ""page_count"": null, ""read_users"": [], ""updated_at"": ""2026-09-29T20:58:18+00:00"", ""edit_groups"": [], ""read_groups"": [], ""camera_model"": [], ""x_resolution"": [], ""y_resolution"": [], ""error_message"": [], ""bits_per_sample"": [], ""processing_note"": [], ""caption_language"": [], ""file_identifiers"": [{""id"": ""disk:///opt/repository/files/47/df/b6/47dfb6b52a884ed183f5d4768bd54db5/00000054.tif""}], ""internal_resource"": ""FileMetadata"", ""original_filename"": [""00000054.tif""], ""source_media_type"": [], ""date_of_digitization"": [], ""preservation_copy_of_id"": null, ""original_language_caption"": null}, {""id"": {""id"": ""9d0728ed-4157-499d-92bc-c77e56bc267e""}, ""use"": [{""@id"": ""http://pcdm.org/use#ServiceFile""}], ""size"": [], ""label"": [""intermediate_file.tif""], ""width"": [], ""bounds"": [], ""height"": [], ""checksum"": [], ""duration"": [], ""geometry"": [], ""producer"": [], ""software"": [], ""mime_type"": [""image/tiff""], ""change_set"": null, ""created_at"": ""2026-09-29T20:59:49+00:00"", ""edit_users"": [], ""new_record"": true, ""page_count"": null, ""read_users"": [], ""updated_at"": ""2026-09-29T20:59:49+00:00"", ""edit_groups"": [], ""read_groups"": [], ""camera_model"": [], ""x_resolution"": [], ""y_resolution"": [], ""error_message"": [], ""bits_per_sample"": [], ""processing_note"": [], ""caption_language"": [], ""file_identifiers"": [{""id"": ""pyramidal-derivatives-shrine://9d/07/28/9d0728ed4157499d92bcc77e56bc267e/intermediate_file.tif""}], ""internal_resource"": ""FileMetadata"", ""original_filename"": [""intermediate_file.tif""], ""source_media_type"": [], ""date_of_digitization"": [], ""preservation_copy_of_id"": null, ""original_language_caption"": null}], ""service_targets"": [], ""cached_parent_id"": [{""id"": ""b7f6f438-4363-4003-8b74-779b5e31f210""}], ""processing_status"": [""processed""], ""optimistic_lock_token"": [{""token"": ""3"", ""adapter_id"": {""id"": ""746f06acf4d573bebd8c8a500b398589""}}]}",2026-09-29 20:58:42.076714,2026-09-30 13:41:26.865975,FileSet,4
38ef28b6-1f35-40ee-8eb0-f890c9f8ee54,"{""part"": [], ""side"": [], ""title"": [""00000055.tif""], ""barcode"": [], ""edit_users"": [], ""highlights"": [], ""member_ids"": [], ""read_users"": [], ""edit_groups"": [], ""read_groups"": [""public""], ""file_metadata"": [{""id"": {""id"": ""ea7440c2-1526-40b4-a393-f7cf1c37ebb8""}, ""use"": [{""@id"": ""http://pcdm.org/use#OriginalFile""}], ""size"": [""54758242""], ""label"": [""00000055.tif""], ""width"": [""3465""], ""bounds"": [], ""height"": [""5262""], ""checksum"": [{""id"": null, ""md5"": ""0879f10b399b78417e3c87179b1827b4"", ""sha1"": ""b95efbc5db13bcf8f0887c0f43a4e7b56756c9f3"", ""sha256"": ""f2857c73c3b1fa0b53ea968ffb9aa017195cc66a8ede09567a4c4bcf57ef2770"", ""created_at"": null, ""new_record"": true, ""updated_at"": null, ""internal_resource"": ""MultiChecksum""}], ""duration"": [], ""geometry"": [], ""producer"": [], ""software"": [], ""mime_type"": [""image/tiff""], ""change_set"": null, ""created_at"": ""2026-09-29T20:58:22+00:00"", ""edit_users"": [], ""new_record"": true, ""page_count"": null, ""read_users"": [], ""updated_at"": ""2026-09-29T20:58:22+00:00"", ""edit_groups"": [], ""read_groups"": [], ""camera_model"": [], ""x_resolution"": [], ""y_resolution"": [], ""error_message"": [], ""bits_per_sample"": [], ""processing_note"": [], ""caption_language"": [], ""file_identifiers"": [{""id"": ""disk:///opt/repository/files/ea/74/40/ea7440c2152640b4a393f7cf1c37ebb8/00000055.tif""}], ""internal_resource"": ""FileMetadata"", ""original_filename"": [""00000055.tif""], ""source_media_type"": [], ""date_of_digitization"": [], ""preservation_copy_of_id"": null, ""original_language_caption"": null}, {""id"": {""id"": ""145c8fcc-5002-44ae-836c-6fe5828c74cc""}, ""use"": [{""@id"": ""http://pcdm.org/use#ServiceFile""}], ""size"": [], ""label"": [""intermediate_file.tif""], ""width"": [], ""bounds"": [], ""height"": [], ""checksum"": [], ""duration"": [], ""geometry"": [], ""producer"": [], ""software"": [], ""mime_type"": [""image/tiff""], ""change_set"": null, ""created_at"": ""2026-09-29T20:59:32+00:00"", ""edit_users"": [], ""new_record"": true, ""page_count"": null, ""read_users"": [], ""updated_at"": ""2026-09-29T20:59:32+00:00"", ""edit_groups"": [], ""read_groups"": [], ""camera_model"": [], ""x_resolution"": [], ""y_resolution"": [], ""error_message"": [], ""bits_per_sample"": [], ""processing_note"": [], ""caption_language"": [], ""file_identifiers"": [{""id"": ""pyramidal-derivatives-shrine://14/5c/8f/145c8fcc500244ae836c6fe5828c74cc/intermediate_file.tif""}], ""internal_resource"": ""FileMetadata"", ""original_filename"": [""intermediate_file.tif""], ""source_media_type"": [], ""date_of_digitization"": [], ""preservation_copy_of_id"": null, ""original_language_caption"": null}], ""service_targets"": [], ""cached_parent_id"": [{""id"": ""b7f6f438-4363-4003-8b74-779b5e31f210""}], ""processing_status"": [""processed""], ""optimistic_lock_token"": [{""token"": ""3"", ""adapter_id"": {""id"": ""746f06acf4d573bebd8c8a500b398589""}}]}",2026-09-29 20:58:42.084441,2026-09-30 13:41:26.885166,FileSet,4
882373f8-de7c-4116-ad5a-d01b739213df,"{""part"": [], ""side"": [], ""title"": [""00000056.tif""], ""barcode"": [], ""edit_users"": [], ""highlights"": [], ""member_ids"": [], ""read_users"": [], ""edit_groups"": [], ""read_groups"": [""public""], ""file_metadata"": [{""id"": {""id"": ""41b26f36-d973-4f29-8a98-dfcf7f4b615f""}, ""use"": [{""@id"": ""http://pcdm.org/use#OriginalFile""}], ""size"": [""58366592""], ""label"": [""00000056.tif""], ""width"": [""3592""], ""bounds"": [], ""height"": [""5411""], ""checksum"": [{""id"": null, ""md5"": ""44e6d39007667ede41098ed95383c5eb"", ""sha1"": ""4121397312ad0dfbd9df361ba7fc4ac454c18579"", ""sha256"": ""6e50b9aa3ddc1be80915514aac1d53987d8c9bec5258539f4589184f56597d5a"", ""created_at"": null, ""new_record"": true, ""updated_at"": null, ""internal_resource"": ""MultiChecksum""}], ""duration"": [], ""geometry"": [], ""producer"": [], ""software"": [], ""mime_type"": [""image/tiff""], ""change_set"": null, ""created_at"": ""2026-09-29T20:58:24+00:00"", ""edit_users"": [], ""new_record"": true, ""page_count"": null, ""read_users"": [], ""updated_at"": ""2026-09-29T20:58:24+00:00"", ""edit_groups"": [], ""read_groups"": [], ""camera_model"": [], ""x_resolution"": [], ""y_resolution"": [], ""error_message"": [], ""bits_per_sample"": [], ""processing_note"": [], ""caption_language"": [], ""file_identifiers"": [{""id"": ""disk:///opt/repository/files/41/b2/6f/41b26f36d9734f298a98dfcf7f4b615f/00000056.tif""}], ""internal_resource"": ""FileMetadata"", ""original_filename"": [""00000056.tif""], ""source_media_type"": [], ""date_of_digitization"": [], ""preservation_copy_of_id"": null, ""original_language_caption"": null}, {""id"": {""id"": ""37f30d5e-6646-4c36-b4eb-e7cb040f6506""}, ""use"": [{""@id"": ""http://pcdm.org/use#ServiceFile""}], ""size"": [], ""label"": [""intermediate_file.tif""], ""width"": [], ""bounds"": [], ""height"": [], ""checksum"": [], ""duration"": [], ""geometry"": [], ""producer"": [], ""software"": [], ""mime_type"": [""image/tiff""], ""change_set"": null, ""created_at"": ""2026-09-29T21:00:23+00:00"", ""edit_users"": [], ""new_record"": true, ""page_count"": null, ""read_users"": [], ""updated_at"": ""2026-09-29T21:00:23+00:00"", ""edit_groups"": [], ""read_groups"": [], ""camera_model"": [], ""x_resolution"": [], ""y_resolution"": [], ""error_message"": [], ""bits_per_sample"": [], ""processing_note"": [], ""caption_language"": [], ""file_identifiers"": [{""id"": ""pyramidal-derivatives-shrine://37/f3/0d/37f30d5e66464c36b4ebe7cb040f6506/intermediate_file.tif""}], ""internal_resource"": ""FileMetadata"", ""original_filename"": [""intermediate_file.tif""], ""source_media_type"": [], ""date_of_digitization"": [], ""preservation_copy_of_id"": null, ""original_language_caption"": null}], ""service_targets"": [], ""cached_parent_id"": [{""id"": ""b7f6f438-4363-4003-8b74-779b5e31f210""}], ""processing_status"": [""processed""], ""optimistic_lock_token"": [{""token"": ""3"", ""adapter_id"": {""id"": ""746f06acf4d573bebd8c8a500b398589""}}]}",2026-09-29 20:58:42.090622,2026-09-30 13:41:26.900818,FileSet,4
e3e51b4d-b3d7-4efc-bb49-4b1d78c47d43,"{""part"": [], ""side"": [], ""title"": [""00000057.tif""], ""barcode"": [], ""edit_users"": [], ""highlights"": [], ""member_ids"": [], ""read_users"": [], ""edit_groups"": [], ""read_groups"": [""public""], ""file_metadata"": [{""id"": {""id"": ""41664871-3ec7-429a-9532-43a7f1b7ad68""}, ""use"": [{""@id"": ""http://pcdm.org/use#OriginalFile""}], ""size"": [""54758242""], ""label"": [""00000057.tif""], ""width"": [""3465""], ""bounds"": [], ""height"": [""5262""], ""checksum"": [{""id"": null, ""md5"": ""c8a0d34441ec7185604216adec6e4292"", ""sha1"": ""206901a6a2c4ac744916f83641ed79adb3a27f71"", ""sha256"": ""5801e329964fca720d54103e9f56c25d11d6c6e4a3092fdbdc047eebd57ee5e8"", ""created_at"": null, ""new_record"": true, ""updated_at"": null, ""internal_resource"": ""MultiChecksum""}], ""duration"": [], ""geometry"": [], ""producer"": [], ""software"": [], ""mime_type"": [""image/tiff""], ""change_set"": null, ""created_at"": ""2026-09-29T20:58:28+00:00"", ""edit_users"": [], ""new_record"": true, ""page_count"": null, ""read_users"": [], ""updated_at"": ""2026-09-29T20:58:28+00:00"", ""edit_groups"": [], ""read_groups"": [], ""camera_model"": [], ""x_resolution"": [], ""y_resolution"": [], ""error_message"": [], ""bits_per_sample"": [], ""processing_note"": [], ""caption_language"": [], ""file_identifiers"": [{""id"": ""disk:///opt/repository/files/41/66/48/416648713ec7429a953243a7f1b7ad68/00000057.tif""}], ""internal_resource"": ""FileMetadata"", ""original_filename"": [""00000057.tif""], ""source_media_type"": [], ""date_of_digitization"": [], ""preservation_copy_of_id"": null, ""original_language_caption"": null}, {""id"": {""id"": ""313eec07-b73a-4307-b0b1-11f254852ede""}, ""use"": [{""@id"": ""http://pcdm.org/use#ServiceFile""}], ""size"": [], ""label"": [""intermediate_file.tif""], ""width"": [], ""bounds"": [], ""height"": [], ""checksum"": [], ""duration"": [], ""geometry"": [], ""producer"": [], ""software"": [], ""mime_type"": [""image/tiff""], ""change_set"": null, ""created_at"": ""2026-09-29T20:59:48+00:00"", ""edit_users"": [], ""new_record"": true, ""page_count"": null, ""read_users"": [], ""updated_at"": ""2026-09-29T20:59:48+00:00"", ""edit_groups"": [], ""read_groups"": [], ""camera_model"": [], ""x_resolution"": [], ""y_resolution"": [], ""error_message"": [], ""bits_per_sample"": [], ""processing_note"": [], ""caption_language"": [], ""file_identifiers"": [{""id"": ""pyramidal-derivatives-shrine://31/3e/ec/313eec07b73a4307b0b111f254852ede/intermediate_file.tif""}], ""internal_resource"": ""FileMetadata"", ""original_filename"": [""intermediate_file.tif""], ""source_media_type"": [], ""date_of_digitization"": [], ""preservation_copy_of_id"": null, ""original_language_caption"": null}], ""service_targets"": [], ""cached_parent_id"": [{""id"": ""b7f6f438-4363-4003-8b74-779b5e31f210""}], ""processing_status"": [""processed""], ""optimistic_lock_token"": [{""token"": ""3"", ""adapter_id"": {""id"": ""746f06acf4d573bebd8c8a500b398589""}}]}",2026-09-29 20:58:42.09557,2026-09-30 13:41:26.925417,FileSet,4
47ad5e92-9fde-4c92-93dc-0d16b0f0beee,"{""part"": [], ""side"": [], ""title"": [""00000058.tif""], ""barcode"": [], ""edit_users"": [], ""highlights"": [], ""member_ids"": [], ""read_users"": [], ""edit_groups"": [], ""read_groups"": [""public""], ""file_metadata"": [{""id"": {""id"": ""120cbdb6-db3b-4030-80b4-d7b38a5165dc""}, ""use"": [{""@id"": ""http://pcdm.org/use#OriginalFile""}], ""size"": [""58366592""], ""label"": [""00000058.tif""], ""width"": [""3592""], ""bounds"": [], ""height"": [""5411""], ""checksum"": [{""id"": null, ""md5"": ""567e638fa0999bba7ececfad5566a3ad"", ""sha1"": ""327547062b8666551850ded10d090022793635ee"", ""sha256"": ""d2e20e0391daf9b181d8c645b5bf5c0236493d548ad9e95c098ae31042d50285"", ""created_at"": null, ""new_record"": true, ""updated_at"": null, ""internal_resource"": ""MultiChecksum""}], ""duration"": [], ""geometry"": [], ""producer"": [], ""software"": [], ""mime_type"": [""image/tiff""], ""change_set"": null, ""created_at"": ""2026-09-29T20:58:30+00:00"", ""edit_users"": [], ""new_record"": true, ""page_count"": null, ""read_users"": [], ""updated_at"": ""2026-09-29T20:58:30+00:00"", ""edit_groups"": [], ""read_groups"": [], ""camera_model"": [], ""x_resolution"": [], ""y_resolution"": [], ""error_message"": [], ""bits_per_sample"": [], ""processing_note"": [], ""caption_language"": [], ""file_identifiers"": [{""id"": ""disk:///opt/repository/files/12/0c/bd/120cbdb6db3b403080b4d7b38a5165dc/00000058.tif""}], ""internal_resource"": ""FileMetadata"", ""original_filename"": [""00000058.tif""], ""source_media_type"": [], ""date_of_digitization"": [], ""preservation_copy_of_id"": null, ""original_language_caption"": null}, {""id"": {""id"": ""049016d7-8c4c-47fd-95c0-844fe8ab5144""}, ""use"": [{""@id"": ""http://pcdm.org/use#ServiceFile""}], ""size"": [], ""label"": [""intermediate_file.tif""], ""width"": [], ""bounds"": [], ""height"": [], ""checksum"": [], ""duration"": [], ""geometry"": [], ""producer"": [], ""software"": [], ""mime_type"": [""image/tiff""], ""change_set"": null, ""created_at"": ""2026-09-29T20:59:52+00:00"", ""edit_users"": [], ""new_record"": true, ""page_count"": null, ""read_users"": [], ""updated_at"": ""2026-09-29T20:59:52+00:00"", ""edit_groups"": [], ""read_groups"": [], ""camera_model"": [], ""x_resolution"": [], ""y_resolution"": [], ""error_message"": [], ""bits_per_sample"": [], ""processing_note"": [], ""caption_language"": [], ""file_identifiers"": [{""id"": ""pyramidal-derivatives-shrine://04/90/16/049016d78c4c47fd95c0844fe8ab5144/intermediate_file.tif""}], ""internal_resource"": ""FileMetadata"", ""original_filename"": [""intermediate_file.tif""], ""source_media_type"": [], ""date_of_digitization"": [], ""preservation_copy_of_id"": null, ""original_language_caption"": null}], ""service_targets"": [], ""cached_parent_id"": [{""id"": ""b7f6f438-4363-4003-8b74-779b5e31f210""}], ""processing_status"": [""processed""], ""optimistic_lock_token"": [{""token"": ""3"", ""adapter_id"": {""id"": ""746f06acf4d573bebd8c8a500b398589""}}]}",2026-09-29 20:58:42.101154,2026-09-30 13:41:26.944341,FileSet,4
d4d5d04d-997f-42fc-a712-be5700606b17,"{""part"": [], ""side"": [], ""title"": [""00000059.tif""], ""barcode"": [], ""edit_users"": [], ""highlights"": [], ""member_ids"": [], ""read_users"": [], ""edit_groups"": [], ""read_groups"": [""public""], ""file_metadata"": [{""id"": {""id"": ""2cf96070-01ff-4a01-adee-213f9c6c3ded""}, ""use"": [{""@id"": ""http://pcdm.org/use#OriginalFile""}], ""size"": [""54758242""], ""label"": [""00000059.tif""], ""width"": [""3465""], ""bounds"": [], ""height"": [""5262""], ""checksum"": [{""id"": null, ""md5"": ""2cfbc1b909d8b38da23466a3f02be6e7"", ""sha1"": ""aa013a13fa8cdf47eb1892ad4183e845fec42acb"", ""sha256"": ""7868c60b36069d5cf32dbbb4c9a7793fb42e1417ce67e75d2517907aad2e8b4f"", ""created_at"": null, ""new_record"": true, ""updated_at"": null, ""internal_resource"": ""MultiChecksum""}], ""duration"": [], ""geometry"": [], ""producer"": [], ""software"": [], ""mime_type"": [""image/tiff""], ""change_set"": null, ""created_at"": ""2026-09-29T20:58:35+00:00"", ""edit_users"": [], ""new_record"": true, ""page_count"": null, ""read_users"": [], ""updated_at"": ""2026-09-29T20:58:35+00:00"", ""edit_groups"": [], ""read_groups"": [], ""camera_model"": [], ""x_resolution"": [], ""y_resolution"": [], ""error_message"": [], ""bits_per_sample"": [], ""processing_note"": [], ""caption_language"": [], ""file_identifiers"": [{""id"": ""disk:///opt/repository/files/2c/f9/60/2cf9607001ff4a01adee213f9c6c3ded/00000059.tif""}], ""internal_resource"": ""FileMetadata"", ""original_filename"": [""00000059.tif""], ""source_media_type"": [], ""date_of_digitization"": [], ""preservation_copy_of_id"": null, ""original_language_caption"": null}, {""id"": {""id"": ""4552556b-3c85-4109-988d-f7044732befa""}, ""use"": [{""@id"": ""http://pcdm.org/use#ServiceFile""}], ""size"": [], ""label"": [""intermediate_file.tif""], ""width"": [], ""bounds"": [], ""height"": [], ""checksum"": [], ""duration"": [], ""geometry"": [], ""producer"": [], ""software"": [], ""mime_type"": [""image/tiff""], ""change_set"": null, ""created_at"": ""2026-09-29T20:59:32+00:00"", ""edit_users"": [], ""new_record"": true, ""page_count"": null, ""read_users"": [], ""updated_at"": ""2026-09-29T20:59:32+00:00"", ""edit_groups"": [], ""read_groups"": [], ""camera_model"": [], ""x_resolution"": [], ""y_resolution"": [], ""error_message"": [], ""bits_per_sample"": [], ""processing_note"": [], ""caption_language"": [], ""file_identifiers"": [{""id"": ""pyramidal-derivatives-shrine://45/52/55/4552556b3c854109988df7044732befa/intermediate_file.tif""}], ""internal_resource"": ""FileMetadata"", ""original_filename"": [""intermediate_file.tif""], ""source_media_type"": [], ""date_of_digitization"": [], ""preservation_copy_of_id"": null, ""original_language_caption"": null}], ""service_targets"": [], ""cached_parent_id"": [{""id"": ""b7f6f438-4363-4003-8b74-779b5e31f210""}], ""processing_status"": [""processed""], ""optimistic_lock_token"": [{""token"": ""3"", ""adapter_id"": {""id"": ""746f06acf4d573bebd8c8a500b398589""}}]}",2026-09-29 20:58:42.108316,2026-09-30 13:41:26.958521,FileSet,4
fe648868-a1a3-41de-bed6-760b5f43d6bb,"{""part"": [], ""side"": [], ""title"": [""00000060.tif""], ""barcode"": [], ""edit_users"": [], ""highlights"": [], ""member_ids"": [], ""read_users"": [], ""edit_groups"": [], ""read_groups"": [""public""], ""file_metadata"": [{""id"": {""id"": ""b449fed6-8b67-4ef2-8286-0d2e25e83eb2""}, ""use"": [{""@id"": ""http://pcdm.org/use#OriginalFile""}], ""size"": [""58366592""], ""label"": [""00000060.tif""], ""width"": [""3592""], ""bounds"": [], ""height"": [""5411""], ""checksum"": [{""id"": null, ""md5"": ""281abdd138620a291d2722b8a1cf52f1"", ""sha1"": ""b54dd91e7f606de9e7f4940b7e0ce28879dd8c4a"", ""sha256"": ""50c496530cba912eb97a8697a152c2b9987f449150aa7b077e33871dd780ced5"", ""created_at"": null, ""new_record"": true, ""updated_at"": null, ""internal_resource"": ""MultiChecksum""}], ""duration"": [], ""geometry"": [], ""producer"": [], ""software"": [], ""mime_type"": [""image/tiff""], ""change_set"": null, ""created_at"": ""2026-09-29T20:58:37+00:00"", ""edit_users"": [], ""new_record"": true, ""page_count"": null, ""read_users"": [], ""updated_at"": ""2026-09-29T20:58:37+00:00"", ""edit_groups"": [], ""read_groups"": [], ""camera_model"": [], ""x_resolution"": [], ""y_resolution"": [], ""error_message"": [], ""bits_per_sample"": [], ""processing_note"": [], ""caption_language"": [], ""file_identifiers"": [{""id"": ""disk:///opt/repository/files/b4/49/fe/b449fed68b674ef282860d2e25e83eb2/00000060.tif""}], ""internal_resource"": ""FileMetadata"", ""original_filename"": [""00000060.tif""], ""source_media_type"": [], ""date_of_digitization"": [], ""preservation_copy_of_id"": null, ""original_language_caption"": null}, {""id"": {""id"": ""88b09ba4-0e84-4196-8a1e-13c16235dc11""}, ""use"": [{""@id"": ""http://pcdm.org/use#ServiceFile""}], ""size"": [], ""label"": [""intermediate_file.tif""], ""width"": [], ""bounds"": [], ""height"": [], ""checksum"": [], ""duration"": [], ""geometry"": [], ""producer"": [], ""software"": [], ""mime_type"": [""image/tiff""], ""change_set"": null, ""created_at"": ""2026-09-29T20:59:21+00:00"", ""edit_users"": [], ""new_record"": true, ""page_count"": null, ""read_users"": [], ""updated_at"": ""2026-09-29T20:59:21+00:00"", ""edit_groups"": [], ""read_groups"": [], ""camera_model"": [], ""x_resolution"": [], ""y_resolution"": [], ""error_message"": [], ""bits_per_sample"": [], ""processing_note"": [], ""caption_language"": [], ""file_identifiers"": [{""id"": ""pyramidal-derivatives-shrine://88/b0/9b/88b09ba40e8441968a1e13c16235dc11/intermediate_file.tif""}], ""internal_resource"": ""FileMetadata"", ""original_filename"": [""intermediate_file.tif""], ""source_media_type"": [], ""date_of_digitization"": [], ""preservation_copy_of_id"": null, ""original_language_caption"": null}], ""service_targets"": [], ""cached_parent_id"": [{""id"": ""b7f6f438-4363-4003-8b74-779b5e31f210""}], ""processing_status"": [""processed""], ""optimistic_lock_token"": [{""token"": ""3"", ""adapter_id"": {""id"": ""746f06acf4d573bebd8c8a500b398589""}}]}",2026-09-29 20:58:42.115753,2026-09-30 13:41:26.972804,FileSet,4
7c687032-7497-45b5-90ca-f8816b3917cd,"{""part"": [], ""side"": [], ""title"": [""00000061.tif""], ""barcode"": [], ""edit_users"": [], ""highlights"": [], ""member_ids"": [], ""read_users"": [], ""edit_groups"": [], ""read_groups"": [""public""], ""file_metadata"": [{""id"": {""id"": ""1d5d3110-20f7-4a05-bf19-ba50368954fd""}, ""use"": [{""@id"": ""http://pcdm.org/use#OriginalFile""}], ""size"": [""54758242""], ""label"": [""00000061.tif""], ""width"": [""3465""], ""bounds"": [], ""height"": [""5262""], ""checksum"": [{""id"": null, ""md5"": ""a751515e9ecbf5ef2312623a49b541dc"", ""sha1"": ""fc7575f3caadd9d7052e2e3568cdf690a3d87232"", ""sha256"": ""6f5ed44e6cf6775df5c7bd3d91deb9eb909d034f889d4f28c699a5ec33fea35a"", ""created_at"": null, ""new_record"": true, ""updated_at"": null, ""internal_resource"": ""MultiChecksum""}], ""duration"": [], ""geometry"": [], ""producer"": [], ""software"": [], ""mime_type"": [""image/tiff""], ""change_set"": null, ""created_at"": ""2026-09-29T20:58:42+00:00"", ""edit_users"": [], ""new_record"": true, ""page_count"": null, ""read_users"": [], ""updated_at"": ""2026-09-29T20:58:42+00:00"", ""edit_groups"": [], ""read_groups"": [], ""camera_model"": [], ""x_resolution"": [], ""y_resolution"": [], ""error_message"": [], ""bits_per_sample"": [], ""processing_note"": [], ""caption_language"": [], ""file_identifiers"": [{""id"": ""disk:///opt/repository/files/1d/5d/31/1d5d311020f74a05bf19ba50368954fd/00000061.tif""}], ""internal_resource"": ""FileMetadata"", ""original_filename"": [""00000061.tif""], ""source_media_type"": [], ""date_of_digitization"": [], ""preservation_copy_of_id"": null, ""original_language_caption"": null}, {""id"": {""id"": ""770bc62a-4b83-4014-ba86-70bc2e4c43d2""}, ""use"": [{""@id"": ""http://pcdm.org/use#ServiceFile""}], ""size"": [], ""label"": [""intermediate_file.tif""], ""width"": [], ""bounds"": [], ""height"": [], ""checksum"": [], ""duration"": [], ""geometry"": [], ""producer"": [], ""software"": [], ""mime_type"": [""image/tiff""], ""change_set"": null, ""created_at"": ""2026-09-29T20:59:56+00:00"", ""edit_users"": [], ""new_record"": true, ""page_count"": null, ""read_users"": [], ""updated_at"": ""2026-09-29T20:59:56+00:00"", ""edit_groups"": [], ""read_groups"": [], ""camera_model"": [], ""x_resolution"": [], ""y_resolution"": [], ""error_message"": [], ""bits_per_sample"": [], ""processing_note"": [], ""caption_language"": [], ""file_identifiers"": [{""id"": ""pyramidal-derivatives-shrine://77/0b/c6/770bc62a4b834014ba8670bc2e4c43d2/intermediate_file.tif""}], ""internal_resource"": ""FileMetadata"", ""original_filename"": [""intermediate_file.tif""], ""source_media_type"": [], ""date_of_digitization"": [], ""preservation_copy_of_id"": null, ""original_language_caption"": null}], ""service_targets"": [], ""cached_parent_id"": [{""id"": ""b7f6f438-4363-4003-8b74-779b5e31f210""}], ""processing_status"": [""processed""], ""optimistic_lock_token"": [{""token"": ""3"", ""adapter_id"": {""id"": ""746f06acf4d573bebd8c8a500b398589""}}]}",2026-09-29 20:59:19.092186,2026-09-30 13:41:26.988948,FileSet,4
df9a0a04-be76-4092-8c36-d3d46bd409f5,"{""part"": [], ""side"": [], ""title"": [""00000062.tif""], ""barcode"": [], ""edit_users"": [], ""highlights"": [], ""member_ids"": [], ""read_users"": [], ""edit_groups"": [], ""read_groups"": [""public""], ""file_metadata"": [{""id"": {""id"": ""6d5e38c7-932a-41e6-8845-7f7c1cf4bffd""}, ""use"": [{""@id"": ""http://pcdm.org/use#OriginalFile""}], ""size"": [""59796536""], ""label"": [""00000062.tif""], ""width"": [""3680""], ""bounds"": [], ""height"": [""5411""], ""checksum"": [{""id"": null, ""md5"": ""ba0f5807a922faaba89a2ad6b5131c72"", ""sha1"": ""ff565cf4420ddb419139b595be56ecc4d5e72d44"", ""sha256"": ""0d0e06056c3e9378f75d7604f5819fb5c359051e3a2c0aa86a2ea05d726fed65"", ""created_at"": null, ""new_record"": true, ""updated_at"": null, ""internal_resource"": ""MultiChecksum""}], ""duration"": [], ""geometry"": [], ""producer"": [], ""software"": [], ""mime_type"": [""image/tiff""], ""change_set"": null, ""created_at"": ""2026-09-29T20:58:45+00:00"", ""edit_users"": [], ""new_record"": true, ""page_count"": null, ""read_users"": [], ""updated_at"": ""2026-09-29T20:58:45+00:00"", ""edit_groups"": [], ""read_groups"": [], ""camera_model"": [], ""x_resolution"": [], ""y_resolution"": [], ""error_message"": [], ""bits_per_sample"": [], ""processing_note"": [], ""caption_language"": [], ""file_identifiers"": [{""id"": ""disk:///opt/repository/files/6d/5e/38/6d5e38c7932a41e688457f7c1cf4bffd/00000062.tif""}], ""internal_resource"": ""FileMetadata"", ""original_filename"": [""00000062.tif""], ""source_media_type"": [], ""date_of_digitization"": [], ""preservation_copy_of_id"": null, ""original_language_caption"": null}, {""id"": {""id"": ""18570caa-809b-4877-8d46-733dd122901d""}, ""use"": [{""@id"": ""http://pcdm.org/use#ServiceFile""}], ""size"": [], ""label"": [""intermediate_file.tif""], ""width"": [], ""bounds"": [], ""height"": [], ""checksum"": [], ""duration"": [], ""geometry"": [], ""producer"": [], ""software"": [], ""mime_type"": [""image/tiff""], ""change_set"": null, ""created_at"": ""2026-09-29T21:00:02+00:00"", ""edit_users"": [], ""new_record"": true, ""page_count"": null, ""read_users"": [], ""updated_at"": ""2026-09-29T21:00:02+00:00"", ""edit_groups"": [], ""read_groups"": [], ""camera_model"": [], ""x_resolution"": [], ""y_resolution"": [], ""error_message"": [], ""bits_per_sample"": [], ""processing_note"": [], ""caption_language"": [], ""file_identifiers"": [{""id"": ""pyramidal-derivatives-shrine://18/57/0c/18570caa809b48778d46733dd122901d/intermediate_file.tif""}], ""internal_resource"": ""FileMetadata"", ""original_filename"": [""intermediate_file.tif""], ""source_media_type"": [], ""date_of_digitization"": [], ""preservation_copy_of_id"": null, ""original_language_caption"": null}], ""service_targets"": [], ""cached_parent_id"": [{""id"": ""b7f6f438-4363-4003-8b74-779b5e31f210""}], ""processing_status"": [""processed""], ""optimistic_lock_token"": [{""token"": ""3"", ""adapter_id"": {""id"": ""746f06acf4d573bebd8c8a500b398589""}}]}",2026-09-29 20:59:19.100662,2026-09-30 13:41:27.006317,FileSet,4
af637297-e9e7-4274-8941-2f0fdcfdf8a8,"{""part"": [], ""side"": [], ""title"": [""00000063.tif""], ""barcode"": [], ""edit_users"": [], ""highlights"": [], ""member_ids"": [], ""read_users"": [], ""edit_groups"": [], ""read_groups"": [""public""], ""file_metadata"": [{""id"": {""id"": ""a2ce9f1e-3683-4011-8495-74bc9760f135""}, ""use"": [{""@id"": ""http://pcdm.org/use#OriginalFile""}], ""size"": [""55042870""], ""label"": [""00000063.tif""], ""width"": [""3483""], ""bounds"": [], ""height"": [""5262""], ""checksum"": [{""id"": null, ""md5"": ""93d9939d8798483cb20c353382caca9a"", ""sha1"": ""e893ed5b436f6e3b617af7b118403ba2653b6071"", ""sha256"": ""7b678e435f0eb675822c9d0e78810a96b6611e95d847be928ebab9e82a17a176"", ""created_at"": null, ""new_record"": true, ""updated_at"": null, ""internal_resource"": ""MultiChecksum""}], ""duration"": [], ""geometry"": [], ""producer"": [], ""software"": [], ""mime_type"": [""image/tiff""], ""change_set"": null, ""created_at"": ""2026-09-29T20:58:50+00:00"", ""edit_users"": [], ""new_record"": true, ""page_count"": null, ""read_users"": [], ""updated_at"": ""2026-09-29T20:58:50+00:00"", ""edit_groups"": [], ""read_groups"": [], ""camera_model"": [], ""x_resolution"": [], ""y_resolution"": [], ""error_message"": [], ""bits_per_sample"": [], ""processing_note"": [], ""caption_language"": [], ""file_identifiers"": [{""id"": ""disk:///opt/repository/files/a2/ce/9f/a2ce9f1e36834011849574bc9760f135/00000063.tif""}], ""internal_resource"": ""FileMetadata"", ""original_filename"": [""00000063.tif""], ""source_media_type"": [], ""date_of_digitization"": [], ""preservation_copy_of_id"": null, ""original_language_caption"": null}, {""id"": {""id"": ""ab3db283-9662-47ca-a40e-8bf9840e7d3b""}, ""use"": [{""@id"": ""http://pcdm.org/use#ServiceFile""}], ""size"": [], ""label"": [""intermediate_file.tif""], ""width"": [], ""bounds"": [], ""height"": [], ""checksum"": [], ""duration"": [], ""geometry"": [], ""producer"": [], ""software"": [], ""mime_type"": [""image/tiff""], ""change_set"": null, ""created_at"": ""2026-09-29T20:59:57+00:00"", ""edit_users"": [], ""new_record"": true, ""page_count"": null, ""read_users"": [], ""updated_at"": ""2026-09-29T20:59:57+00:00"", ""edit_groups"": [], ""read_groups"": [], ""camera_model"": [], ""x_resolution"": [], ""y_resolution"": [], ""error_message"": [], ""bits_per_sample"": [], ""processing_note"": [], ""caption_language"": [], ""file_identifiers"": [{""id"": ""pyramidal-derivatives-shrine://ab/3d/b2/ab3db283966247caa40e8bf9840e7d3b/intermediate_file.tif""}], ""internal_resource"": ""FileMetadata"", ""original_filename"": [""intermediate_file.tif""], ""source_media_type"": [], ""date_of_digitization"": [], ""preservation_copy_of_id"": null, ""original_language_caption"": null}], ""service_targets"": [], ""cached_parent_id"": [{""id"": ""b7f6f438-4363-4003-8b74-779b5e31f210""}], ""processing_status"": [""processed""], ""optimistic_lock_token"": [{""token"": ""3"", ""adapter_id"": {""id"": ""746f06acf4d573bebd8c8a500b398589""}}]}",2026-09-29 20:59:19.107724,2026-09-30 13:41:27.021286,FileSet,4
66e62ff7-bf53-454b-a75c-081cc87153e0,"{""part"": [], ""side"": [], ""title"": [""00000064.tif""], ""barcode"": [], ""edit_users"": [], ""highlights"": [], ""member_ids"": [], ""read_users"": [], ""edit_groups"": [], ""read_groups"": [""public""], ""file_metadata"": [{""id"": {""id"": ""3d9fc682-a568-40c7-9eed-15aca8a00fdd""}, ""use"": [{""@id"": ""http://pcdm.org/use#OriginalFile""}], ""size"": [""59796536""], ""label"": [""00000064.tif""], ""width"": [""3680""], ""bounds"": [], ""height"": [""5411""], ""checksum"": [{""id"": null, ""md5"": ""7a76888deca79ac457eba0803e4a4fe3"", ""sha1"": ""4163619e7adf5b1d001b0c21cc9fc5c631650af9"", ""sha256"": ""1b0c48da168f4d8ba50c6ecc983a86efcb17db8d87b83d6e8509fc5eadcdfbf1"", ""created_at"": null, ""new_record"": true, ""updated_at"": null, ""internal_resource"": ""MultiChecksum""}], ""duration"": [], ""geometry"": [], ""producer"": [], ""software"": [], ""mime_type"": [""image/tiff""], ""change_set"": null, ""created_at"": ""2026-09-29T20:58:52+00:00"", ""edit_users"": [], ""new_record"": true, ""page_count"": null, ""read_users"": [], ""updated_at"": ""2026-09-29T20:58:52+00:00"", ""edit_groups"": [], ""read_groups"": [], ""camera_model"": [], ""x_resolution"": [], ""y_resolution"": [], ""error_message"": [], ""bits_per_sample"": [], ""processing_note"": [], ""caption_language"": [], ""file_identifiers"": [{""id"": ""disk:///opt/repository/files/3d/9f/c6/3d9fc682a56840c79eed15aca8a00fdd/00000064.tif""}], ""internal_resource"": ""FileMetadata"", ""original_filename"": [""00000064.tif""], ""source_media_type"": [], ""date_of_digitization"": [], ""preservation_copy_of_id"": null, ""original_language_caption"": null}, {""id"": {""id"": ""6581cc7e-ffba-43a3-a305-7f633c74958f""}, ""use"": [{""@id"": ""http://pcdm.org/use#ServiceFile""}], ""size"": [], ""label"": [""intermediate_file.tif""], ""width"": [], ""bounds"": [], ""height"": [], ""checksum"": [], ""duration"": [], ""geometry"": [], ""producer"": [], ""software"": [], ""mime_type"": [""image/tiff""], ""change_set"": null, ""created_at"": ""2026-09-29T21:00:00+00:00"", ""edit_users"": [], ""new_record"": true, ""page_count"": null, ""read_users"": [], ""updated_at"": ""2026-09-29T21:00:00+00:00"", ""edit_groups"": [], ""read_groups"": [], ""camera_model"": [], ""x_resolution"": [], ""y_resolution"": [], ""error_message"": [], ""bits_per_sample"": [], ""processing_note"": [], ""caption_language"": [], ""file_identifiers"": [{""id"": ""pyramidal-derivatives-shrine://65/81/cc/6581cc7effba43a3a3057f633c74958f/intermediate_file.tif""}], ""internal_resource"": ""FileMetadata"", ""original_filename"": [""intermediate_file.tif""], ""source_media_type"": [], ""date_of_digitization"": [], ""preservation_copy_of_id"": null, ""original_language_caption"": null}], ""service_targets"": [], ""cached_parent_id"": [{""id"": ""b7f6f438-4363-4003-8b74-779b5e31f210""}], ""processing_status"": [""processed""], ""optimistic_lock_token"": [{""token"": ""3"", ""adapter_id"": {""id"": ""746f06acf4d573bebd8c8a500b398589""}}]}",2026-09-29 20:59:19.114495,2026-09-30 13:41:27.048708,FileSet,4
e90df516-23f6-4a84-9517-853d20bf69da,"{""part"": [], ""side"": [], ""title"": [""00000065.tif""], ""barcode"": [], ""edit_users"": [], ""highlights"": [], ""member_ids"": [], ""read_users"": [], ""edit_groups"": [], ""read_groups"": [""public""], ""file_metadata"": [{""id"": {""id"": ""0df0a953-2dab-49f9-b8fc-bcd425a7b1ae""}, ""use"": [{""@id"": ""http://pcdm.org/use#OriginalFile""}], ""size"": [""54695098""], ""label"": [""00000065.tif""], ""width"": [""3461""], ""bounds"": [], ""height"": [""5262""], ""checksum"": [{""id"": null, ""md5"": ""9617ea7a41aa616294eb67b555072540"", ""sha1"": ""8e352b5b60994f4a03a9e57514c8f55f12ece730"", ""sha256"": ""7cd2da431868f8cb7580967f8d587b4c4cb4277c57078a7e64aa5380338b41b8"", ""created_at"": null, ""new_record"": true, ""updated_at"": null, ""internal_resource"": ""MultiChecksum""}], ""duration"": [], ""geometry"": [], ""producer"": [], ""software"": [], ""mime_type"": [""image/tiff""], ""change_set"": null, ""created_at"": ""2026-09-29T20:58:55+00:00"", ""edit_users"": [], ""new_record"": true, ""page_count"": null, ""read_users"": [], ""updated_at"": ""2026-09-29T20:58:55+00:00"", ""edit_groups"": [], ""read_groups"": [], ""camera_model"": [], ""x_resolution"": [], ""y_resolution"": [], ""error_message"": [], ""bits_per_sample"": [], ""processing_note"": [], ""caption_language"": [], ""file_identifiers"": [{""id"": ""disk:///opt/repository/files/0d/f0/a9/0df0a9532dab49f9b8fcbcd425a7b1ae/00000065.tif""}], ""internal_resource"": ""FileMetadata"", ""original_filename"": [""00000065.tif""], ""source_media_type"": [], ""date_of_digitization"": [], ""preservation_copy_of_id"": null, ""original_language_caption"": null}, {""id"": {""id"": ""a9a90a80-2382-43d9-8398-b290ad16a34f""}, ""use"": [{""@id"": ""http://pcdm.org/use#ServiceFile""}], ""size"": [], ""label"": [""intermediate_file.tif""], ""width"": [], ""bounds"": [], ""height"": [], ""checksum"": [], ""duration"": [], ""geometry"": [], ""producer"": [], ""software"": [], ""mime_type"": [""image/tiff""], ""change_set"": null, ""created_at"": ""2026-09-29T20:59:55+00:00"", ""edit_users"": [], ""new_record"": true, ""page_count"": null, ""read_users"": [], ""updated_at"": ""2026-09-29T20:59:55+00:00"", ""edit_groups"": [], ""read_groups"": [], ""camera_model"": [], ""x_resolution"": [], ""y_resolution"": [], ""error_message"": [], ""bits_per_sample"": [], ""processing_note"": [], ""caption_language"": [], ""file_identifiers"": [{""id"": ""pyramidal-derivatives-shrine://a9/a9/0a/a9a90a80238243d98398b290ad16a34f/intermediate_file.tif""}], ""internal_resource"": ""FileMetadata"", ""original_filename"": [""intermediate_file.tif""], ""source_media_type"": [], ""date_of_digitization"": [], ""preservation_copy_of_id"": null, ""original_language_caption"": null}], ""service_targets"": [], ""cached_parent_id"": [{""id"": ""b7f6f438-4363-4003-8b74-779b5e31f210""}], ""processing_status"": [""processed""], ""optimistic_lock_token"": [{""token"": ""3"", ""adapter_id"": {""id"": ""746f06acf4d573bebd8c8a500b398589""}}]}",2026-09-29 20:59:19.119835,2026-09-30 13:41:27.071475,FileSet,4
eb3f2f73-27f4-4fd8-bde1-c27e42166311,"{""part"": [], ""side"": [], ""title"": [""00000066.tif""], ""barcode"": [], ""edit_users"": [], ""highlights"": [], ""member_ids"": [], ""read_users"": [], ""edit_groups"": [], ""read_groups"": [""public""], ""file_metadata"": [{""id"": {""id"": ""1622bc8f-638d-452a-9051-d97c2becc6d1""}, ""use"": [{""@id"": ""http://pcdm.org/use#OriginalFile""}], ""size"": [""59796536""], ""label"": [""00000066.tif""], ""width"": [""3680""], ""bounds"": [], ""height"": [""5411""], ""checksum"": [{""id"": null, ""md5"": ""44795a6c0754ed6a5d8253392fe65397"", ""sha1"": ""e218498be7a65e427f77b44f8f1f8679ee79c37a"", ""sha256"": ""245b463aede95ae410fe3a6978f4583ea9a16ee3f2ab586ef7e96a639a8140b7"", ""created_at"": null, ""new_record"": true, ""updated_at"": null, ""internal_resource"": ""MultiChecksum""}], ""duration"": [], ""geometry"": [], ""producer"": [], ""software"": [], ""mime_type"": [""image/tiff""], ""change_set"": null, ""created_at"": ""2026-09-29T20:58:57+00:00"", ""edit_users"": [], ""new_record"": true, ""page_count"": null, ""read_users"": [], ""updated_at"": ""2026-09-29T20:58:57+00:00"", ""edit_groups"": [], ""read_groups"": [], ""camera_model"": [], ""x_resolution"": [], ""y_resolution"": [], ""error_message"": [], ""bits_per_sample"": [], ""processing_note"": [], ""caption_language"": [], ""file_identifiers"": [{""id"": ""disk:///opt/repository/files/16/22/bc/1622bc8f638d452a9051d97c2becc6d1/00000066.tif""}], ""internal_resource"": ""FileMetadata"", ""original_filename"": [""00000066.tif""], ""source_media_type"": [], ""date_of_digitization"": [], ""preservation_copy_of_id"": null, ""original_language_caption"": null}, {""id"": {""id"": ""7998a344-5492-4c32-a782-7789742d61bc""}, ""use"": [{""@id"": ""http://pcdm.org/use#ServiceFile""}], ""size"": [], ""label"": [""intermediate_file.tif""], ""width"": [], ""bounds"": [], ""height"": [], ""checksum"": [], ""duration"": [], ""geometry"": [], ""producer"": [], ""software"": [], ""mime_type"": [""image/tiff""], ""change_set"": null, ""created_at"": ""2026-09-29T21:00:01+00:00"", ""edit_users"": [], ""new_record"": true, ""page_count"": null, ""read_users"": [], ""updated_at"": ""2026-09-29T21:00:01+00:00"", ""edit_groups"": [], ""read_groups"": [], ""camera_model"": [], ""x_resolution"": [], ""y_resolution"": [], ""error_message"": [], ""bits_per_sample"": [], ""processing_note"": [], ""caption_language"": [], ""file_identifiers"": [{""id"": ""pyramidal-derivatives-shrine://79/98/a3/7998a34454924c32a7827789742d61bc/intermediate_file.tif""}], ""internal_resource"": ""FileMetadata"", ""original_filename"": [""intermediate_file.tif""], ""source_media_type"": [], ""date_of_digitization"": [], ""preservation_copy_of_id"": null, ""original_language_caption"": null}], ""service_targets"": [], ""cached_parent_id"": [{""id"": ""b7f6f438-4363-4003-8b74-779b5e31f210""}], ""processing_status"": [""processed""], ""optimistic_lock_token"": [{""token"": ""3"", ""adapter_id"": {""id"": ""746f06acf4d573bebd8c8a500b398589""}}]}",2026-09-29 20:59:19.125511,2026-09-30 13:41:27.093095,FileSet,4
a5e3ec99-2324-4ccb-b1c1-c390e426080e,"{""part"": [], ""side"": [], ""title"": [""00000067.tif""], ""barcode"": [], ""edit_users"": [], ""highlights"": [], ""member_ids"": [], ""read_users"": [], ""edit_groups"": [], ""read_groups"": [""public""], ""file_metadata"": [{""id"": {""id"": ""d4bef66d-2e10-4882-ac38-4bddf5df15fb""}, ""use"": [{""@id"": ""http://pcdm.org/use#OriginalFile""}], ""size"": [""54695098""], ""label"": [""00000067.tif""], ""width"": [""3461""], ""bounds"": [], ""height"": [""5262""], ""checksum"": [{""id"": null, ""md5"": ""eecaecae4460a9ecc9db79f25e57bd5f"", ""sha1"": ""1b0e9d2ebf86e83a1a52e7382272fc151ca36ac6"", ""sha256"": ""235324277783a47ddac66961a1937e42aa5bf42d69a54201f2bc8494c5e69838"", ""created_at"": null, ""new_record"": true, ""updated_at"": null, ""internal_resource"": ""MultiChecksum""}], ""duration"": [], ""geometry"": [], ""producer"": [], ""software"": [], ""mime_type"": [""image/tiff""], ""change_set"": null, ""created_at"": ""2026-09-29T20:59:00+00:00"", ""edit_users"": [], ""new_record"": true, ""page_count"": null, ""read_users"": [], ""updated_at"": ""2026-09-29T20:59:00+00:00"", ""edit_groups"": [], ""read_groups"": [], ""camera_model"": [], ""x_resolution"": [], ""y_resolution"": [], ""error_message"": [], ""bits_per_sample"": [], ""processing_note"": [], ""caption_language"": [], ""file_identifiers"": [{""id"": ""disk:///opt/repository/files/d4/be/f6/d4bef66d2e104882ac384bddf5df15fb/00000067.tif""}], ""internal_resource"": ""FileMetadata"", ""original_filename"": [""00000067.tif""], ""source_media_type"": [], ""date_of_digitization"": [], ""preservation_copy_of_id"": null, ""original_language_caption"": null}, {""id"": {""id"": ""cd884478-9553-4c8a-8d1e-fe6a486a6582""}, ""use"": [{""@id"": ""http://pcdm.org/use#ServiceFile""}], ""size"": [], ""label"": [""intermediate_file.tif""], ""width"": [], ""bounds"": [], ""height"": [], ""checksum"": [], ""duration"": [], ""geometry"": [], ""producer"": [], ""software"": [], ""mime_type"": [""image/tiff""], ""change_set"": null, ""created_at"": ""2026-09-29T20:59:55+00:00"", ""edit_users"": [], ""new_record"": true, ""page_count"": null, ""read_users"": [], ""updated_at"": ""2026-09-29T20:59:55+00:00"", ""edit_groups"": [], ""read_groups"": [], ""camera_model"": [], ""x_resolution"": [], ""y_resolution"": [], ""error_message"": [], ""bits_per_sample"": [], ""processing_note"": [], ""caption_language"": [], ""file_identifiers"": [{""id"": ""pyramidal-derivatives-shrine://cd/88/44/cd88447895534c8a8d1efe6a486a6582/intermediate_file.tif""}], ""internal_resource"": ""FileMetadata"", ""original_filename"": [""intermediate_file.tif""], ""source_media_type"": [], ""date_of_digitization"": [], ""preservation_copy_of_id"": null, ""original_language_caption"": null}], ""service_targets"": [], ""cached_parent_id"": [{""id"": ""b7f6f438-4363-4003-8b74-779b5e31f210""}], ""processing_status"": [""processed""], ""optimistic_lock_token"": [{""token"": ""3"", ""adapter_id"": {""id"": ""746f06acf4d573bebd8c8a500b398589""}}]}",2026-09-29 20:59:19.132123,2026-09-30 13:41:27.117675,FileSet,4
2083b552-766b-4f26-8f24-00252cb09d27,"{""part"": [], ""side"": [], ""title"": [""00000068.tif""], ""barcode"": [], ""edit_users"": [], ""highlights"": [], ""member_ids"": [], ""read_users"": [], ""edit_groups"": [], ""read_groups"": [""public""], ""file_metadata"": [{""id"": {""id"": ""df0239f3-af60-43c6-a015-e5852420bc18""}, ""use"": [{""@id"": ""http://pcdm.org/use#OriginalFile""}], ""size"": [""59796536""], ""label"": [""00000068.tif""], ""width"": [""3680""], ""bounds"": [], ""height"": [""5411""], ""checksum"": [{""id"": null, ""md5"": ""00d79df3a372e8e00b0960fdb5f01cde"", ""sha1"": ""79a0838b20c314200c4a7ceec889ccef3300533c"", ""sha256"": ""0a7a0f229671b245a85e2d85cf63ed59feb02cb0fe1c6e659c1576df2cf326e5"", ""created_at"": null, ""new_record"": true, ""updated_at"": null, ""internal_resource"": ""MultiChecksum""}], ""duration"": [], ""geometry"": [], ""producer"": [], ""software"": [], ""mime_type"": [""image/tiff""], ""change_set"": null, ""created_at"": ""2026-09-29T20:59:02+00:00"", ""edit_users"": [], ""new_record"": true, ""page_count"": null, ""read_users"": [], ""updated_at"": ""2026-09-29T20:59:02+00:00"", ""edit_groups"": [], ""read_groups"": [], ""camera_model"": [], ""x_resolution"": [], ""y_resolution"": [], ""error_message"": [], ""bits_per_sample"": [], ""processing_note"": [], ""caption_language"": [], ""file_identifiers"": [{""id"": ""disk:///opt/repository/files/df/02/39/df0239f3af6043c6a015e5852420bc18/00000068.tif""}], ""internal_resource"": ""FileMetadata"", ""original_filename"": [""00000068.tif""], ""source_media_type"": [], ""date_of_digitization"": [], ""preservation_copy_of_id"": null, ""original_language_caption"": null}, {""id"": {""id"": ""814c11ad-e734-45b1-a14e-9188e81c0e12""}, ""use"": [{""@id"": ""http://pcdm.org/use#ServiceFile""}], ""size"": [], ""label"": [""intermediate_file.tif""], ""width"": [], ""bounds"": [], ""height"": [], ""checksum"": [], ""duration"": [], ""geometry"": [], ""producer"": [], ""software"": [], ""mime_type"": [""image/tiff""], ""change_set"": null, ""created_at"": ""2026-09-29T21:00:01+00:00"", ""edit_users"": [], ""new_record"": true, ""page_count"": null, ""read_users"": [], ""updated_at"": ""2026-09-29T21:00:01+00:00"", ""edit_groups"": [], ""read_groups"": [], ""camera_model"": [], ""x_resolution"": [], ""y_resolution"": [], ""error_message"": [], ""bits_per_sample"": [], ""processing_note"": [], ""caption_language"": [], ""file_identifiers"": [{""id"": ""pyramidal-derivatives-shrine://81/4c/11/814c11ade73445b1a14e9188e81c0e12/intermediate_file.tif""}], ""internal_resource"": ""FileMetadata"", ""original_filename"": [""intermediate_file.tif""], ""source_media_type"": [], ""date_of_digitization"": [], ""preservation_copy_of_id"": null, ""original_language_caption"": null}], ""service_targets"": [], ""cached_parent_id"": [{""id"": ""b7f6f438-4363-4003-8b74-779b5e31f210""}], ""processing_status"": [""processed""], ""optimistic_lock_token"": [{""token"": ""3"", ""adapter_id"": {""id"": ""746f06acf4d573bebd8c8a500b398589""}}]}",2026-09-29 20:59:19.142229,2026-09-30 13:41:27.133361,FileSet,4
da04b5a5-3816-47b1-8e18-e277a5edf4f4,"{""part"": [], ""side"": [], ""title"": [""00000069.tif""], ""barcode"": [], ""edit_users"": [], ""highlights"": [], ""member_ids"": [], ""read_users"": [], ""edit_groups"": [], ""read_groups"": [""public""], ""file_metadata"": [{""id"": {""id"": ""971b417a-7c3a-445b-96e6-e0f526b13eb4""}, ""use"": [{""@id"": ""http://pcdm.org/use#OriginalFile""}], ""size"": [""54695098""], ""label"": [""00000069.tif""], ""width"": [""3461""], ""bounds"": [], ""height"": [""5262""], ""checksum"": [{""id"": null, ""md5"": ""0d03b453227572727e229713d868853d"", ""sha1"": ""4dbac3cabefcc79fa86d0624888165e9d541218e"", ""sha256"": ""980baf2c7d4f5d50d7769e7908aead8efc6073b9057c18846a37849f4ea55e26"", ""created_at"": null, ""new_record"": true, ""updated_at"": null, ""internal_resource"": ""MultiChecksum""}], ""duration"": [], ""geometry"": [], ""producer"": [], ""software"": [], ""mime_type"": [""image/tiff""], ""change_set"": null, ""created_at"": ""2026-09-29T20:59:07+00:00"", ""edit_users"": [], ""new_record"": true, ""page_count"": null, ""read_users"": [], ""updated_at"": ""2026-09-29T20:59:07+00:00"", ""edit_groups"": [], ""read_groups"": [], ""camera_model"": [], ""x_resolution"": [], ""y_resolution"": [], ""error_message"": [], ""bits_per_sample"": [], ""processing_note"": [], ""caption_language"": [], ""file_identifiers"": [{""id"": ""disk:///opt/repository/files/97/1b/41/971b417a7c3a445b96e6e0f526b13eb4/00000069.tif""}], ""internal_resource"": ""FileMetadata"", ""original_filename"": [""00000069.tif""], ""source_media_type"": [], ""date_of_digitization"": [], ""preservation_copy_of_id"": null, ""original_language_caption"": null}, {""id"": {""id"": ""33f226b4-4520-4ecc-98d1-eb1a4c057b7c""}, ""use"": [{""@id"": ""http://pcdm.org/use#ServiceFile""}], ""size"": [], ""label"": [""intermediate_file.tif""], ""width"": [], ""bounds"": [], ""height"": [], ""checksum"": [], ""duration"": [], ""geometry"": [], ""producer"": [], ""software"": [], ""mime_type"": [""image/tiff""], ""change_set"": null, ""created_at"": ""2026-09-29T20:59:57+00:00"", ""edit_users"": [], ""new_record"": true, ""page_count"": null, ""read_users"": [], ""updated_at"": ""2026-09-29T20:59:57+00:00"", ""edit_groups"": [], ""read_groups"": [], ""camera_model"": [], ""x_resolution"": [], ""y_resolution"": [], ""error_message"": [], ""bits_per_sample"": [], ""processing_note"": [], ""caption_language"": [], ""file_identifiers"": [{""id"": ""pyramidal-derivatives-shrine://33/f2/26/33f226b445204ecc98d1eb1a4c057b7c/intermediate_file.tif""}], ""internal_resource"": ""FileMetadata"", ""original_filename"": [""intermediate_file.tif""], ""source_media_type"": [], ""date_of_digitization"": [], ""preservation_copy_of_id"": null, ""original_language_caption"": null}], ""service_targets"": [], ""cached_parent_id"": [{""id"": ""b7f6f438-4363-4003-8b74-779b5e31f210""}], ""processing_status"": [""processed""], ""optimistic_lock_token"": [{""token"": ""3"", ""adapter_id"": {""id"": ""746f06acf4d573bebd8c8a500b398589""}}]}",2026-09-29 20:59:19.154295,2026-09-30 13:41:27.14803,FileSet,4
d45bc771-9b0b-4f7b-9219-66fa01f70836,"{""part"": [], ""side"": [], ""title"": [""00000070.tif""], ""barcode"": [], ""edit_users"": [], ""highlights"": [], ""member_ids"": [], ""read_users"": [], ""edit_groups"": [], ""read_groups"": [""public""], ""file_metadata"": [{""id"": {""id"": ""d8eab941-027c-4c76-bef6-bf5d0a96a5af""}, ""use"": [{""@id"": ""http://pcdm.org/use#OriginalFile""}], ""size"": [""59796536""], ""label"": [""00000070.tif""], ""width"": [""3680""], ""bounds"": [], ""height"": [""5411""], ""checksum"": [{""id"": null, ""md5"": ""19d7682b59bac24f30882e33578a9e96"", ""sha1"": ""d73711984e107cfb02a26a6e5a16bd1ab2ad258b"", ""sha256"": ""f1eec1b5aa47712f2d95c573c9b1c17be1fcb99ef1d0a114dce89a39711156f8"", ""created_at"": null, ""new_record"": true, ""updated_at"": null, ""internal_resource"": ""MultiChecksum""}], ""duration"": [], ""geometry"": [], ""producer"": [], ""software"": [], ""mime_type"": [""image/tiff""], ""change_set"": null, ""created_at"": ""2026-09-29T20:59:16+00:00"", ""edit_users"": [], ""new_record"": true, ""page_count"": null, ""read_users"": [], ""updated_at"": ""2026-09-29T20:59:16+00:00"", ""edit_groups"": [], ""read_groups"": [], ""camera_model"": [], ""x_resolution"": [], ""y_resolution"": [], ""error_message"": [], ""bits_per_sample"": [], ""processing_note"": [], ""caption_language"": [], ""file_identifiers"": [{""id"": ""disk:///opt/repository/files/d8/ea/b9/d8eab941027c4c76bef6bf5d0a96a5af/00000070.tif""}], ""internal_resource"": ""FileMetadata"", ""original_filename"": [""00000070.tif""], ""source_media_type"": [], ""date_of_digitization"": [], ""preservation_copy_of_id"": null, ""original_language_caption"": null}, {""id"": {""id"": ""690262b1-b049-4ba4-b904-60d78a21e67f""}, ""use"": [{""@id"": ""http://pcdm.org/use#ServiceFile""}], ""size"": [], ""label"": [""intermediate_file.tif""], ""width"": [], ""bounds"": [], ""height"": [], ""checksum"": [], ""duration"": [], ""geometry"": [], ""producer"": [], ""software"": [], ""mime_type"": [""image/tiff""], ""change_set"": null, ""created_at"": ""2026-09-29T21:00:00+00:00"", ""edit_users"": [], ""new_record"": true, ""page_count"": null, ""read_users"": [], ""updated_at"": ""2026-09-29T21:00:00+00:00"", ""edit_groups"": [], ""read_groups"": [], ""camera_model"": [], ""x_resolution"": [], ""y_resolution"": [], ""error_message"": [], ""bits_per_sample"": [], ""processing_note"": [], ""caption_language"": [], ""file_identifiers"": [{""id"": ""pyramidal-derivatives-shrine://69/02/62/690262b1b0494ba4b90460d78a21e67f/intermediate_file.tif""}], ""internal_resource"": ""FileMetadata"", ""original_filename"": [""intermediate_file.tif""], ""source_media_type"": [], ""date_of_digitization"": [], ""preservation_copy_of_id"": null, ""original_language_caption"": null}], ""service_targets"": [], ""cached_parent_id"": [{""id"": ""b7f6f438-4363-4003-8b74-779b5e31f210""}], ""processing_status"": [""processed""], ""optimistic_lock_token"": [{""token"": ""3"", ""adapter_id"": {""id"": ""746f06acf4d573bebd8c8a500b398589""}}]}",2026-09-29 20:59:19.165929,2026-09-30 13:41:27.162667,FileSet,4
6a7221bf-ea2c-4be8-bd02-a87b6f51dbc9,"{""part"": [], ""side"": [], ""title"": [""00000071.tif""], ""barcode"": [], ""edit_users"": [], ""highlights"": [], ""member_ids"": [], ""read_users"": [], ""edit_groups"": [], ""read_groups"": [""public""], ""file_metadata"": [{""id"": {""id"": ""f904ea35-8a2f-473f-bed7-47127cbbc694""}, ""use"": [{""@id"": ""http://pcdm.org/use#OriginalFile""}], ""size"": [""54695098""], ""label"": [""00000071.tif""], ""width"": [""3461""], ""bounds"": [], ""height"": [""5262""], ""checksum"": [{""id"": null, ""md5"": ""1fc8dd30a64efe2fdb8d5b5bb350e84a"", ""sha1"": ""ab44d7dd63737b531cb011e69e5d98d6937062b2"", ""sha256"": ""facfdd81f1ff16d52d257c0bbf0356e81b745c05ea1ace9f360a3e058d14e279"", ""created_at"": null, ""new_record"": true, ""updated_at"": null, ""internal_resource"": ""MultiChecksum""}], ""duration"": [], ""geometry"": [], ""producer"": [], ""software"": [], ""mime_type"": [""image/tiff""], ""change_set"": null, ""created_at"": ""2026-09-29T20:59:19+00:00"", ""edit_users"": [], ""new_record"": true, ""page_count"": null, ""read_users"": [], ""updated_at"": ""2026-09-29T20:59:19+00:00"", ""edit_groups"": [], ""read_groups"": [], ""camera_model"": [], ""x_resolution"": [], ""y_resolution"": [], ""error_message"": [], ""bits_per_sample"": [], ""processing_note"": [], ""caption_language"": [], ""file_identifiers"": [{""id"": ""disk:///opt/repository/files/f9/04/ea/f904ea358a2f473fbed747127cbbc694/00000071.tif""}], ""internal_resource"": ""FileMetadata"", ""original_filename"": [""00000071.tif""], ""source_media_type"": [], ""date_of_digitization"": [], ""preservation_copy_of_id"": null, ""original_language_caption"": null}, {""id"": {""id"": ""28655abb-826d-40ee-93b8-96446a44cc9b""}, ""use"": [{""@id"": ""http://pcdm.org/use#ServiceFile""}], ""size"": [], ""label"": [""intermediate_file.tif""], ""width"": [], ""bounds"": [], ""height"": [], ""checksum"": [], ""duration"": [], ""geometry"": [], ""producer"": [], ""software"": [], ""mime_type"": [""image/tiff""], ""change_set"": null, ""created_at"": ""2026-09-29T21:00:41+00:00"", ""edit_users"": [], ""new_record"": true, ""page_count"": null, ""read_users"": [], ""updated_at"": ""2026-09-29T21:00:41+00:00"", ""edit_groups"": [], ""read_groups"": [], ""camera_model"": [], ""x_resolution"": [], ""y_resolution"": [], ""error_message"": [], ""bits_per_sample"": [], ""processing_note"": [], ""caption_language"": [], ""file_identifiers"": [{""id"": ""pyramidal-derivatives-shrine://28/65/5a/28655abb826d40ee93b896446a44cc9b/intermediate_file.tif""}], ""internal_resource"": ""FileMetadata"", ""original_filename"": [""intermediate_file.tif""], ""source_media_type"": [], ""date_of_digitization"": [], ""preservation_copy_of_id"": null, ""original_language_caption"": null}], ""service_targets"": [], ""cached_parent_id"": [{""id"": ""b7f6f438-4363-4003-8b74-779b5e31f210""}], ""processing_status"": [""processed""], ""optimistic_lock_token"": [{""token"": ""3"", ""adapter_id"": {""id"": ""746f06acf4d573bebd8c8a500b398589""}}]}",2026-09-29 21:00:11.98793,2026-09-30 13:41:27.17998,FileSet,4
28b9502e-06e4-4811-bc2e-883c41b9560f,"{""part"": [], ""side"": [], ""title"": [""00000072.tif""], ""barcode"": [], ""edit_users"": [], ""highlights"": [], ""member_ids"": [], ""read_users"": [], ""edit_groups"": [], ""read_groups"": [""public""], ""file_metadata"": [{""id"": {""id"": ""695128d3-0415-4503-8876-2a7977957dde""}, ""use"": [{""@id"": ""http://pcdm.org/use#OriginalFile""}], ""size"": [""59796536""], ""label"": [""00000072.tif""], ""width"": [""3680""], ""bounds"": [], ""height"": [""5411""], ""checksum"": [{""id"": null, ""md5"": ""00185cd634e6a8f75318f9fb57932e98"", ""sha1"": ""951d541f81f7b56db20153540416ee0dced2fe8b"", ""sha256"": ""9f2fcf15a74fa10dd4496a06f48e1cb8e85f2acbb107045ff6dff84e4659c9d0"", ""created_at"": null, ""new_record"": true, ""updated_at"": null, ""internal_resource"": ""MultiChecksum""}], ""duration"": [], ""geometry"": [], ""producer"": [], ""software"": [], ""mime_type"": [""image/tiff""], ""change_set"": null, ""created_at"": ""2026-09-29T20:59:32+00:00"", ""edit_users"": [], ""new_record"": true, ""page_count"": null, ""read_users"": [], ""updated_at"": ""2026-09-29T20:59:32+00:00"", ""edit_groups"": [], ""read_groups"": [], ""camera_model"": [], ""x_resolution"": [], ""y_resolution"": [], ""error_message"": [], ""bits_per_sample"": [], ""processing_note"": [], ""caption_language"": [], ""file_identifiers"": [{""id"": ""disk:///opt/repository/files/69/51/28/695128d30415450388762a7977957dde/00000072.tif""}], ""internal_resource"": ""FileMetadata"", ""original_filename"": [""00000072.tif""], ""source_media_type"": [], ""date_of_digitization"": [], ""preservation_copy_of_id"": null, ""original_language_caption"": null}, {""id"": {""id"": ""689792f7-6fbe-46a6-8ae8-da159d3db03b""}, ""use"": [{""@id"": ""http://pcdm.org/use#ServiceFile""}], ""size"": [], ""label"": [""intermediate_file.tif""], ""width"": [], ""bounds"": [], ""height"": [], ""checksum"": [], ""duration"": [], ""geometry"": [], ""producer"": [], ""software"": [], ""mime_type"": [""image/tiff""], ""change_set"": null, ""created_at"": ""2026-09-29T21:00:42+00:00"", ""edit_users"": [], ""new_record"": true, ""page_count"": null, ""read_users"": [], ""updated_at"": ""2026-09-29T21:00:42+00:00"", ""edit_groups"": [], ""read_groups"": [], ""camera_model"": [], ""x_resolution"": [], ""y_resolution"": [], ""error_message"": [], ""bits_per_sample"": [], ""processing_note"": [], ""caption_language"": [], ""file_identifiers"": [{""id"": ""pyramidal-derivatives-shrine://68/97/92/689792f76fbe46a68ae8da159d3db03b/intermediate_file.tif""}], ""internal_resource"": ""FileMetadata"", ""original_filename"": [""intermediate_file.tif""], ""source_media_type"": [], ""date_of_digitization"": [], ""preservation_copy_of_id"": null, ""original_language_caption"": null}], ""service_targets"": [], ""cached_parent_id"": [{""id"": ""b7f6f438-4363-4003-8b74-779b5e31f210""}], ""processing_status"": [""processed""], ""optimistic_lock_token"": [{""token"": ""3"", ""adapter_id"": {""id"": ""746f06acf4d573bebd8c8a500b398589""}}]}",2026-09-29 21:00:11.995171,2026-09-30 13:41:27.197135,FileSet,4
4a20bb1d-9af2-4cdb-bc08-65c08b7acd65,"{""part"": [], ""side"": [], ""title"": [""00000073.tif""], ""barcode"": [], ""edit_users"": [], ""highlights"": [], ""member_ids"": [], ""read_users"": [], ""edit_groups"": [], ""read_groups"": [""public""], ""file_metadata"": [{""id"": {""id"": ""40ed251e-fffd-4ad0-a188-7b0498639c20""}, ""use"": [{""@id"": ""http://pcdm.org/use#OriginalFile""}], ""size"": [""54695098""], ""label"": [""00000073.tif""], ""width"": [""3461""], ""bounds"": [], ""height"": [""5262""], ""checksum"": [{""id"": null, ""md5"": ""cb6908720422e771516c77ab00d1a03c"", ""sha1"": ""b97141508712cb52ed21acdb0ef98d5019918bd8"", ""sha256"": ""c50f3a624f0fe132adf7b6b4370cda0dbedbb2a8534add11328ea1f1c45d9701"", ""created_at"": null, ""new_record"": true, ""updated_at"": null, ""internal_resource"": ""MultiChecksum""}], ""duration"": [], ""geometry"": [], ""producer"": [], ""software"": [], ""mime_type"": [""image/tiff""], ""change_set"": null, ""created_at"": ""2026-09-29T20:59:34+00:00"", ""edit_users"": [], ""new_record"": true, ""page_count"": null, ""read_users"": [], ""updated_at"": ""2026-09-29T20:59:34+00:00"", ""edit_groups"": [], ""read_groups"": [], ""camera_model"": [], ""x_resolution"": [], ""y_resolution"": [], ""error_message"": [], ""bits_per_sample"": [], ""processing_note"": [], ""caption_language"": [], ""file_identifiers"": [{""id"": ""disk:///opt/repository/files/40/ed/25/40ed251efffd4ad0a1887b0498639c20/00000073.tif""}], ""internal_resource"": ""FileMetadata"", ""original_filename"": [""00000073.tif""], ""source_media_type"": [], ""date_of_digitization"": [], ""preservation_copy_of_id"": null, ""original_language_caption"": null}, {""id"": {""id"": ""1ef1e5fc-ce30-491a-ad05-810cb11e7b0b""}, ""use"": [{""@id"": ""http://pcdm.org/use#ServiceFile""}], ""size"": [], ""label"": [""intermediate_file.tif""], ""width"": [], ""bounds"": [], ""height"": [], ""checksum"": [], ""duration"": [], ""geometry"": [], ""producer"": [], ""software"": [], ""mime_type"": [""image/tiff""], ""change_set"": null, ""created_at"": ""2026-09-29T21:00:40+00:00"", ""edit_users"": [], ""new_record"": true, ""page_count"": null, ""read_users"": [], ""updated_at"": ""2026-09-29T21:00:40+00:00"", ""edit_groups"": [], ""read_groups"": [], ""camera_model"": [], ""x_resolution"": [], ""y_resolution"": [], ""error_message"": [], ""bits_per_sample"": [], ""processing_note"": [], ""caption_language"": [], ""file_identifiers"": [{""id"": ""pyramidal-derivatives-shrine://1e/f1/e5/1ef1e5fcce30491aad05810cb11e7b0b/intermediate_file.tif""}], ""internal_resource"": ""FileMetadata"", ""original_filename"": [""intermediate_file.tif""], ""source_media_type"": [], ""date_of_digitization"": [], ""preservation_copy_of_id"": null, ""original_language_caption"": null}], ""service_targets"": [], ""cached_parent_id"": [{""id"": ""b7f6f438-4363-4003-8b74-779b5e31f210""}], ""processing_status"": [""processed""], ""optimistic_lock_token"": [{""token"": ""3"", ""adapter_id"": {""id"": ""746f06acf4d573bebd8c8a500b398589""}}]}",2026-09-29 21:00:12.002632,2026-09-30 13:41:27.21376,FileSet,4
9228e28d-7cab-47d8-a6d2-a571f0e7c0ac,"{""part"": [], ""side"": [], ""title"": [""00000074.tif""], ""barcode"": [], ""edit_users"": [], ""highlights"": [], ""member_ids"": [], ""read_users"": [], ""edit_groups"": [], ""read_groups"": [""public""], ""file_metadata"": [{""id"": {""id"": ""b2b1ece7-f54e-46de-8eb1-62d03bdc4521""}, ""use"": [{""@id"": ""http://pcdm.org/use#OriginalFile""}], ""size"": [""59796536""], ""label"": [""00000074.tif""], ""width"": [""3680""], ""bounds"": [], ""height"": [""5411""], ""checksum"": [{""id"": null, ""md5"": ""f756730cfccb34af8a92f11e22482c3e"", ""sha1"": ""35c8341c84bb92a609d57e45535b1909c8e430fc"", ""sha256"": ""1c9bef15080b8ccf4242019ef137a8423c32ed622b8beecb817dfebaf8e57801"", ""created_at"": null, ""new_record"": true, ""updated_at"": null, ""internal_resource"": ""MultiChecksum""}], ""duration"": [], ""geometry"": [], ""producer"": [], ""software"": [], ""mime_type"": [""image/tiff""], ""change_set"": null, ""created_at"": ""2026-09-29T20:59:36+00:00"", ""edit_users"": [], ""new_record"": true, ""page_count"": null, ""read_users"": [], ""updated_at"": ""2026-09-29T20:59:36+00:00"", ""edit_groups"": [], ""read_groups"": [], ""camera_model"": [], ""x_resolution"": [], ""y_resolution"": [], ""error_message"": [], ""bits_per_sample"": [], ""processing_note"": [], ""caption_language"": [], ""file_identifiers"": [{""id"": ""disk:///opt/repository/files/b2/b1/ec/b2b1ece7f54e46de8eb162d03bdc4521/00000074.tif""}], ""internal_resource"": ""FileMetadata"", ""original_filename"": [""00000074.tif""], ""source_media_type"": [], ""date_of_digitization"": [], ""preservation_copy_of_id"": null, ""original_language_caption"": null}, {""id"": {""id"": ""2324494a-881a-4098-b05a-714bbe4c6c44""}, ""use"": [{""@id"": ""http://pcdm.org/use#ServiceFile""}], ""size"": [], ""label"": [""intermediate_file.tif""], ""width"": [], ""bounds"": [], ""height"": [], ""checksum"": [], ""duration"": [], ""geometry"": [], ""producer"": [], ""software"": [], ""mime_type"": [""image/tiff""], ""change_set"": null, ""created_at"": ""2026-09-29T21:00:43+00:00"", ""edit_users"": [], ""new_record"": true, ""page_count"": null, ""read_users"": [], ""updated_at"": ""2026-09-29T21:00:43+00:00"", ""edit_groups"": [], ""read_groups"": [], ""camera_model"": [], ""x_resolution"": [], ""y_resolution"": [], ""error_message"": [], ""bits_per_sample"": [], ""processing_note"": [], ""caption_language"": [], ""file_identifiers"": [{""id"": ""pyramidal-derivatives-shrine://23/24/49/2324494a881a4098b05a714bbe4c6c44/intermediate_file.tif""}], ""internal_resource"": ""FileMetadata"", ""original_filename"": [""intermediate_file.tif""], ""source_media_type"": [], ""date_of_digitization"": [], ""preservation_copy_of_id"": null, ""original_language_caption"": null}], ""service_targets"": [], ""cached_parent_id"": [{""id"": ""b7f6f438-4363-4003-8b74-779b5e31f210""}], ""processing_status"": [""processed""], ""optimistic_lock_token"": [{""token"": ""3"", ""adapter_id"": {""id"": ""746f06acf4d573bebd8c8a500b398589""}}]}",2026-09-29 21:00:12.008385,2026-09-30 13:41:27.229349,FileSet,4
6b96ee20-2ab6-4ede-9d79-09d102338030,"{""part"": [], ""side"": [], ""title"": [""00000075.tif""], ""barcode"": [], ""edit_users"": [], ""highlights"": [], ""member_ids"": [], ""read_users"": [], ""edit_groups"": [], ""read_groups"": [""public""], ""file_metadata"": [{""id"": {""id"": ""3fb5e727-fa89-4b8d-a9ab-87ff5e4d898f""}, ""use"": [{""@id"": ""http://pcdm.org/use#OriginalFile""}], ""size"": [""54695098""], ""label"": [""00000075.tif""], ""width"": [""3461""], ""bounds"": [], ""height"": [""5262""], ""checksum"": [{""id"": null, ""md5"": ""e0c0f724dccd21d897a7e441beacc174"", ""sha1"": ""3aa6f87ce85363158127d4674bb98d1d49bf648d"", ""sha256"": ""634df263f539fdbcd926f2a4ff3f859a07f58851f5f10546fd3d3b48a42b01df"", ""created_at"": null, ""new_record"": true, ""updated_at"": null, ""internal_resource"": ""MultiChecksum""}], ""duration"": [], ""geometry"": [], ""producer"": [], ""software"": [], ""mime_type"": [""image/tiff""], ""change_set"": null, ""created_at"": ""2026-09-29T20:59:41+00:00"", ""edit_users"": [], ""new_record"": true, ""page_count"": null, ""read_users"": [], ""updated_at"": ""2026-09-29T20:59:41+00:00"", ""edit_groups"": [], ""read_groups"": [], ""camera_model"": [], ""x_resolution"": [], ""y_resolution"": [], ""error_message"": [], ""bits_per_sample"": [], ""processing_note"": [], ""caption_language"": [], ""file_identifiers"": [{""id"": ""disk:///opt/repository/files/3f/b5/e7/3fb5e727fa894b8da9ab87ff5e4d898f/00000075.tif""}], ""internal_resource"": ""FileMetadata"", ""original_filename"": [""00000075.tif""], ""source_media_type"": [], ""date_of_digitization"": [], ""preservation_copy_of_id"": null, ""original_language_caption"": null}, {""id"": {""id"": ""cc70f606-3b89-453d-90c1-7e2381c8d6c1""}, ""use"": [{""@id"": ""http://pcdm.org/use#ServiceFile""}], ""size"": [], ""label"": [""intermediate_file.tif""], ""width"": [], ""bounds"": [], ""height"": [], ""checksum"": [], ""duration"": [], ""geometry"": [], ""producer"": [], ""software"": [], ""mime_type"": [""image/tiff""], ""change_set"": null, ""created_at"": ""2026-09-29T21:00:40+00:00"", ""edit_users"": [], ""new_record"": true, ""page_count"": null, ""read_users"": [], ""updated_at"": ""2026-09-29T21:00:40+00:00"", ""edit_groups"": [], ""read_groups"": [], ""camera_model"": [], ""x_resolution"": [], ""y_resolution"": [], ""error_message"": [], ""bits_per_sample"": [], ""processing_note"": [], ""caption_language"": [], ""file_identifiers"": [{""id"": ""pyramidal-derivatives-shrine://cc/70/f6/cc70f6063b89453d90c17e2381c8d6c1/intermediate_file.tif""}], ""internal_resource"": ""FileMetadata"", ""original_filename"": [""intermediate_file.tif""], ""source_media_type"": [], ""date_of_digitization"": [], ""preservation_copy_of_id"": null, ""original_language_caption"": null}], ""service_targets"": [], ""cached_parent_id"": [{""id"": ""b7f6f438-4363-4003-8b74-779b5e31f210""}], ""processing_status"": [""processed""], ""optimistic_lock_token"": [{""token"": ""3"", ""adapter_id"": {""id"": ""746f06acf4d573bebd8c8a500b398589""}}]}",2026-09-29 21:00:12.021451,2026-09-30 13:41:27.243737,FileSet,4
4bb148cc-2539-4c8e-ab22-c1f5715cf003,"{""part"": [], ""side"": [], ""title"": [""00000076.tif""], ""barcode"": [], ""edit_users"": [], ""highlights"": [], ""member_ids"": [], ""read_users"": [], ""edit_groups"": [], ""read_groups"": [""public""], ""file_metadata"": [{""id"": {""id"": ""9c92f8da-fa65-4102-a456-4bb18e8b555c""}, ""use"": [{""@id"": ""http://pcdm.org/use#OriginalFile""}], ""size"": [""59796536""], ""label"": [""00000076.tif""], ""width"": [""3680""], ""bounds"": [], ""height"": [""5411""], ""checksum"": [{""id"": null, ""md5"": ""722513b046969c0d251ea7ddc02687b3"", ""sha1"": ""4865ba7e9eee30f527233a87745838ba0c199c1b"", ""sha256"": ""56a301981090e6af9a92af94b5b28365e7ba111087f6a3bb3d5889e3a383f4f7"", ""created_at"": null, ""new_record"": true, ""updated_at"": null, ""internal_resource"": ""MultiChecksum""}], ""duration"": [], ""geometry"": [], ""producer"": [], ""software"": [], ""mime_type"": [""image/tiff""], ""change_set"": null, ""created_at"": ""2026-09-29T20:59:52+00:00"", ""edit_users"": [], ""new_record"": true, ""page_count"": null, ""read_users"": [], ""updated_at"": ""2026-09-29T20:59:52+00:00"", ""edit_groups"": [], ""read_groups"": [], ""camera_model"": [], ""x_resolution"": [], ""y_resolution"": [], ""error_message"": [], ""bits_per_sample"": [], ""processing_note"": [], ""caption_language"": [], ""file_identifiers"": [{""id"": ""disk:///opt/repository/files/9c/92/f8/9c92f8dafa654102a4564bb18e8b555c/00000076.tif""}], ""internal_resource"": ""FileMetadata"", ""original_filename"": [""00000076.tif""], ""source_media_type"": [], ""date_of_digitization"": [], ""preservation_copy_of_id"": null, ""original_language_caption"": null}, {""id"": {""id"": ""604d5a35-2822-44ad-b732-2bb0b2c894df""}, ""use"": [{""@id"": ""http://pcdm.org/use#ServiceFile""}], ""size"": [], ""label"": [""intermediate_file.tif""], ""width"": [], ""bounds"": [], ""height"": [], ""checksum"": [], ""duration"": [], ""geometry"": [], ""producer"": [], ""software"": [], ""mime_type"": [""image/tiff""], ""change_set"": null, ""created_at"": ""2026-09-29T21:00:43+00:00"", ""edit_users"": [], ""new_record"": true, ""page_count"": null, ""read_users"": [], ""updated_at"": ""2026-09-29T21:00:43+00:00"", ""edit_groups"": [], ""read_groups"": [], ""camera_model"": [], ""x_resolution"": [], ""y_resolution"": [], ""error_message"": [], ""bits_per_sample"": [], ""processing_note"": [], ""caption_language"": [], ""file_identifiers"": [{""id"": ""pyramidal-derivatives-shrine://60/4d/5a/604d5a35282244adb7322bb0b2c894df/intermediate_file.tif""}], ""internal_resource"": ""FileMetadata"", ""original_filename"": [""intermediate_file.tif""], ""source_media_type"": [], ""date_of_digitization"": [], ""preservation_copy_of_id"": null, ""original_language_caption"": null}], ""service_targets"": [], ""cached_parent_id"": [{""id"": ""b7f6f438-4363-4003-8b74-779b5e31f210""}], ""processing_status"": [""processed""], ""optimistic_lock_token"": [{""token"": ""3"", ""adapter_id"": {""id"": ""746f06acf4d573bebd8c8a500b398589""}}]}",2026-09-29 21:00:12.027986,2026-09-30 13:41:27.260502,FileSet,4
35d30164-bdd4-4edf-b115-b6da05560bd0,"{""part"": [], ""side"": [], ""title"": [""00000077.tif""], ""barcode"": [], ""edit_users"": [], ""highlights"": [], ""member_ids"": [], ""read_users"": [], ""edit_groups"": [], ""read_groups"": [""public""], ""file_metadata"": [{""id"": {""id"": ""da769734-0a4b-4821-a0b5-667cfaf6978c""}, ""use"": [{""@id"": ""http://pcdm.org/use#OriginalFile""}], ""size"": [""54695098""], ""label"": [""00000077.tif""], ""width"": [""3461""], ""bounds"": [], ""height"": [""5262""], ""checksum"": [{""id"": null, ""md5"": ""e5c18064ad055a2909e52af58f441e9e"", ""sha1"": ""db27c198b80cf571c07b93e8e974ff15fcf0cc6f"", ""sha256"": ""5c6c9d89b02d816631e2a6e7535ba42c91d6f51ae95bff2fb4459962d289c721"", ""created_at"": null, ""new_record"": true, ""updated_at"": null, ""internal_resource"": ""MultiChecksum""}], ""duration"": [], ""geometry"": [], ""producer"": [], ""software"": [], ""mime_type"": [""image/tiff""], ""change_set"": null, ""created_at"": ""2026-09-29T20:59:54+00:00"", ""edit_users"": [], ""new_record"": true, ""page_count"": null, ""read_users"": [], ""updated_at"": ""2026-09-29T20:59:54+00:00"", ""edit_groups"": [], ""read_groups"": [], ""camera_model"": [], ""x_resolution"": [], ""y_resolution"": [], ""error_message"": [], ""bits_per_sample"": [], ""processing_note"": [], ""caption_language"": [], ""file_identifiers"": [{""id"": ""disk:///opt/repository/files/da/76/97/da7697340a4b4821a0b5667cfaf6978c/00000077.tif""}], ""internal_resource"": ""FileMetadata"", ""original_filename"": [""00000077.tif""], ""source_media_type"": [], ""date_of_digitization"": [], ""preservation_copy_of_id"": null, ""original_language_caption"": null}, {""id"": {""id"": ""acfed95f-1d70-479c-9cac-b90bcf62d4d3""}, ""use"": [{""@id"": ""http://pcdm.org/use#ServiceFile""}], ""size"": [], ""label"": [""intermediate_file.tif""], ""width"": [], ""bounds"": [], ""height"": [], ""checksum"": [], ""duration"": [], ""geometry"": [], ""producer"": [], ""software"": [], ""mime_type"": [""image/tiff""], ""change_set"": null, ""created_at"": ""2026-09-29T21:00:42+00:00"", ""edit_users"": [], ""new_record"": true, ""page_count"": null, ""read_users"": [], ""updated_at"": ""2026-09-29T21:00:42+00:00"", ""edit_groups"": [], ""read_groups"": [], ""camera_model"": [], ""x_resolution"": [], ""y_resolution"": [], ""error_message"": [], ""bits_per_sample"": [], ""processing_note"": [], ""caption_language"": [], ""file_identifiers"": [{""id"": ""pyramidal-derivatives-shrine://ac/fe/d9/acfed95f1d70479c9cacb90bcf62d4d3/intermediate_file.tif""}], ""internal_resource"": ""FileMetadata"", ""original_filename"": [""intermediate_file.tif""], ""source_media_type"": [], ""date_of_digitization"": [], ""preservation_copy_of_id"": null, ""original_language_caption"": null}], ""service_targets"": [], ""cached_parent_id"": [{""id"": ""b7f6f438-4363-4003-8b74-779b5e31f210""}], ""processing_status"": [""processed""], ""optimistic_lock_token"": [{""token"": ""3"", ""adapter_id"": {""id"": ""746f06acf4d573bebd8c8a500b398589""}}]}",2026-09-29 21:00:12.043701,2026-09-30 13:41:27.277201,FileSet,4
8c5daaa3-578b-4ea4-b31a-599a9ffba57d,"{""part"": [], ""side"": [], ""title"": [""00000078.tif""], ""barcode"": [], ""edit_users"": [], ""highlights"": [], ""member_ids"": [], ""read_users"": [], ""edit_groups"": [], ""read_groups"": [""public""], ""file_metadata"": [{""id"": {""id"": ""07c27668-2dfa-48d0-aaed-deeb8114ea6f""}, ""use"": [{""@id"": ""http://pcdm.org/use#OriginalFile""}], ""size"": [""59796536""], ""label"": [""00000078.tif""], ""width"": [""3680""], ""bounds"": [], ""height"": [""5411""], ""checksum"": [{""id"": null, ""md5"": ""8e175d391c73b98746cffe911b1911c3"", ""sha1"": ""b30a06c1cb05170d962b3c903c884667f9401787"", ""sha256"": ""16115fe64af8ca39c5697e1e6a0498f913cf69c46a8223782c2beb85f9dd4ddb"", ""created_at"": null, ""new_record"": true, ""updated_at"": null, ""internal_resource"": ""MultiChecksum""}], ""duration"": [], ""geometry"": [], ""producer"": [], ""software"": [], ""mime_type"": [""image/tiff""], ""change_set"": null, ""created_at"": ""2026-09-29T21:00:00+00:00"", ""edit_users"": [], ""new_record"": true, ""page_count"": null, ""read_users"": [], ""updated_at"": ""2026-09-29T21:00:00+00:00"", ""edit_groups"": [], ""read_groups"": [], ""camera_model"": [], ""x_resolution"": [], ""y_resolution"": [], ""error_message"": [], ""bits_per_sample"": [], ""processing_note"": [], ""caption_language"": [], ""file_identifiers"": [{""id"": ""disk:///opt/repository/files/07/c2/76/07c276682dfa48d0aaeddeeb8114ea6f/00000078.tif""}], ""internal_resource"": ""FileMetadata"", ""original_filename"": [""00000078.tif""], ""source_media_type"": [], ""date_of_digitization"": [], ""preservation_copy_of_id"": null, ""original_language_caption"": null}, {""id"": {""id"": ""7f5de069-69dc-41f7-8b3b-1d26afcd7f35""}, ""use"": [{""@id"": ""http://pcdm.org/use#ServiceFile""}], ""size"": [], ""label"": [""intermediate_file.tif""], ""width"": [], ""bounds"": [], ""height"": [], ""checksum"": [], ""duration"": [], ""geometry"": [], ""producer"": [], ""software"": [], ""mime_type"": [""image/tiff""], ""change_set"": null, ""created_at"": ""2026-09-29T21:01:12+00:00"", ""edit_users"": [], ""new_record"": true, ""page_count"": null, ""read_users"": [], ""updated_at"": ""2026-09-29T21:01:12+00:00"", ""edit_groups"": [], ""read_groups"": [], ""camera_model"": [], ""x_resolution"": [], ""y_resolution"": [], ""error_message"": [], ""bits_per_sample"": [], ""processing_note"": [], ""caption_language"": [], ""file_identifiers"": [{""id"": ""pyramidal-derivatives-shrine://7f/5d/e0/7f5de06969dc41f78b3b1d26afcd7f35/intermediate_file.tif""}], ""internal_resource"": ""FileMetadata"", ""original_filename"": [""intermediate_file.tif""], ""source_media_type"": [], ""date_of_digitization"": [], ""preservation_copy_of_id"": null, ""original_language_caption"": null}], ""service_targets"": [], ""cached_parent_id"": [{""id"": ""b7f6f438-4363-4003-8b74-779b5e31f210""}], ""processing_status"": [""processed""], ""optimistic_lock_token"": [{""token"": ""3"", ""adapter_id"": {""id"": ""746f06acf4d573bebd8c8a500b398589""}}]}",2026-09-29 21:00:12.049902,2026-09-30 13:41:27.292871,FileSet,4
fb8e50ee-1906-4859-884d-a96bd4049f68,"{""part"": [], ""side"": [], ""title"": [""00000079.tif""], ""barcode"": [], ""edit_users"": [], ""highlights"": [], ""member_ids"": [], ""read_users"": [], ""edit_groups"": [], ""read_groups"": [""public""], ""file_metadata"": [{""id"": {""id"": ""59d093a0-2904-45f1-bee5-5ffeedd33e5d""}, ""use"": [{""@id"": ""http://pcdm.org/use#OriginalFile""}], ""size"": [""54695098""], ""label"": [""00000079.tif""], ""width"": [""3461""], ""bounds"": [], ""height"": [""5262""], ""checksum"": [{""id"": null, ""md5"": ""bc71a1b33ef0dde773ace2ed3d4fafe1"", ""sha1"": ""a6f5fe4d68c46fc3dbbe2473fff42dce33556a78"", ""sha256"": ""01cd51f84ee0c159b77e7bcd99c9ed4cf4410396cd9b7595bba32e02ab121ab1"", ""created_at"": null, ""new_record"": true, ""updated_at"": null, ""internal_resource"": ""MultiChecksum""}], ""duration"": [], ""geometry"": [], ""producer"": [], ""software"": [], ""mime_type"": [""image/tiff""], ""change_set"": null, ""created_at"": ""2026-09-29T21:00:07+00:00"", ""edit_users"": [], ""new_record"": true, ""page_count"": null, ""read_users"": [], ""updated_at"": ""2026-09-29T21:00:07+00:00"", ""edit_groups"": [], ""read_groups"": [], ""camera_model"": [], ""x_resolution"": [], ""y_resolution"": [], ""error_message"": [], ""bits_per_sample"": [], ""processing_note"": [], ""caption_language"": [], ""file_identifiers"": [{""id"": ""disk:///opt/repository/files/59/d0/93/59d093a0290445f1bee55ffeedd33e5d/00000079.tif""}], ""internal_resource"": ""FileMetadata"", ""original_filename"": [""00000079.tif""], ""source_media_type"": [], ""date_of_digitization"": [], ""preservation_copy_of_id"": null, ""original_language_caption"": null}, {""id"": {""id"": ""9f998c1c-fadb-4510-826e-c0f31f033b57""}, ""use"": [{""@id"": ""http://pcdm.org/use#ServiceFile""}], ""size"": [], ""label"": [""intermediate_file.tif""], ""width"": [], ""bounds"": [], ""height"": [], ""checksum"": [], ""duration"": [], ""geometry"": [], ""producer"": [], ""software"": [], ""mime_type"": [""image/tiff""], ""change_set"": null, ""created_at"": ""2026-09-29T21:01:09+00:00"", ""edit_users"": [], ""new_record"": true, ""page_count"": null, ""read_users"": [], ""updated_at"": ""2026-09-29T21:01:09+00:00"", ""edit_groups"": [], ""read_groups"": [], ""camera_model"": [], ""x_resolution"": [], ""y_resolution"": [], ""error_message"": [], ""bits_per_sample"": [], ""processing_note"": [], ""caption_language"": [], ""file_identifiers"": [{""id"": ""pyramidal-derivatives-shrine://9f/99/8c/9f998c1cfadb4510826ec0f31f033b57/intermediate_file.tif""}], ""internal_resource"": ""FileMetadata"", ""original_filename"": [""intermediate_file.tif""], ""source_media_type"": [], ""date_of_digitization"": [], ""preservation_copy_of_id"": null, ""original_language_caption"": null}], ""service_targets"": [], ""cached_parent_id"": [{""id"": ""b7f6f438-4363-4003-8b74-779b5e31f210""}], ""processing_status"": [""processed""], ""optimistic_lock_token"": [{""token"": ""3"", ""adapter_id"": {""id"": ""746f06acf4d573bebd8c8a500b398589""}}]}",2026-09-29 21:00:12.058182,2026-09-30 13:41:27.306482,FileSet,4
7bb843e0-601d-4ce4-a6ba-a916db39778c,"{""part"": [], ""side"": [], ""title"": [""00000080.tif""], ""barcode"": [], ""edit_users"": [], ""highlights"": [], ""member_ids"": [], ""read_users"": [], ""edit_groups"": [], ""read_groups"": [""public""], ""file_metadata"": [{""id"": {""id"": ""a7c0e5c4-f51a-4369-995c-c73eb605f205""}, ""use"": [{""@id"": ""http://pcdm.org/use#OriginalFile""}], ""size"": [""59796536""], ""label"": [""00000080.tif""], ""width"": [""3680""], ""bounds"": [], ""height"": [""5411""], ""checksum"": [{""id"": null, ""md5"": ""af7b4138a9b781209cfa9bd46cacb74f"", ""sha1"": ""411f9817808e08bc59c89c4b47bfd25a7876fd9a"", ""sha256"": ""1ec8a3126a4a9d1a2c5986cf6b629deeaf885a7da5f510d6c2742d9caadf3eab"", ""created_at"": null, ""new_record"": true, ""updated_at"": null, ""internal_resource"": ""MultiChecksum""}], ""duration"": [], ""geometry"": [], ""producer"": [], ""software"": [], ""mime_type"": [""image/tiff""], ""change_set"": null, ""created_at"": ""2026-09-29T21:00:09+00:00"", ""edit_users"": [], ""new_record"": true, ""page_count"": null, ""read_users"": [], ""updated_at"": ""2026-09-29T21:00:09+00:00"", ""edit_groups"": [], ""read_groups"": [], ""camera_model"": [], ""x_resolution"": [], ""y_resolution"": [], ""error_message"": [], ""bits_per_sample"": [], ""processing_note"": [], ""caption_language"": [], ""file_identifiers"": [{""id"": ""disk:///opt/repository/files/a7/c0/e5/a7c0e5c4f51a4369995cc73eb605f205/00000080.tif""}], ""internal_resource"": ""FileMetadata"", ""original_filename"": [""00000080.tif""], ""source_media_type"": [], ""date_of_digitization"": [], ""preservation_copy_of_id"": null, ""original_language_caption"": null}, {""id"": {""id"": ""fe8715e5-f066-4786-a7e1-d4f7eaedec63""}, ""use"": [{""@id"": ""http://pcdm.org/use#ServiceFile""}], ""size"": [], ""label"": [""intermediate_file.tif""], ""width"": [], ""bounds"": [], ""height"": [], ""checksum"": [], ""duration"": [], ""geometry"": [], ""producer"": [], ""software"": [], ""mime_type"": [""image/tiff""], ""change_set"": null, ""created_at"": ""2026-09-29T21:01:40+00:00"", ""edit_users"": [], ""new_record"": true, ""page_count"": null, ""read_users"": [], ""updated_at"": ""2026-09-29T21:01:40+00:00"", ""edit_groups"": [], ""read_groups"": [], ""camera_model"": [], ""x_resolution"": [], ""y_resolution"": [], ""error_message"": [], ""bits_per_sample"": [], ""processing_note"": [], ""caption_language"": [], ""file_identifiers"": [{""id"": ""pyramidal-derivatives-shrine://fe/87/15/fe8715e5f0664786a7e1d4f7eaedec63/intermediate_file.tif""}], ""internal_resource"": ""FileMetadata"", ""original_filename"": [""intermediate_file.tif""], ""source_media_type"": [], ""date_of_digitization"": [], ""preservation_copy_of_id"": null, ""original_language_caption"": null}], ""service_targets"": [], ""cached_parent_id"": [{""id"": ""b7f6f438-4363-4003-8b74-779b5e31f210""}], ""processing_status"": [""processed""], ""optimistic_lock_token"": [{""token"": ""3"", ""adapter_id"": {""id"": ""746f06acf4d573bebd8c8a500b398589""}}]}",2026-09-29 21:00:12.065916,2026-09-30 13:41:27.325728,FileSet,4
1bfe635d-5fcb-46ef-80b8-f1b9b5fd0654,"{""part"": [], ""side"": [], ""title"": [""00000081.tif""], ""barcode"": [], ""edit_users"": [], ""highlights"": [], ""member_ids"": [], ""read_users"": [], ""edit_groups"": [], ""read_groups"": [""public""], ""file_metadata"": [{""id"": {""id"": ""23c3ff72-92a1-4b57-a6d8-e1d40ce15a4a""}, ""use"": [{""@id"": ""http://pcdm.org/use#OriginalFile""}], ""size"": [""54695098""], ""label"": [""00000081.tif""], ""width"": [""3461""], ""bounds"": [], ""height"": [""5262""], ""checksum"": [{""id"": null, ""md5"": ""794fdf35f20ecb0a910a4f6fb3a02ae0"", ""sha1"": ""35245a522e3f6aab9c795befbf3f1090cdf11dd5"", ""sha256"": ""587db49297827bd75419f22817cfcacf0c825107e7528f30812191e7bc796fe3"", ""created_at"": null, ""new_record"": true, ""updated_at"": null, ""internal_resource"": ""MultiChecksum""}], ""duration"": [], ""geometry"": [], ""producer"": [], ""software"": [], ""mime_type"": [""image/tiff""], ""change_set"": null, ""created_at"": ""2026-09-29T21:00:12+00:00"", ""edit_users"": [], ""new_record"": true, ""page_count"": null, ""read_users"": [], ""updated_at"": ""2026-09-29T21:00:12+00:00"", ""edit_groups"": [], ""read_groups"": [], ""camera_model"": [], ""x_resolution"": [], ""y_resolution"": [], ""error_message"": [], ""bits_per_sample"": [], ""processing_note"": [], ""caption_language"": [], ""file_identifiers"": [{""id"": ""disk:///opt/repository/files/23/c3/ff/23c3ff7292a14b57a6d8e1d40ce15a4a/00000081.tif""}], ""internal_resource"": ""FileMetadata"", ""original_filename"": [""00000081.tif""], ""source_media_type"": [], ""date_of_digitization"": [], ""preservation_copy_of_id"": null, ""original_language_caption"": null}, {""id"": {""id"": ""b992f141-0796-40ff-bbb7-3343fe9796ce""}, ""use"": [{""@id"": ""http://pcdm.org/use#ServiceFile""}], ""size"": [], ""label"": [""intermediate_file.tif""], ""width"": [], ""bounds"": [], ""height"": [], ""checksum"": [], ""duration"": [], ""geometry"": [], ""producer"": [], ""software"": [], ""mime_type"": [""image/tiff""], ""change_set"": null, ""created_at"": ""2026-09-29T21:02:39+00:00"", ""edit_users"": [], ""new_record"": true, ""page_count"": null, ""read_users"": [], ""updated_at"": ""2026-09-29T21:02:39+00:00"", ""edit_groups"": [], ""read_groups"": [], ""camera_model"": [], ""x_resolution"": [], ""y_resolution"": [], ""error_message"": [], ""bits_per_sample"": [], ""processing_note"": [], ""caption_language"": [], ""file_identifiers"": [{""id"": ""pyramidal-derivatives-shrine://b9/92/f1/b992f141079640ffbbb73343fe9796ce/intermediate_file.tif""}], ""internal_resource"": ""FileMetadata"", ""original_filename"": [""intermediate_file.tif""], ""source_media_type"": [], ""date_of_digitization"": [], ""preservation_copy_of_id"": null, ""original_language_caption"": null}], ""service_targets"": [], ""cached_parent_id"": [{""id"": ""b7f6f438-4363-4003-8b74-779b5e31f210""}], ""processing_status"": [""processed""], ""optimistic_lock_token"": [{""token"": ""3"", ""adapter_id"": {""id"": ""746f06acf4d573bebd8c8a500b398589""}}]}",2026-09-29 21:00:47.830499,2026-09-30 13:41:27.340598,FileSet,4
ea5e947d-3e15-4fe8-ba03-7754f9cdea5c,"{""part"": [], ""side"": [], ""title"": [""00000082.tif""], ""barcode"": [], ""edit_users"": [], ""highlights"": [], ""member_ids"": [], ""read_users"": [], ""edit_groups"": [], ""read_groups"": [""public""], ""file_metadata"": [{""id"": {""id"": ""e57ff1da-0fe2-40bd-b00a-2bcb83746373""}, ""use"": [{""@id"": ""http://pcdm.org/use#OriginalFile""}], ""size"": [""59796536""], ""label"": [""00000082.tif""], ""width"": [""3680""], ""bounds"": [], ""height"": [""5411""], ""checksum"": [{""id"": null, ""md5"": ""0f9d898686802e15afd7800e483fd912"", ""sha1"": ""ee9855e36832eff72e78a234feff56ee634eadbc"", ""sha256"": ""1d5692ee2a360ae1cb868c24106267ff2aea1ce64857c70ab44eb3fd8f627d9d"", ""created_at"": null, ""new_record"": true, ""updated_at"": null, ""internal_resource"": ""MultiChecksum""}], ""duration"": [], ""geometry"": [], ""producer"": [], ""software"": [], ""mime_type"": [""image/tiff""], ""change_set"": null, ""created_at"": ""2026-09-29T21:00:17+00:00"", ""edit_users"": [], ""new_record"": true, ""page_count"": null, ""read_users"": [], ""updated_at"": ""2026-09-29T21:00:17+00:00"", ""edit_groups"": [], ""read_groups"": [], ""camera_model"": [], ""x_resolution"": [], ""y_resolution"": [], ""error_message"": [], ""bits_per_sample"": [], ""processing_note"": [], ""caption_language"": [], ""file_identifiers"": [{""id"": ""disk:///opt/repository/files/e5/7f/f1/e57ff1da0fe240bdb00a2bcb83746373/00000082.tif""}], ""internal_resource"": ""FileMetadata"", ""original_filename"": [""00000082.tif""], ""source_media_type"": [], ""date_of_digitization"": [], ""preservation_copy_of_id"": null, ""original_language_caption"": null}, {""id"": {""id"": ""078aa1fa-1cbd-4bc6-91d9-0ff7aeee161e""}, ""use"": [{""@id"": ""http://pcdm.org/use#ServiceFile""}], ""size"": [], ""label"": [""intermediate_file.tif""], ""width"": [], ""bounds"": [], ""height"": [], ""checksum"": [], ""duration"": [], ""geometry"": [], ""producer"": [], ""software"": [], ""mime_type"": [""image/tiff""], ""change_set"": null, ""created_at"": ""2026-09-29T21:03:00+00:00"", ""edit_users"": [], ""new_record"": true, ""page_count"": null, ""read_users"": [], ""updated_at"": ""2026-09-29T21:03:00+00:00"", ""edit_groups"": [], ""read_groups"": [], ""camera_model"": [], ""x_resolution"": [], ""y_resolution"": [], ""error_message"": [], ""bits_per_sample"": [], ""processing_note"": [], ""caption_language"": [], ""file_identifiers"": [{""id"": ""pyramidal-derivatives-shrine://07/8a/a1/078aa1fa1cbd4bc691d90ff7aeee161e/intermediate_file.tif""}], ""internal_resource"": ""FileMetadata"", ""original_filename"": [""intermediate_file.tif""], ""source_media_type"": [], ""date_of_digitization"": [], ""preservation_copy_of_id"": null, ""original_language_caption"": null}], ""service_targets"": [], ""cached_parent_id"": [{""id"": ""b7f6f438-4363-4003-8b74-779b5e31f210""}], ""processing_status"": [""processed""], ""optimistic_lock_token"": [{""token"": ""3"", ""adapter_id"": {""id"": ""746f06acf4d573bebd8c8a500b398589""}}]}",2026-09-29 21:00:47.837538,2026-09-30 13:41:27.357345,FileSet,4
f650b6bf-7274-4b62-8ee8-b1e4c4765f3e,"{""part"": [], ""side"": [], ""title"": [""00000083.tif""], ""barcode"": [], ""edit_users"": [], ""highlights"": [], ""member_ids"": [], ""read_users"": [], ""edit_groups"": [], ""read_groups"": [""public""], ""file_metadata"": [{""id"": {""id"": ""bbd1e2ca-cd2b-43ae-bbd4-8bf4bb98fb25""}, ""use"": [{""@id"": ""http://pcdm.org/use#OriginalFile""}], ""size"": [""54695098""], ""label"": [""00000083.tif""], ""width"": [""3461""], ""bounds"": [], ""height"": [""5262""], ""checksum"": [{""id"": null, ""md5"": ""5c481ca8c621f71d95635911d2267268"", ""sha1"": ""f53cb605fd22411b457dcec49b6b9f49b6d50d7f"", ""sha256"": ""9c1b7f1d39629228525c4eabebd053b4156544f4053226dd3ef36185b9c82b69"", ""created_at"": null, ""new_record"": true, ""updated_at"": null, ""internal_resource"": ""MultiChecksum""}], ""duration"": [], ""geometry"": [], ""producer"": [], ""software"": [], ""mime_type"": [""image/tiff""], ""change_set"": null, ""created_at"": ""2026-09-29T21:00:21+00:00"", ""edit_users"": [], ""new_record"": true, ""page_count"": null, ""read_users"": [], ""updated_at"": ""2026-09-29T21:00:21+00:00"", ""edit_groups"": [], ""read_groups"": [], ""camera_model"": [], ""x_resolution"": [], ""y_resolution"": [], ""error_message"": [], ""bits_per_sample"": [], ""processing_note"": [], ""caption_language"": [], ""file_identifiers"": [{""id"": ""disk:///opt/repository/files/bb/d1/e2/bbd1e2cacd2b43aebbd48bf4bb98fb25/00000083.tif""}], ""internal_resource"": ""FileMetadata"", ""original_filename"": [""00000083.tif""], ""source_media_type"": [], ""date_of_digitization"": [], ""preservation_copy_of_id"": null, ""original_language_caption"": null}, {""id"": {""id"": ""5a2aca97-7eba-4fa1-82ac-9ce15dd138d1""}, ""use"": [{""@id"": ""http://pcdm.org/use#ServiceFile""}], ""size"": [], ""label"": [""intermediate_file.tif""], ""width"": [], ""bounds"": [], ""height"": [], ""checksum"": [], ""duration"": [], ""geometry"": [], ""producer"": [], ""software"": [], ""mime_type"": [""image/tiff""], ""change_set"": null, ""created_at"": ""2026-09-29T21:02:40+00:00"", ""edit_users"": [], ""new_record"": true, ""page_count"": null, ""read_users"": [], ""updated_at"": ""2026-09-29T21:02:40+00:00"", ""edit_groups"": [], ""read_groups"": [], ""camera_model"": [], ""x_resolution"": [], ""y_resolution"": [], ""error_message"": [], ""bits_per_sample"": [], ""processing_note"": [], ""caption_language"": [], ""file_identifiers"": [{""id"": ""pyramidal-derivatives-shrine://5a/2a/ca/5a2aca977eba4fa182ac9ce15dd138d1/intermediate_file.tif""}], ""internal_resource"": ""FileMetadata"", ""original_filename"": [""intermediate_file.tif""], ""source_media_type"": [], ""date_of_digitization"": [], ""preservation_copy_of_id"": null, ""original_language_caption"": null}], ""service_targets"": [], ""cached_parent_id"": [{""id"": ""b7f6f438-4363-4003-8b74-779b5e31f210""}], ""processing_status"": [""processed""], ""optimistic_lock_token"": [{""token"": ""3"", ""adapter_id"": {""id"": ""746f06acf4d573bebd8c8a500b398589""}}]}",2026-09-29 21:00:47.843883,2026-09-30 13:41:27.372573,FileSet,4
7a4280ff-900a-4fd5-a13b-7a8b4a82f207,"{""part"": [], ""side"": [], ""title"": [""00000084.tif""], ""barcode"": [], ""edit_users"": [], ""highlights"": [], ""member_ids"": [], ""read_users"": [], ""edit_groups"": [], ""read_groups"": [""public""], ""file_metadata"": [{""id"": {""id"": ""06bdf326-4d09-402b-85c5-b30cf186b23b""}, ""use"": [{""@id"": ""http://pcdm.org/use#OriginalFile""}], ""size"": [""59796536""], ""label"": [""00000084.tif""], ""width"": [""3680""], ""bounds"": [], ""height"": [""5411""], ""checksum"": [{""id"": null, ""md5"": ""8f77a987209c37e57e45cb357f5896c9"", ""sha1"": ""a08ef56fc406aeb1d089897d599ba624ccd76778"", ""sha256"": ""69aa00786e82fe14ac7f546cda23e9812312dba2b80517836ee254bfe4c978f4"", ""created_at"": null, ""new_record"": true, ""updated_at"": null, ""internal_resource"": ""MultiChecksum""}], ""duration"": [], ""geometry"": [], ""producer"": [], ""software"": [], ""mime_type"": [""image/tiff""], ""change_set"": null, ""created_at"": ""2026-09-29T21:00:23+00:00"", ""edit_users"": [], ""new_record"": true, ""page_count"": null, ""read_users"": [], ""updated_at"": ""2026-09-29T21:00:23+00:00"", ""edit_groups"": [], ""read_groups"": [], ""camera_model"": [], ""x_resolution"": [], ""y_resolution"": [], ""error_message"": [], ""bits_per_sample"": [], ""processing_note"": [], ""caption_language"": [], ""file_identifiers"": [{""id"": ""disk:///opt/repository/files/06/bd/f3/06bdf3264d09402b85c5b30cf186b23b/00000084.tif""}], ""internal_resource"": ""FileMetadata"", ""original_filename"": [""00000084.tif""], ""source_media_type"": [], ""date_of_digitization"": [], ""preservation_copy_of_id"": null, ""original_language_caption"": null}, {""id"": {""id"": ""3aa82fb3-cfd3-472b-8deb-be2873575999""}, ""use"": [{""@id"": ""http://pcdm.org/use#ServiceFile""}], ""size"": [], ""label"": [""intermediate_file.tif""], ""width"": [], ""bounds"": [], ""height"": [], ""checksum"": [], ""duration"": [], ""geometry"": [], ""producer"": [], ""software"": [], ""mime_type"": [""image/tiff""], ""change_set"": null, ""created_at"": ""2026-09-29T21:03:00+00:00"", ""edit_users"": [], ""new_record"": true, ""page_count"": null, ""read_users"": [], ""updated_at"": ""2026-09-29T21:03:00+00:00"", ""edit_groups"": [], ""read_groups"": [], ""camera_model"": [], ""x_resolution"": [], ""y_resolution"": [], ""error_message"": [], ""bits_per_sample"": [], ""processing_note"": [], ""caption_language"": [], ""file_identifiers"": [{""id"": ""pyramidal-derivatives-shrine://3a/a8/2f/3aa82fb3cfd3472b8debbe2873575999/intermediate_file.tif""}], ""internal_resource"": ""FileMetadata"", ""original_filename"": [""intermediate_file.tif""], ""source_media_type"": [], ""date_of_digitization"": [], ""preservation_copy_of_id"": null, ""original_language_caption"": null}], ""service_targets"": [], ""cached_parent_id"": [{""id"": ""b7f6f438-4363-4003-8b74-779b5e31f210""}], ""processing_status"": [""processed""], ""optimistic_lock_token"": [{""token"": ""3"", ""adapter_id"": {""id"": ""746f06acf4d573bebd8c8a500b398589""}}]}",2026-09-29 21:00:47.849469,2026-09-30 13:41:27.392853,FileSet,4
285037c7-dfed-4a0b-a4cd-7a850a95a7ba,"{""part"": [], ""side"": [], ""title"": [""00000085.tif""], ""barcode"": [], ""edit_users"": [], ""highlights"": [], ""member_ids"": [], ""read_users"": [], ""edit_groups"": [], ""read_groups"": [""public""], ""file_metadata"": [{""id"": {""id"": ""9cafeab9-721a-457d-ba4c-ffbb052e7e1e""}, ""use"": [{""@id"": ""http://pcdm.org/use#OriginalFile""}], ""size"": [""54695098""], ""label"": [""00000085.tif""], ""width"": [""3461""], ""bounds"": [], ""height"": [""5262""], ""checksum"": [{""id"": null, ""md5"": ""e5c952e8ac4604dc0310e07a2d8e4ba3"", ""sha1"": ""bc588230c3370c2f4eb3025c5e2c925236c57d86"", ""sha256"": ""501405001a402308fe0f42296c96ea71b4ce280a6b03cfba24d3be62ec1024b8"", ""created_at"": null, ""new_record"": true, ""updated_at"": null, ""internal_resource"": ""MultiChecksum""}], ""duration"": [], ""geometry"": [], ""producer"": [], ""software"": [], ""mime_type"": [""image/tiff""], ""change_set"": null, ""created_at"": ""2026-09-29T21:00:28+00:00"", ""edit_users"": [], ""new_record"": true, ""page_count"": null, ""read_users"": [], ""updated_at"": ""2026-09-29T21:00:28+00:00"", ""edit_groups"": [], ""read_groups"": [], ""camera_model"": [], ""x_resolution"": [], ""y_resolution"": [], ""error_message"": [], ""bits_per_sample"": [], ""processing_note"": [], ""caption_language"": [], ""file_identifiers"": [{""id"": ""disk:///opt/repository/files/9c/af/ea/9cafeab9721a457dba4cffbb052e7e1e/00000085.tif""}], ""internal_resource"": ""FileMetadata"", ""original_filename"": [""00000085.tif""], ""source_media_type"": [], ""date_of_digitization"": [], ""preservation_copy_of_id"": null, ""original_language_caption"": null}, {""id"": {""id"": ""28371b8e-d587-4ec9-b274-ca6e46661d63""}, ""use"": [{""@id"": ""http://pcdm.org/use#ServiceFile""}], ""size"": [], ""label"": [""intermediate_file.tif""], ""width"": [], ""bounds"": [], ""height"": [], ""checksum"": [], ""duration"": [], ""geometry"": [], ""producer"": [], ""software"": [], ""mime_type"": [""image/tiff""], ""change_set"": null, ""created_at"": ""2026-09-29T21:01:22+00:00"", ""edit_users"": [], ""new_record"": true, ""page_count"": null, ""read_users"": [], ""updated_at"": ""2026-09-29T21:01:22+00:00"", ""edit_groups"": [], ""read_groups"": [], ""camera_model"": [], ""x_resolution"": [], ""y_resolution"": [], ""error_message"": [], ""bits_per_sample"": [], ""processing_note"": [], ""caption_language"": [], ""file_identifiers"": [{""id"": ""pyramidal-derivatives-shrine://28/37/1b/28371b8ed5874ec9b274ca6e46661d63/intermediate_file.tif""}], ""internal_resource"": ""FileMetadata"", ""original_filename"": [""intermediate_file.tif""], ""source_media_type"": [], ""date_of_digitization"": [], ""preservation_copy_of_id"": null, ""original_language_caption"": null}], ""service_targets"": [], ""cached_parent_id"": [{""id"": ""b7f6f438-4363-4003-8b74-779b5e31f210""}], ""processing_status"": [""processed""], ""optimistic_lock_token"": [{""token"": ""3"", ""adapter_id"": {""id"": ""746f06acf4d573bebd8c8a500b398589""}}]}",2026-09-29 21:00:47.855658,2026-09-30 13:41:27.40914,FileSet,4
e4fa2f01-cede-4355-9a03-89da3d576ca8,"{""part"": [], ""side"": [], ""title"": [""00000086.tif""], ""barcode"": [], ""edit_users"": [], ""highlights"": [], ""member_ids"": [], ""read_users"": [], ""edit_groups"": [], ""read_groups"": [""public""], ""file_metadata"": [{""id"": {""id"": ""32449561-fca5-4a2e-8e8f-4b9ff737c7ee""}, ""use"": [{""@id"": ""http://pcdm.org/use#OriginalFile""}], ""size"": [""59796536""], ""label"": [""00000086.tif""], ""width"": [""3680""], ""bounds"": [], ""height"": [""5411""], ""checksum"": [{""id"": null, ""md5"": ""2b567be5b5a115dcf4d22540ec63f581"", ""sha1"": ""dc474685e6954e70aaa65da3ce697b05dec3c8e8"", ""sha256"": ""af2e39e2153ac0e57b7dd217ad4af14b5353d55ad958960c9a9aae783b838e6c"", ""created_at"": null, ""new_record"": true, ""updated_at"": null, ""internal_resource"": ""MultiChecksum""}], ""duration"": [], ""geometry"": [], ""producer"": [], ""software"": [], ""mime_type"": [""image/tiff""], ""change_set"": null, ""created_at"": ""2026-09-29T21:00:30+00:00"", ""edit_users"": [], ""new_record"": true, ""page_count"": null, ""read_users"": [], ""updated_at"": ""2026-09-29T21:00:30+00:00"", ""edit_groups"": [], ""read_groups"": [], ""camera_model"": [], ""x_resolution"": [], ""y_resolution"": [], ""error_message"": [], ""bits_per_sample"": [], ""processing_note"": [], ""caption_language"": [], ""file_identifiers"": [{""id"": ""disk:///opt/repository/files/32/44/95/32449561fca54a2e8e8f4b9ff737c7ee/00000086.tif""}], ""internal_resource"": ""FileMetadata"", ""original_filename"": [""00000086.tif""], ""source_media_type"": [], ""date_of_digitization"": [], ""preservation_copy_of_id"": null, ""original_language_caption"": null}, {""id"": {""id"": ""0cf265df-d77f-44a1-8434-e6b562d613d9""}, ""use"": [{""@id"": ""http://pcdm.org/use#ServiceFile""}], ""size"": [], ""label"": [""intermediate_file.tif""], ""width"": [], ""bounds"": [], ""height"": [], ""checksum"": [], ""duration"": [], ""geometry"": [], ""producer"": [], ""software"": [], ""mime_type"": [""image/tiff""], ""change_set"": null, ""created_at"": ""2026-09-29T21:03:00+00:00"", ""edit_users"": [], ""new_record"": true, ""page_count"": null, ""read_users"": [], ""updated_at"": ""2026-09-29T21:03:00+00:00"", ""edit_groups"": [], ""read_groups"": [], ""camera_model"": [], ""x_resolution"": [], ""y_resolution"": [], ""error_message"": [], ""bits_per_sample"": [], ""processing_note"": [], ""caption_language"": [], ""file_identifiers"": [{""id"": ""pyramidal-derivatives-shrine://0c/f2/65/0cf265dfd77f44a18434e6b562d613d9/intermediate_file.tif""}], ""internal_resource"": ""FileMetadata"", ""original_filename"": [""intermediate_file.tif""], ""source_media_type"": [], ""date_of_digitization"": [], ""preservation_copy_of_id"": null, ""original_language_caption"": null}], ""service_targets"": [], ""cached_parent_id"": [{""id"": ""b7f6f438-4363-4003-8b74-779b5e31f210""}], ""processing_status"": [""processed""], ""optimistic_lock_token"": [{""token"": ""3"", ""adapter_id"": {""id"": ""746f06acf4d573bebd8c8a500b398589""}}]}",2026-09-29 21:00:47.860562,2026-09-30 13:41:27.424284,FileSet,4
f5a97249-0508-4174-9809-c0ebe2526e8c,"{""part"": [], ""side"": [], ""title"": [""00000087.tif""], ""barcode"": [], ""edit_users"": [], ""highlights"": [], ""member_ids"": [], ""read_users"": [], ""edit_groups"": [], ""read_groups"": [""public""], ""file_metadata"": [{""id"": {""id"": ""35a5debf-bd8f-458e-808b-2b62c5e965c2""}, ""use"": [{""@id"": ""http://pcdm.org/use#OriginalFile""}], ""size"": [""54695098""], ""label"": [""00000087.tif""], ""width"": [""3461""], ""bounds"": [], ""height"": [""5262""], ""checksum"": [{""id"": null, ""md5"": ""c38492fcb7d7b73485d2f63e7b1b2c6b"", ""sha1"": ""4756e307ec19b03f7e583ab10c863e65daf68907"", ""sha256"": ""e6c97df9e706b3aaf849627085911ddf7e3369d9bcb35281640304e3db72a6c4"", ""created_at"": null, ""new_record"": true, ""updated_at"": null, ""internal_resource"": ""MultiChecksum""}], ""duration"": [], ""geometry"": [], ""producer"": [], ""software"": [], ""mime_type"": [""image/tiff""], ""change_set"": null, ""created_at"": ""2026-09-29T21:00:34+00:00"", ""edit_users"": [], ""new_record"": true, ""page_count"": null, ""read_users"": [], ""updated_at"": ""2026-09-29T21:00:34+00:00"", ""edit_groups"": [], ""read_groups"": [], ""camera_model"": [], ""x_resolution"": [], ""y_resolution"": [], ""error_message"": [], ""bits_per_sample"": [], ""processing_note"": [], ""caption_language"": [], ""file_identifiers"": [{""id"": ""disk:///opt/repository/files/35/a5/de/35a5debfbd8f458e808b2b62c5e965c2/00000087.tif""}], ""internal_resource"": ""FileMetadata"", ""original_filename"": [""00000087.tif""], ""source_media_type"": [], ""date_of_digitization"": [], ""preservation_copy_of_id"": null, ""original_language_caption"": null}, {""id"": {""id"": ""33acd955-0864-4f6b-9e76-87a7ad0a4c44""}, ""use"": [{""@id"": ""http://pcdm.org/use#ServiceFile""}], ""size"": [], ""label"": [""intermediate_file.tif""], ""width"": [], ""bounds"": [], ""height"": [], ""checksum"": [], ""duration"": [], ""geometry"": [], ""producer"": [], ""software"": [], ""mime_type"": [""image/tiff""], ""change_set"": null, ""created_at"": ""2026-09-29T21:02:39+00:00"", ""edit_users"": [], ""new_record"": true, ""page_count"": null, ""read_users"": [], ""updated_at"": ""2026-09-29T21:02:39+00:00"", ""edit_groups"": [], ""read_groups"": [], ""camera_model"": [], ""x_resolution"": [], ""y_resolution"": [], ""error_message"": [], ""bits_per_sample"": [], ""processing_note"": [], ""caption_language"": [], ""file_identifiers"": [{""id"": ""pyramidal-derivatives-shrine://33/ac/d9/33acd95508644f6b9e7687a7ad0a4c44/intermediate_file.tif""}], ""internal_resource"": ""FileMetadata"", ""original_filename"": [""intermediate_file.tif""], ""source_media_type"": [], ""date_of_digitization"": [], ""preservation_copy_of_id"": null, ""original_language_caption"": null}], ""service_targets"": [], ""cached_parent_id"": [{""id"": ""b7f6f438-4363-4003-8b74-779b5e31f210""}], ""processing_status"": [""processed""], ""optimistic_lock_token"": [{""token"": ""3"", ""adapter_id"": {""id"": ""746f06acf4d573bebd8c8a500b398589""}}]}",2026-09-29 21:00:47.868562,2026-09-30 13:41:27.43838,FileSet,4
6f959804-c87d-498e-8d82-917b9bc65a29,"{""part"": [], ""side"": [], ""title"": [""00000088.tif""], ""barcode"": [], ""edit_users"": [], ""highlights"": [], ""member_ids"": [], ""read_users"": [], ""edit_groups"": [], ""read_groups"": [""public""], ""file_metadata"": [{""id"": {""id"": ""97f8b193-57f4-475c-872d-049c6d1c6426""}, ""use"": [{""@id"": ""http://pcdm.org/use#OriginalFile""}], ""size"": [""59796536""], ""label"": [""00000088.tif""], ""width"": [""3680""], ""bounds"": [], ""height"": [""5411""], ""checksum"": [{""id"": null, ""md5"": ""b0947f9ed4f74ed657aac4805a2e8f7f"", ""sha1"": ""4cc0745ff71d23bc2515c50f11580176ec7d2e5c"", ""sha256"": ""30e984b8ebdd655d4ccea2053562f7e141f5c48a2b931dca1e73c8a15eb8cff7"", ""created_at"": null, ""new_record"": true, ""updated_at"": null, ""internal_resource"": ""MultiChecksum""}], ""duration"": [], ""geometry"": [], ""producer"": [], ""software"": [], ""mime_type"": [""image/tiff""], ""change_set"": null, ""created_at"": ""2026-09-29T21:00:36+00:00"", ""edit_users"": [], ""new_record"": true, ""page_count"": null, ""read_users"": [], ""updated_at"": ""2026-09-29T21:00:36+00:00"", ""edit_groups"": [], ""read_groups"": [], ""camera_model"": [], ""x_resolution"": [], ""y_resolution"": [], ""error_message"": [], ""bits_per_sample"": [], ""processing_note"": [], ""caption_language"": [], ""file_identifiers"": [{""id"": ""disk:///opt/repository/files/97/f8/b1/97f8b19357f4475c872d049c6d1c6426/00000088.tif""}], ""internal_resource"": ""FileMetadata"", ""original_filename"": [""00000088.tif""], ""source_media_type"": [], ""date_of_digitization"": [], ""preservation_copy_of_id"": null, ""original_language_caption"": null}, {""id"": {""id"": ""e56e5d22-d9c0-4ff9-b3cc-ee52f9cd9f69""}, ""use"": [{""@id"": ""http://pcdm.org/use#ServiceFile""}], ""size"": [], ""label"": [""intermediate_file.tif""], ""width"": [], ""bounds"": [], ""height"": [], ""checksum"": [], ""duration"": [], ""geometry"": [], ""producer"": [], ""software"": [], ""mime_type"": [""image/tiff""], ""change_set"": null, ""created_at"": ""2026-09-29T21:01:21+00:00"", ""edit_users"": [], ""new_record"": true, ""page_count"": null, ""read_users"": [], ""updated_at"": ""2026-09-29T21:01:21+00:00"", ""edit_groups"": [], ""read_groups"": [], ""camera_model"": [], ""x_resolution"": [], ""y_resolution"": [], ""error_message"": [], ""bits_per_sample"": [], ""processing_note"": [], ""caption_language"": [], ""file_identifiers"": [{""id"": ""pyramidal-derivatives-shrine://e5/6e/5d/e56e5d22d9c04ff9b3ccee52f9cd9f69/intermediate_file.tif""}], ""internal_resource"": ""FileMetadata"", ""original_filename"": [""intermediate_file.tif""], ""source_media_type"": [], ""date_of_digitization"": [], ""preservation_copy_of_id"": null, ""original_language_caption"": null}], ""service_targets"": [], ""cached_parent_id"": [{""id"": ""b7f6f438-4363-4003-8b74-779b5e31f210""}], ""processing_status"": [""processed""], ""optimistic_lock_token"": [{""token"": ""3"", ""adapter_id"": {""id"": ""746f06acf4d573bebd8c8a500b398589""}}]}",2026-09-29 21:00:47.876533,2026-09-30 13:41:27.455008,FileSet,4
3a59aa3c-0e8f-46d4-b78a-e224b2cab765,"{""part"": [], ""side"": [], ""title"": [""00000089.tif""], ""barcode"": [], ""edit_users"": [], ""highlights"": [], ""member_ids"": [], ""read_users"": [], ""edit_groups"": [], ""read_groups"": [""public""], ""file_metadata"": [{""id"": {""id"": ""64164d96-f9cd-45cf-839c-14f64ee7b115""}, ""use"": [{""@id"": ""http://pcdm.org/use#OriginalFile""}], ""size"": [""54695098""], ""label"": [""00000089.tif""], ""width"": [""3461""], ""bounds"": [], ""height"": [""5262""], ""checksum"": [{""id"": null, ""md5"": ""4d50f0f4e24528dfa1833ac82886ce8c"", ""sha1"": ""86258fc1cc0ad9c1298364655c26f28da26808c4"", ""sha256"": ""ad240a44ff00499b784a958a7e38dedca97b18dd1b74d8a0b7e93570967ee0c6"", ""created_at"": null, ""new_record"": true, ""updated_at"": null, ""internal_resource"": ""MultiChecksum""}], ""duration"": [], ""geometry"": [], ""producer"": [], ""software"": [], ""mime_type"": [""image/tiff""], ""change_set"": null, ""created_at"": ""2026-09-29T21:00:41+00:00"", ""edit_users"": [], ""new_record"": true, ""page_count"": null, ""read_users"": [], ""updated_at"": ""2026-09-29T21:00:41+00:00"", ""edit_groups"": [], ""read_groups"": [], ""camera_model"": [], ""x_resolution"": [], ""y_resolution"": [], ""error_message"": [], ""bits_per_sample"": [], ""processing_note"": [], ""caption_language"": [], ""file_identifiers"": [{""id"": ""disk:///opt/repository/files/64/16/4d/64164d96f9cd45cf839c14f64ee7b115/00000089.tif""}], ""internal_resource"": ""FileMetadata"", ""original_filename"": [""00000089.tif""], ""source_media_type"": [], ""date_of_digitization"": [], ""preservation_copy_of_id"": null, ""original_language_caption"": null}, {""id"": {""id"": ""b05928c1-9348-4129-9403-9949f9a9123d""}, ""use"": [{""@id"": ""http://pcdm.org/use#ServiceFile""}], ""size"": [], ""label"": [""intermediate_file.tif""], ""width"": [], ""bounds"": [], ""height"": [], ""checksum"": [], ""duration"": [], ""geometry"": [], ""producer"": [], ""software"": [], ""mime_type"": [""image/tiff""], ""change_set"": null, ""created_at"": ""2026-09-29T21:02:39+00:00"", ""edit_users"": [], ""new_record"": true, ""page_count"": null, ""read_users"": [], ""updated_at"": ""2026-09-29T21:02:39+00:00"", ""edit_groups"": [], ""read_groups"": [], ""camera_model"": [], ""x_resolution"": [], ""y_resolution"": [], ""error_message"": [], ""bits_per_sample"": [], ""processing_note"": [], ""caption_language"": [], ""file_identifiers"": [{""id"": ""pyramidal-derivatives-shrine://b0/59/28/b05928c19348412994039949f9a9123d/intermediate_file.tif""}], ""internal_resource"": ""FileMetadata"", ""original_filename"": [""intermediate_file.tif""], ""source_media_type"": [], ""date_of_digitization"": [], ""preservation_copy_of_id"": null, ""original_language_caption"": null}], ""service_targets"": [], ""cached_parent_id"": [{""id"": ""b7f6f438-4363-4003-8b74-779b5e31f210""}], ""processing_status"": [""processed""], ""optimistic_lock_token"": [{""token"": ""3"", ""adapter_id"": {""id"": ""746f06acf4d573bebd8c8a500b398589""}}]}",2026-09-29 21:00:47.886516,2026-09-30 13:41:27.49019,FileSet,4
5468a45f-5d38-4446-b66b-132cad78caaa,"{""part"": [], ""side"": [], ""title"": [""00000090.tif""], ""barcode"": [], ""edit_users"": [], ""highlights"": [], ""member_ids"": [], ""read_users"": [], ""edit_groups"": [], ""read_groups"": [""public""], ""file_metadata"": [{""id"": {""id"": ""f3008ef8-a65a-472b-a327-329fe74e9334""}, ""use"": [{""@id"": ""http://pcdm.org/use#OriginalFile""}], ""size"": [""59796536""], ""label"": [""00000090.tif""], ""width"": [""3680""], ""bounds"": [], ""height"": [""5411""], ""checksum"": [{""id"": null, ""md5"": ""c94ccff9a6ab2747cab383916b70e84c"", ""sha1"": ""1e8ae66fd99390dfbb51dd074007623ba1d079a2"", ""sha256"": ""3a9ed0a17a130f1cd378f19baf7eb495a2e26f08f78c1a1f18e3344d272329fe"", ""created_at"": null, ""new_record"": true, ""updated_at"": null, ""internal_resource"": ""MultiChecksum""}], ""duration"": [], ""geometry"": [], ""producer"": [], ""software"": [], ""mime_type"": [""image/tiff""], ""change_set"": null, ""created_at"": ""2026-09-29T21:00:43+00:00"", ""edit_users"": [], ""new_record"": true, ""page_count"": null, ""read_users"": [], ""updated_at"": ""2026-09-29T21:00:43+00:00"", ""edit_groups"": [], ""read_groups"": [], ""camera_model"": [], ""x_resolution"": [], ""y_resolution"": [], ""error_message"": [], ""bits_per_sample"": [], ""processing_note"": [], ""caption_language"": [], ""file_identifiers"": [{""id"": ""disk:///opt/repository/files/f3/00/8e/f3008ef8a65a472ba327329fe74e9334/00000090.tif""}], ""internal_resource"": ""FileMetadata"", ""original_filename"": [""00000090.tif""], ""source_media_type"": [], ""date_of_digitization"": [], ""preservation_copy_of_id"": null, ""original_language_caption"": null}, {""id"": {""id"": ""1f3f4a86-65be-489c-b512-eb69bcfc2e0a""}, ""use"": [{""@id"": ""http://pcdm.org/use#ServiceFile""}], ""size"": [], ""label"": [""intermediate_file.tif""], ""width"": [], ""bounds"": [], ""height"": [], ""checksum"": [], ""duration"": [], ""geometry"": [], ""producer"": [], ""software"": [], ""mime_type"": [""image/tiff""], ""change_set"": null, ""created_at"": ""2026-09-29T21:03:00+00:00"", ""edit_users"": [], ""new_record"": true, ""page_count"": null, ""read_users"": [], ""updated_at"": ""2026-09-29T21:03:00+00:00"", ""edit_groups"": [], ""read_groups"": [], ""camera_model"": [], ""x_resolution"": [], ""y_resolution"": [], ""error_message"": [], ""bits_per_sample"": [], ""processing_note"": [], ""caption_language"": [], ""file_identifiers"": [{""id"": ""pyramidal-derivatives-shrine://1f/3f/4a/1f3f4a8665be489cb512eb69bcfc2e0a/intermediate_file.tif""}], ""internal_resource"": ""FileMetadata"", ""original_filename"": [""intermediate_file.tif""], ""source_media_type"": [], ""date_of_digitization"": [], ""preservation_copy_of_id"": null, ""original_language_caption"": null}], ""service_targets"": [], ""cached_parent_id"": [{""id"": ""b7f6f438-4363-4003-8b74-779b5e31f210""}], ""processing_status"": [""processed""], ""optimistic_lock_token"": [{""token"": ""3"", ""adapter_id"": {""id"": ""746f06acf4d573bebd8c8a500b398589""}}]}",2026-09-29 21:00:47.892662,2026-09-30 13:41:27.574708,FileSet,4
033848d1-95ef-4285-a9fe-5101cf848c5e,"{""part"": [], ""side"": [], ""title"": [""00000091.tif""], ""barcode"": [], ""edit_users"": [], ""highlights"": [], ""member_ids"": [], ""read_users"": [], ""edit_groups"": [], ""read_groups"": [""public""], ""file_metadata"": [{""id"": {""id"": ""1b1bf28f-97a9-4d49-b33d-d4730b000b15""}, ""use"": [{""@id"": ""http://pcdm.org/use#OriginalFile""}], ""size"": [""54695098""], ""label"": [""00000091.tif""], ""width"": [""3461""], ""bounds"": [], ""height"": [""5262""], ""checksum"": [{""id"": null, ""md5"": ""05b0c8bd8336826fea7bdfd6a910991b"", ""sha1"": ""0b87f94f2cf9dad5192a7991a4ead3ee584b273d"", ""sha256"": ""0859ef378feb72778784b0b838e00fd6e2a18ff9b5f7e30181bfe663f1bbe0f4"", ""created_at"": null, ""new_record"": true, ""updated_at"": null, ""internal_resource"": ""MultiChecksum""}], ""duration"": [], ""geometry"": [], ""producer"": [], ""software"": [], ""mime_type"": [""image/tiff""], ""change_set"": null, ""created_at"": ""2026-09-29T21:00:48+00:00"", ""edit_users"": [], ""new_record"": true, ""page_count"": null, ""read_users"": [], ""updated_at"": ""2026-09-29T21:00:48+00:00"", ""edit_groups"": [], ""read_groups"": [], ""camera_model"": [], ""x_resolution"": [], ""y_resolution"": [], ""error_message"": [], ""bits_per_sample"": [], ""processing_note"": [], ""caption_language"": [], ""file_identifiers"": [{""id"": ""disk:///opt/repository/files/1b/1b/f2/1b1bf28f97a94d49b33dd4730b000b15/00000091.tif""}], ""internal_resource"": ""FileMetadata"", ""original_filename"": [""00000091.tif""], ""source_media_type"": [], ""date_of_digitization"": [], ""preservation_copy_of_id"": null, ""original_language_caption"": null}, {""id"": {""id"": ""304afa3e-feb4-4b49-9378-74e8b96e2ce2""}, ""use"": [{""@id"": ""http://pcdm.org/use#ServiceFile""}], ""size"": [], ""label"": [""intermediate_file.tif""], ""width"": [], ""bounds"": [], ""height"": [], ""checksum"": [], ""duration"": [], ""geometry"": [], ""producer"": [], ""software"": [], ""mime_type"": [""image/tiff""], ""change_set"": null, ""created_at"": ""2026-09-29T21:03:08+00:00"", ""edit_users"": [], ""new_record"": true, ""page_count"": null, ""read_users"": [], ""updated_at"": ""2026-09-29T21:03:08+00:00"", ""edit_groups"": [], ""read_groups"": [], ""camera_model"": [], ""x_resolution"": [], ""y_resolution"": [], ""error_message"": [], ""bits_per_sample"": [], ""processing_note"": [], ""caption_language"": [], ""file_identifiers"": [{""id"": ""pyramidal-derivatives-shrine://30/4a/fa/304afa3efeb44b49937874e8b96e2ce2/intermediate_file.tif""}], ""internal_resource"": ""FileMetadata"", ""original_filename"": [""intermediate_file.tif""], ""source_media_type"": [], ""date_of_digitization"": [], ""preservation_copy_of_id"": null, ""original_language_caption"": null}], ""service_targets"": [], ""cached_parent_id"": [{""id"": ""b7f6f438-4363-4003-8b74-779b5e31f210""}], ""processing_status"": [""processed""], ""optimistic_lock_token"": [{""token"": ""3"", ""adapter_id"": {""id"": ""746f06acf4d573bebd8c8a500b398589""}}]}",2026-09-29 21:01:15.355384,2026-09-30 13:41:27.595075,FileSet,4
e505b38d-a160-41ce-a230-281b54be566d,"{""part"": [], ""side"": [], ""title"": [""00000092.tif""], ""barcode"": [], ""edit_users"": [], ""highlights"": [], ""member_ids"": [], ""read_users"": [], ""edit_groups"": [], ""read_groups"": [""public""], ""file_metadata"": [{""id"": {""id"": ""24bbfcbb-f625-4877-8bb7-99ffe3de8505""}, ""use"": [{""@id"": ""http://pcdm.org/use#OriginalFile""}], ""size"": [""59796536""], ""label"": [""00000092.tif""], ""width"": [""3680""], ""bounds"": [], ""height"": [""5411""], ""checksum"": [{""id"": null, ""md5"": ""fe8f8b0feb726730579b814864b3d3f6"", ""sha1"": ""902c10511adf661867cf1402f44dc49144bb90ee"", ""sha256"": ""3e4d7998b6a9112287823c0a2391830bd9a1c895ae70ffc88cbcec9514914703"", ""created_at"": null, ""new_record"": true, ""updated_at"": null, ""internal_resource"": ""MultiChecksum""}], ""duration"": [], ""geometry"": [], ""producer"": [], ""software"": [], ""mime_type"": [""image/tiff""], ""change_set"": null, ""created_at"": ""2026-09-29T21:00:50+00:00"", ""edit_users"": [], ""new_record"": true, ""page_count"": null, ""read_users"": [], ""updated_at"": ""2026-09-29T21:00:50+00:00"", ""edit_groups"": [], ""read_groups"": [], ""camera_model"": [], ""x_resolution"": [], ""y_resolution"": [], ""error_message"": [], ""bits_per_sample"": [], ""processing_note"": [], ""caption_language"": [], ""file_identifiers"": [{""id"": ""disk:///opt/repository/files/24/bb/fc/24bbfcbbf62548778bb799ffe3de8505/00000092.tif""}], ""internal_resource"": ""FileMetadata"", ""original_filename"": [""00000092.tif""], ""source_media_type"": [], ""date_of_digitization"": [], ""preservation_copy_of_id"": null, ""original_language_caption"": null}, {""id"": {""id"": ""c6c55d71-3990-4430-be7a-685b3e0fa16d""}, ""use"": [{""@id"": ""http://pcdm.org/use#ServiceFile""}], ""size"": [], ""label"": [""intermediate_file.tif""], ""width"": [], ""bounds"": [], ""height"": [], ""checksum"": [], ""duration"": [], ""geometry"": [], ""producer"": [], ""software"": [], ""mime_type"": [""image/tiff""], ""change_set"": null, ""created_at"": ""2026-09-29T21:03:33+00:00"", ""edit_users"": [], ""new_record"": true, ""page_count"": null, ""read_users"": [], ""updated_at"": ""2026-09-29T21:03:33+00:00"", ""edit_groups"": [], ""read_groups"": [], ""camera_model"": [], ""x_resolution"": [], ""y_resolution"": [], ""error_message"": [], ""bits_per_sample"": [], ""processing_note"": [], ""caption_language"": [], ""file_identifiers"": [{""id"": ""pyramidal-derivatives-shrine://c6/c5/5d/c6c55d7139904430be7a685b3e0fa16d/intermediate_file.tif""}], ""internal_resource"": ""FileMetadata"", ""original_filename"": [""intermediate_file.tif""], ""source_media_type"": [], ""date_of_digitization"": [], ""preservation_copy_of_id"": null, ""original_language_caption"": null}], ""service_targets"": [], ""cached_parent_id"": [{""id"": ""b7f6f438-4363-4003-8b74-779b5e31f210""}], ""processing_status"": [""processed""], ""optimistic_lock_token"": [{""token"": ""3"", ""adapter_id"": {""id"": ""746f06acf4d573bebd8c8a500b398589""}}]}",2026-09-29 21:01:15.364105,2026-09-30 13:41:27.614512,FileSet,4
5129b2bd-b56c-41f6-9760-4a8568b4db8d,"{""part"": [], ""side"": [], ""title"": [""00000093.tif""], ""barcode"": [], ""edit_users"": [], ""highlights"": [], ""member_ids"": [], ""read_users"": [], ""edit_groups"": [], ""read_groups"": [""public""], ""file_metadata"": [{""id"": {""id"": ""9816d489-8b71-407c-a0eb-a38fa15bdbaf""}, ""use"": [{""@id"": ""http://pcdm.org/use#OriginalFile""}], ""size"": [""54695098""], ""label"": [""00000093.tif""], ""width"": [""3461""], ""bounds"": [], ""height"": [""5262""], ""checksum"": [{""id"": null, ""md5"": ""04ca2a88c89f441b97e1438f1c9b66e8"", ""sha1"": ""8426cbd1db4852613156173b63f3d4a1c6ac9ca5"", ""sha256"": ""e840072431257c5212d0336c7c56ede2277f811e221e65e47189bf17f2a75a9e"", ""created_at"": null, ""new_record"": true, ""updated_at"": null, ""internal_resource"": ""MultiChecksum""}], ""duration"": [], ""geometry"": [], ""producer"": [], ""software"": [], ""mime_type"": [""image/tiff""], ""change_set"": null, ""created_at"": ""2026-09-29T21:00:54+00:00"", ""edit_users"": [], ""new_record"": true, ""page_count"": null, ""read_users"": [], ""updated_at"": ""2026-09-29T21:00:54+00:00"", ""edit_groups"": [], ""read_groups"": [], ""camera_model"": [], ""x_resolution"": [], ""y_resolution"": [], ""error_message"": [], ""bits_per_sample"": [], ""processing_note"": [], ""caption_language"": [], ""file_identifiers"": [{""id"": ""disk:///opt/repository/files/98/16/d4/9816d4898b71407ca0eba38fa15bdbaf/00000093.tif""}], ""internal_resource"": ""FileMetadata"", ""original_filename"": [""00000093.tif""], ""source_media_type"": [], ""date_of_digitization"": [], ""preservation_copy_of_id"": null, ""original_language_caption"": null}, {""id"": {""id"": ""adfbd13a-2ba0-4eba-962a-d86075bdc34c""}, ""use"": [{""@id"": ""http://pcdm.org/use#ServiceFile""}], ""size"": [], ""label"": [""intermediate_file.tif""], ""width"": [], ""bounds"": [], ""height"": [], ""checksum"": [], ""duration"": [], ""geometry"": [], ""producer"": [], ""software"": [], ""mime_type"": [""image/tiff""], ""change_set"": null, ""created_at"": ""2026-09-29T21:03:09+00:00"", ""edit_users"": [], ""new_record"": true, ""page_count"": null, ""read_users"": [], ""updated_at"": ""2026-09-29T21:03:09+00:00"", ""edit_groups"": [], ""read_groups"": [], ""camera_model"": [], ""x_resolution"": [], ""y_resolution"": [], ""error_message"": [], ""bits_per_sample"": [], ""processing_note"": [], ""caption_language"": [], ""file_identifiers"": [{""id"": ""pyramidal-derivatives-shrine://ad/fb/d1/adfbd13a2ba04eba962ad86075bdc34c/intermediate_file.tif""}], ""internal_resource"": ""FileMetadata"", ""original_filename"": [""intermediate_file.tif""], ""source_media_type"": [], ""date_of_digitization"": [], ""preservation_copy_of_id"": null, ""original_language_caption"": null}], ""service_targets"": [], ""cached_parent_id"": [{""id"": ""b7f6f438-4363-4003-8b74-779b5e31f210""}], ""processing_status"": [""processed""], ""optimistic_lock_token"": [{""token"": ""3"", ""adapter_id"": {""id"": ""746f06acf4d573bebd8c8a500b398589""}}]}",2026-09-29 21:01:15.369571,2026-09-30 13:41:27.632305,FileSet,4
7f393274-5bcd-45c3-ab2b-c52ad61c89b9,"{""part"": [], ""side"": [], ""title"": [""00000094.tif""], ""barcode"": [], ""edit_users"": [], ""highlights"": [], ""member_ids"": [], ""read_users"": [], ""edit_groups"": [], ""read_groups"": [""public""], ""file_metadata"": [{""id"": {""id"": ""399cd2df-9f53-4b1a-87f6-7065360a5d36""}, ""use"": [{""@id"": ""http://pcdm.org/use#OriginalFile""}], ""size"": [""59796536""], ""label"": [""00000094.tif""], ""width"": [""3680""], ""bounds"": [], ""height"": [""5411""], ""checksum"": [{""id"": null, ""md5"": ""ff3748c2b50d833e582f29224dd8001e"", ""sha1"": ""0510f6db20e299d0edf00754105400a1308a7d37"", ""sha256"": ""6142c0c0cedd81fe3f719887e69e56a048a511e7be42557af36645955b941568"", ""created_at"": null, ""new_record"": true, ""updated_at"": null, ""internal_resource"": ""MultiChecksum""}], ""duration"": [], ""geometry"": [], ""producer"": [], ""software"": [], ""mime_type"": [""image/tiff""], ""change_set"": null, ""created_at"": ""2026-09-29T21:00:56+00:00"", ""edit_users"": [], ""new_record"": true, ""page_count"": null, ""read_users"": [], ""updated_at"": ""2026-09-29T21:00:56+00:00"", ""edit_groups"": [], ""read_groups"": [], ""camera_model"": [], ""x_resolution"": [], ""y_resolution"": [], ""error_message"": [], ""bits_per_sample"": [], ""processing_note"": [], ""caption_language"": [], ""file_identifiers"": [{""id"": ""disk:///opt/repository/files/39/9c/d2/399cd2df9f534b1a87f67065360a5d36/00000094.tif""}], ""internal_resource"": ""FileMetadata"", ""original_filename"": [""00000094.tif""], ""source_media_type"": [], ""date_of_digitization"": [], ""preservation_copy_of_id"": null, ""original_language_caption"": null}, {""id"": {""id"": ""fc0a1395-80cb-487b-ae12-c27cf205145b""}, ""use"": [{""@id"": ""http://pcdm.org/use#ServiceFile""}], ""size"": [], ""label"": [""intermediate_file.tif""], ""width"": [], ""bounds"": [], ""height"": [], ""checksum"": [], ""duration"": [], ""geometry"": [], ""producer"": [], ""software"": [], ""mime_type"": [""image/tiff""], ""change_set"": null, ""created_at"": ""2026-09-29T21:03:31+00:00"", ""edit_users"": [], ""new_record"": true, ""page_count"": null, ""read_users"": [], ""updated_at"": ""2026-09-29T21:03:31+00:00"", ""edit_groups"": [], ""read_groups"": [], ""camera_model"": [], ""x_resolution"": [], ""y_resolution"": [], ""error_message"": [], ""bits_per_sample"": [], ""processing_note"": [], ""caption_language"": [], ""file_identifiers"": [{""id"": ""pyramidal-derivatives-shrine://fc/0a/13/fc0a139580cb487bae12c27cf205145b/intermediate_file.tif""}], ""internal_resource"": ""FileMetadata"", ""original_filename"": [""intermediate_file.tif""], ""source_media_type"": [], ""date_of_digitization"": [], ""preservation_copy_of_id"": null, ""original_language_caption"": null}], ""service_targets"": [], ""cached_parent_id"": [{""id"": ""b7f6f438-4363-4003-8b74-779b5e31f210""}], ""processing_status"": [""processed""], ""optimistic_lock_token"": [{""token"": ""3"", ""adapter_id"": {""id"": ""746f06acf4d573bebd8c8a500b398589""}}]}",2026-09-29 21:01:15.375563,2026-09-30 13:41:27.661104,FileSet,4
d05a9bc5-c67d-4048-81b4-e8920483b10c,"{""part"": [], ""side"": [], ""title"": [""00000095.tif""], ""barcode"": [], ""edit_users"": [], ""highlights"": [], ""member_ids"": [], ""read_users"": [], ""edit_groups"": [], ""read_groups"": [""public""], ""file_metadata"": [{""id"": {""id"": ""ef8fb50b-9f18-4d24-b109-3901fc63f521""}, ""use"": [{""@id"": ""http://pcdm.org/use#OriginalFile""}], ""size"": [""54695098""], ""label"": [""00000095.tif""], ""width"": [""3461""], ""bounds"": [], ""height"": [""5262""], ""checksum"": [{""id"": null, ""md5"": ""891a18fc36bd275f89c9b36cbe983c06"", ""sha1"": ""7f5199341f8ba0386d87237947097c9c87343344"", ""sha256"": ""a27cdb68cfa36657255848012fc23d293c8cfd0f8cfc178d2ba689d33631930b"", ""created_at"": null, ""new_record"": true, ""updated_at"": null, ""internal_resource"": ""MultiChecksum""}], ""duration"": [], ""geometry"": [], ""producer"": [], ""software"": [], ""mime_type"": [""image/tiff""], ""change_set"": null, ""created_at"": ""2026-09-29T21:01:01+00:00"", ""edit_users"": [], ""new_record"": true, ""page_count"": null, ""read_users"": [], ""updated_at"": ""2026-09-29T21:01:01+00:00"", ""edit_groups"": [], ""read_groups"": [], ""camera_model"": [], ""x_resolution"": [], ""y_resolution"": [], ""error_message"": [], ""bits_per_sample"": [], ""processing_note"": [], ""caption_language"": [], ""file_identifiers"": [{""id"": ""disk:///opt/repository/files/ef/8f/b5/ef8fb50b9f184d24b1093901fc63f521/00000095.tif""}], ""internal_resource"": ""FileMetadata"", ""original_filename"": [""00000095.tif""], ""source_media_type"": [], ""date_of_digitization"": [], ""preservation_copy_of_id"": null, ""original_language_caption"": null}, {""id"": {""id"": ""b4335f59-157f-4214-b3d1-284e461388cd""}, ""use"": [{""@id"": ""http://pcdm.org/use#ServiceFile""}], ""size"": [], ""label"": [""intermediate_file.tif""], ""width"": [], ""bounds"": [], ""height"": [], ""checksum"": [], ""duration"": [], ""geometry"": [], ""producer"": [], ""software"": [], ""mime_type"": [""image/tiff""], ""change_set"": null, ""created_at"": ""2026-09-29T21:03:10+00:00"", ""edit_users"": [], ""new_record"": true, ""page_count"": null, ""read_users"": [], ""updated_at"": ""2026-09-29T21:03:10+00:00"", ""edit_groups"": [], ""read_groups"": [], ""camera_model"": [], ""x_resolution"": [], ""y_resolution"": [], ""error_message"": [], ""bits_per_sample"": [], ""processing_note"": [], ""caption_language"": [], ""file_identifiers"": [{""id"": ""pyramidal-derivatives-shrine://b4/33/5f/b4335f59157f4214b3d1284e461388cd/intermediate_file.tif""}], ""internal_resource"": ""FileMetadata"", ""original_filename"": [""intermediate_file.tif""], ""source_media_type"": [], ""date_of_digitization"": [], ""preservation_copy_of_id"": null, ""original_language_caption"": null}], ""service_targets"": [], ""cached_parent_id"": [{""id"": ""b7f6f438-4363-4003-8b74-779b5e31f210""}], ""processing_status"": [""processed""], ""optimistic_lock_token"": [{""token"": ""3"", ""adapter_id"": {""id"": ""746f06acf4d573bebd8c8a500b398589""}}]}",2026-09-29 21:01:15.380685,2026-09-30 13:41:27.683558,FileSet,4
13927fef-bb5f-468e-8671-91b9cccb4585,"{""part"": [], ""side"": [], ""title"": [""00000096.tif""], ""barcode"": [], ""edit_users"": [], ""highlights"": [], ""member_ids"": [], ""read_users"": [], ""edit_groups"": [], ""read_groups"": [""public""], ""file_metadata"": [{""id"": {""id"": ""ec54bc4d-27ff-4d94-9696-abc25a7f6150""}, ""use"": [{""@id"": ""http://pcdm.org/use#OriginalFile""}], ""size"": [""59796536""], ""label"": [""00000096.tif""], ""width"": [""3680""], ""bounds"": [], ""height"": [""5411""], ""checksum"": [{""id"": null, ""md5"": ""94abd11e1dcbae0b8ac000531ec2701d"", ""sha1"": ""eb8884bc74fe996e467984debd1b1c179fcad082"", ""sha256"": ""81894e23591e91597c557345483e2f294fbe93df2c49c2359025b7f734d38063"", ""created_at"": null, ""new_record"": true, ""updated_at"": null, ""internal_resource"": ""MultiChecksum""}], ""duration"": [], ""geometry"": [], ""producer"": [], ""software"": [], ""mime_type"": [""image/tiff""], ""change_set"": null, ""created_at"": ""2026-09-29T21:01:05+00:00"", ""edit_users"": [], ""new_record"": true, ""page_count"": null, ""read_users"": [], ""updated_at"": ""2026-09-29T21:01:05+00:00"", ""edit_groups"": [], ""read_groups"": [], ""camera_model"": [], ""x_resolution"": [], ""y_resolution"": [], ""error_message"": [], ""bits_per_sample"": [], ""processing_note"": [], ""caption_language"": [], ""file_identifiers"": [{""id"": ""disk:///opt/repository/files/ec/54/bc/ec54bc4d27ff4d949696abc25a7f6150/00000096.tif""}], ""internal_resource"": ""FileMetadata"", ""original_filename"": [""00000096.tif""], ""source_media_type"": [], ""date_of_digitization"": [], ""preservation_copy_of_id"": null, ""original_language_caption"": null}, {""id"": {""id"": ""27a0a044-e8e2-42bc-953e-7ef864ff0197""}, ""use"": [{""@id"": ""http://pcdm.org/use#ServiceFile""}], ""size"": [], ""label"": [""intermediate_file.tif""], ""width"": [], ""bounds"": [], ""height"": [], ""checksum"": [], ""duration"": [], ""geometry"": [], ""producer"": [], ""software"": [], ""mime_type"": [""image/tiff""], ""change_set"": null, ""created_at"": ""2026-09-29T21:03:32+00:00"", ""edit_users"": [], ""new_record"": true, ""page_count"": null, ""read_users"": [], ""updated_at"": ""2026-09-29T21:03:32+00:00"", ""edit_groups"": [], ""read_groups"": [], ""camera_model"": [], ""x_resolution"": [], ""y_resolution"": [], ""error_message"": [], ""bits_per_sample"": [], ""processing_note"": [], ""caption_language"": [], ""file_identifiers"": [{""id"": ""pyramidal-derivatives-shrine://27/a0/a0/27a0a044e8e242bc953e7ef864ff0197/intermediate_file.tif""}], ""internal_resource"": ""FileMetadata"", ""original_filename"": [""intermediate_file.tif""], ""source_media_type"": [], ""date_of_digitization"": [], ""preservation_copy_of_id"": null, ""original_language_caption"": null}], ""service_targets"": [], ""cached_parent_id"": [{""id"": ""b7f6f438-4363-4003-8b74-779b5e31f210""}], ""processing_status"": [""processed""], ""optimistic_lock_token"": [{""token"": ""3"", ""adapter_id"": {""id"": ""746f06acf4d573bebd8c8a500b398589""}}]}",2026-09-29 21:01:15.385372,2026-09-30 13:41:27.708407,FileSet,4
4e3fb746-d15e-44d8-a0c3-15784a11b79b,"{""part"": [], ""side"": [], ""title"": [""00000097.tif""], ""barcode"": [], ""edit_users"": [], ""highlights"": [], ""member_ids"": [], ""read_users"": [], ""edit_groups"": [], ""read_groups"": [""public""], ""file_metadata"": [{""id"": {""id"": ""7b4b871d-8b3c-4a1e-8219-bd1985c1ea61""}, ""use"": [{""@id"": ""http://pcdm.org/use#OriginalFile""}], ""size"": [""54695098""], ""label"": [""00000097.tif""], ""width"": [""3461""], ""bounds"": [], ""height"": [""5262""], ""checksum"": [{""id"": null, ""md5"": ""218b69e891fcdbd212c62acd40fd8a36"", ""sha1"": ""56599ddfab408f5595a7fda2d9d409e272effe50"", ""sha256"": ""228ec95dc8df8ecd47c1082ad52500092f0a5af0c29db79021c39a08337da57a"", ""created_at"": null, ""new_record"": true, ""updated_at"": null, ""internal_resource"": ""MultiChecksum""}], ""duration"": [], ""geometry"": [], ""producer"": [], ""software"": [], ""mime_type"": [""image/tiff""], ""change_set"": null, ""created_at"": ""2026-09-29T21:01:07+00:00"", ""edit_users"": [], ""new_record"": true, ""page_count"": null, ""read_users"": [], ""updated_at"": ""2026-09-29T21:01:07+00:00"", ""edit_groups"": [], ""read_groups"": [], ""camera_model"": [], ""x_resolution"": [], ""y_resolution"": [], ""error_message"": [], ""bits_per_sample"": [], ""processing_note"": [], ""caption_language"": [], ""file_identifiers"": [{""id"": ""disk:///opt/repository/files/7b/4b/87/7b4b871d8b3c4a1e8219bd1985c1ea61/00000097.tif""}], ""internal_resource"": ""FileMetadata"", ""original_filename"": [""00000097.tif""], ""source_media_type"": [], ""date_of_digitization"": [], ""preservation_copy_of_id"": null, ""original_language_caption"": null}, {""id"": {""id"": ""b57ee905-4401-4c99-9e4b-93d3c55536f5""}, ""use"": [{""@id"": ""http://pcdm.org/use#ServiceFile""}], ""size"": [], ""label"": [""intermediate_file.tif""], ""width"": [], ""bounds"": [], ""height"": [], ""checksum"": [], ""duration"": [], ""geometry"": [], ""producer"": [], ""software"": [], ""mime_type"": [""image/tiff""], ""change_set"": null, ""created_at"": ""2026-09-29T21:03:09+00:00"", ""edit_users"": [], ""new_record"": true, ""page_count"": null, ""read_users"": [], ""updated_at"": ""2026-09-29T21:03:09+00:00"", ""edit_groups"": [], ""read_groups"": [], ""camera_model"": [], ""x_resolution"": [], ""y_resolution"": [], ""error_message"": [], ""bits_per_sample"": [], ""processing_note"": [], ""caption_language"": [], ""file_identifiers"": [{""id"": ""pyramidal-derivatives-shrine://b5/7e/e9/b57ee90544014c999e4b93d3c55536f5/intermediate_file.tif""}], ""internal_resource"": ""FileMetadata"", ""original_filename"": [""intermediate_file.tif""], ""source_media_type"": [], ""date_of_digitization"": [], ""preservation_copy_of_id"": null, ""original_language_caption"": null}], ""service_targets"": [], ""cached_parent_id"": [{""id"": ""b7f6f438-4363-4003-8b74-779b5e31f210""}], ""processing_status"": [""processed""], ""optimistic_lock_token"": [{""token"": ""3"", ""adapter_id"": {""id"": ""746f06acf4d573bebd8c8a500b398589""}}]}",2026-09-29 21:01:15.389866,2026-09-30 13:41:27.729663,FileSet,4
d764866f-c570-44d0-aff6-da8e27cde64d,"{""part"": [], ""side"": [], ""title"": [""00000098.tif""], ""barcode"": [], ""edit_users"": [], ""highlights"": [], ""member_ids"": [], ""read_users"": [], ""edit_groups"": [], ""read_groups"": [""public""], ""file_metadata"": [{""id"": {""id"": ""e90b7714-f387-49eb-a577-b1a437ecaf75""}, ""use"": [{""@id"": ""http://pcdm.org/use#OriginalFile""}], ""size"": [""59796536""], ""label"": [""00000098.tif""], ""width"": [""3680""], ""bounds"": [], ""height"": [""5411""], ""checksum"": [{""id"": null, ""md5"": ""95820f8d5c04a1bb58e0a3b21fb9cc00"", ""sha1"": ""a4c761936f7dc4d639e97dedb9429e472feb15d1"", ""sha256"": ""0e180dcb9e4bd7a5be79a005b2399120a56ca020cedef9bfe5f67facc0d21872"", ""created_at"": null, ""new_record"": true, ""updated_at"": null, ""internal_resource"": ""MultiChecksum""}], ""duration"": [], ""geometry"": [], ""producer"": [], ""software"": [], ""mime_type"": [""image/tiff""], ""change_set"": null, ""created_at"": ""2026-09-29T21:01:09+00:00"", ""edit_users"": [], ""new_record"": true, ""page_count"": null, ""read_users"": [], ""updated_at"": ""2026-09-29T21:01:09+00:00"", ""edit_groups"": [], ""read_groups"": [], ""camera_model"": [], ""x_resolution"": [], ""y_resolution"": [], ""error_message"": [], ""bits_per_sample"": [], ""processing_note"": [], ""caption_language"": [], ""file_identifiers"": [{""id"": ""disk:///opt/repository/files/e9/0b/77/e90b7714f38749eba577b1a437ecaf75/00000098.tif""}], ""internal_resource"": ""FileMetadata"", ""original_filename"": [""00000098.tif""], ""source_media_type"": [], ""date_of_digitization"": [], ""preservation_copy_of_id"": null, ""original_language_caption"": null}, {""id"": {""id"": ""79562c92-e11e-4c1e-a9f9-2b21479aa523""}, ""use"": [{""@id"": ""http://pcdm.org/use#ServiceFile""}], ""size"": [], ""label"": [""intermediate_file.tif""], ""width"": [], ""bounds"": [], ""height"": [], ""checksum"": [], ""duration"": [], ""geometry"": [], ""producer"": [], ""software"": [], ""mime_type"": [""image/tiff""], ""change_set"": null, ""created_at"": ""2026-09-29T21:03:19+00:00"", ""edit_users"": [], ""new_record"": true, ""page_count"": null, ""read_users"": [], ""updated_at"": ""2026-09-29T21:03:19+00:00"", ""edit_groups"": [], ""read_groups"": [], ""camera_model"": [], ""x_resolution"": [], ""y_resolution"": [], ""error_message"": [], ""bits_per_sample"": [], ""processing_note"": [], ""caption_language"": [], ""file_identifiers"": [{""id"": ""pyramidal-derivatives-shrine://79/56/2c/79562c92e11e4c1ea9f92b21479aa523/intermediate_file.tif""}], ""internal_resource"": ""FileMetadata"", ""original_filename"": [""intermediate_file.tif""], ""source_media_type"": [], ""date_of_digitization"": [], ""preservation_copy_of_id"": null, ""original_language_caption"": null}], ""service_targets"": [], ""cached_parent_id"": [{""id"": ""b7f6f438-4363-4003-8b74-779b5e31f210""}], ""processing_status"": [""processed""], ""optimistic_lock_token"": [{""token"": ""3"", ""adapter_id"": {""id"": ""746f06acf4d573bebd8c8a500b398589""}}]}",2026-09-29 21:01:15.39404,2026-09-30 13:41:27.745899,FileSet,4
56115e93-c21d-4a77-bb91-1b1556661a6d,"{""part"": [], ""side"": [], ""title"": [""00000099.tif""], ""barcode"": [], ""edit_users"": [], ""highlights"": [], ""member_ids"": [], ""read_users"": [], ""edit_groups"": [], ""read_groups"": [""public""], ""file_metadata"": [{""id"": {""id"": ""397ea887-4f59-41fd-a61e-8812bbd8f2eb""}, ""use"": [{""@id"": ""http://pcdm.org/use#OriginalFile""}], ""size"": [""54695098""], ""label"": [""00000099.tif""], ""width"": [""3461""], ""bounds"": [], ""height"": [""5262""], ""checksum"": [{""id"": null, ""md5"": ""032f9dcb5605b25d3058194071fe69db"", ""sha1"": ""8e3bc92bce4eee0fae5b96e59ecc37a4f7128eb2"", ""sha256"": ""83b1e720d2e07c73f7ed490068a0de15492dc03e65bf5e2bd1db94b790a9fdca"", ""created_at"": null, ""new_record"": true, ""updated_at"": null, ""internal_resource"": ""MultiChecksum""}], ""duration"": [], ""geometry"": [], ""producer"": [], ""software"": [], ""mime_type"": [""image/tiff""], ""change_set"": null, ""created_at"": ""2026-09-29T21:01:11+00:00"", ""edit_users"": [], ""new_record"": true, ""page_count"": null, ""read_users"": [], ""updated_at"": ""2026-09-29T21:01:11+00:00"", ""edit_groups"": [], ""read_groups"": [], ""camera_model"": [], ""x_resolution"": [], ""y_resolution"": [], ""error_message"": [], ""bits_per_sample"": [], ""processing_note"": [], ""caption_language"": [], ""file_identifiers"": [{""id"": ""disk:///opt/repository/files/39/7e/a8/397ea8874f5941fda61e8812bbd8f2eb/00000099.tif""}], ""internal_resource"": ""FileMetadata"", ""original_filename"": [""00000099.tif""], ""source_media_type"": [], ""date_of_digitization"": [], ""preservation_copy_of_id"": null, ""original_language_caption"": null}, {""id"": {""id"": ""0ade61a3-5f15-4d8e-9a73-db6404a007a4""}, ""use"": [{""@id"": ""http://pcdm.org/use#ServiceFile""}], ""size"": [], ""label"": [""intermediate_file.tif""], ""width"": [], ""bounds"": [], ""height"": [], ""checksum"": [], ""duration"": [], ""geometry"": [], ""producer"": [], ""software"": [], ""mime_type"": [""image/tiff""], ""change_set"": null, ""created_at"": ""2026-09-29T21:03:10+00:00"", ""edit_users"": [], ""new_record"": true, ""page_count"": null, ""read_users"": [], ""updated_at"": ""2026-09-29T21:03:10+00:00"", ""edit_groups"": [], ""read_groups"": [], ""camera_model"": [], ""x_resolution"": [], ""y_resolution"": [], ""error_message"": [], ""bits_per_sample"": [], ""processing_note"": [], ""caption_language"": [], ""file_identifiers"": [{""id"": ""pyramidal-derivatives-shrine://0a/de/61/0ade61a35f154d8e9a73db6404a007a4/intermediate_file.tif""}], ""internal_resource"": ""FileMetadata"", ""original_filename"": [""intermediate_file.tif""], ""source_media_type"": [], ""date_of_digitization"": [], ""preservation_copy_of_id"": null, ""original_language_caption"": null}], ""service_targets"": [], ""cached_parent_id"": [{""id"": ""b7f6f438-4363-4003-8b74-779b5e31f210""}], ""processing_status"": [""processed""], ""optimistic_lock_token"": [{""token"": ""3"", ""adapter_id"": {""id"": ""746f06acf4d573bebd8c8a500b398589""}}]}",2026-09-29 21:01:15.39935,2026-09-30 13:41:27.76251,FileSet,4
9092945d-1dfe-4a14-be1f-51438e1a9de2,"{""part"": [], ""side"": [], ""title"": [""00000100.tif""], ""barcode"": [], ""edit_users"": [], ""highlights"": [], ""member_ids"": [], ""read_users"": [], ""edit_groups"": [], ""read_groups"": [""public""], ""file_metadata"": [{""id"": {""id"": ""ffc473ad-e182-41c2-a6d7-c13bb55cf00a""}, ""use"": [{""@id"": ""http://pcdm.org/use#OriginalFile""}], ""size"": [""59796536""], ""label"": [""00000100.tif""], ""width"": [""3680""], ""bounds"": [], ""height"": [""5411""], ""checksum"": [{""id"": null, ""md5"": ""e1fe5adb1f81b01184630c451d70829a"", ""sha1"": ""8a0f44030261ad2fbe0aa82f57a3f1dba9cc3d05"", ""sha256"": ""c6c072b573da23118be1447ca6d0889509a0c609b832ef675294cc4c28c7648c"", ""created_at"": null, ""new_record"": true, ""updated_at"": null, ""internal_resource"": ""MultiChecksum""}], ""duration"": [], ""geometry"": [], ""producer"": [], ""software"": [], ""mime_type"": [""image/tiff""], ""change_set"": null, ""created_at"": ""2026-09-29T21:01:13+00:00"", ""edit_users"": [], ""new_record"": true, ""page_count"": null, ""read_users"": [], ""updated_at"": ""2026-09-29T21:01:13+00:00"", ""edit_groups"": [], ""read_groups"": [], ""camera_model"": [], ""x_resolution"": [], ""y_resolution"": [], ""error_message"": [], ""bits_per_sample"": [], ""processing_note"": [], ""caption_language"": [], ""file_identifiers"": [{""id"": ""disk:///opt/repository/files/ff/c4/73/ffc473ade18241c2a6d7c13bb55cf00a/00000100.tif""}], ""internal_resource"": ""FileMetadata"", ""original_filename"": [""00000100.tif""], ""source_media_type"": [], ""date_of_digitization"": [], ""preservation_copy_of_id"": null, ""original_language_caption"": null}, {""id"": {""id"": ""4d2d1938-a3fb-419f-b6c7-8801923840a0""}, ""use"": [{""@id"": ""http://pcdm.org/use#ServiceFile""}], ""size"": [], ""label"": [""intermediate_file.tif""], ""width"": [], ""bounds"": [], ""height"": [], ""checksum"": [], ""duration"": [], ""geometry"": [], ""producer"": [], ""software"": [], ""mime_type"": [""image/tiff""], ""change_set"": null, ""created_at"": ""2026-09-29T21:02:41+00:00"", ""edit_users"": [], ""new_record"": true, ""page_count"": null, ""read_users"": [], ""updated_at"": ""2026-09-29T21:02:41+00:00"", ""edit_groups"": [], ""read_groups"": [], ""camera_model"": [], ""x_resolution"": [], ""y_resolution"": [], ""error_message"": [], ""bits_per_sample"": [], ""processing_note"": [], ""caption_language"": [], ""file_identifiers"": [{""id"": ""pyramidal-derivatives-shrine://4d/2d/19/4d2d1938a3fb419fb6c78801923840a0/intermediate_file.tif""}], ""internal_resource"": ""FileMetadata"", ""original_filename"": [""intermediate_file.tif""], ""source_media_type"": [], ""date_of_digitization"": [], ""preservation_copy_of_id"": null, ""original_language_caption"": null}], ""service_targets"": [], ""cached_parent_id"": [{""id"": ""b7f6f438-4363-4003-8b74-779b5e31f210""}], ""processing_status"": [""processed""], ""optimistic_lock_token"": [{""token"": ""3"", ""adapter_id"": {""id"": ""746f06acf4d573bebd8c8a500b398589""}}]}",2026-09-29 21:01:15.404271,2026-09-30 13:41:27.780217,FileSet,4
4fa5f116-0a15-4e56-bd3a-c6ee0d5f2a53,"{""part"": [], ""side"": [], ""title"": [""00000101.tif""], ""barcode"": [], ""edit_users"": [], ""highlights"": [], ""member_ids"": [], ""read_users"": [], ""edit_groups"": [], ""read_groups"": [""public""], ""file_metadata"": [{""id"": {""id"": ""91540c80-8ade-4ee9-a168-5db1e971c27c""}, ""use"": [{""@id"": ""http://pcdm.org/use#OriginalFile""}], ""size"": [""54695098""], ""label"": [""00000101.tif""], ""width"": [""3461""], ""bounds"": [], ""height"": [""5262""], ""checksum"": [{""id"": null, ""md5"": ""13e08a6a2346c725499a3d71a3e4a19c"", ""sha1"": ""627047acd8de607c90ad06a8e971e9951c20dc1f"", ""sha256"": ""68ba634035a7a373af2e6dddc5542df425e72daa19801fbe8a8ad6825d9f31fe"", ""created_at"": null, ""new_record"": true, ""updated_at"": null, ""internal_resource"": ""MultiChecksum""}], ""duration"": [], ""geometry"": [], ""producer"": [], ""software"": [], ""mime_type"": [""image/tiff""], ""change_set"": null, ""created_at"": ""2026-09-29T21:01:16+00:00"", ""edit_users"": [], ""new_record"": true, ""page_count"": null, ""read_users"": [], ""updated_at"": ""2026-09-29T21:01:16+00:00"", ""edit_groups"": [], ""read_groups"": [], ""camera_model"": [], ""x_resolution"": [], ""y_resolution"": [], ""error_message"": [], ""bits_per_sample"": [], ""processing_note"": [], ""caption_language"": [], ""file_identifiers"": [{""id"": ""disk:///opt/repository/files/91/54/0c/91540c808ade4ee9a1685db1e971c27c/00000101.tif""}], ""internal_resource"": ""FileMetadata"", ""original_filename"": [""00000101.tif""], ""source_media_type"": [], ""date_of_digitization"": [], ""preservation_copy_of_id"": null, ""original_language_caption"": null}, {""id"": {""id"": ""89e823d4-0665-4960-b5fe-ef9e4cc81290""}, ""use"": [{""@id"": ""http://pcdm.org/use#ServiceFile""}], ""size"": [], ""label"": [""intermediate_file.tif""], ""width"": [], ""bounds"": [], ""height"": [], ""checksum"": [], ""duration"": [], ""geometry"": [], ""producer"": [], ""software"": [], ""mime_type"": [""image/tiff""], ""change_set"": null, ""created_at"": ""2026-09-29T21:03:46+00:00"", ""edit_users"": [], ""new_record"": true, ""page_count"": null, ""read_users"": [], ""updated_at"": ""2026-09-29T21:03:46+00:00"", ""edit_groups"": [], ""read_groups"": [], ""camera_model"": [], ""x_resolution"": [], ""y_resolution"": [], ""error_message"": [], ""bits_per_sample"": [], ""processing_note"": [], ""caption_language"": [], ""file_identifiers"": [{""id"": ""pyramidal-derivatives-shrine://89/e8/23/89e823d406654960b5feef9e4cc81290/intermediate_file.tif""}], ""internal_resource"": ""FileMetadata"", ""original_filename"": [""intermediate_file.tif""], ""source_media_type"": [], ""date_of_digitization"": [], ""preservation_copy_of_id"": null, ""original_language_caption"": null}], ""service_targets"": [], ""cached_parent_id"": [{""id"": ""b7f6f438-4363-4003-8b74-779b5e31f210""}], ""processing_status"": [""processed""], ""optimistic_lock_token"": [{""token"": ""3"", ""adapter_id"": {""id"": ""746f06acf4d573bebd8c8a500b398589""}}]}",2026-09-29 21:02:09.020777,2026-09-30 13:41:27.798016,FileSet,4
0d897e07-9131-4be3-850d-443fae35b24a,"{""part"": [], ""side"": [], ""title"": [""00000102.tif""], ""barcode"": [], ""edit_users"": [], ""highlights"": [], ""member_ids"": [], ""read_users"": [], ""edit_groups"": [], ""read_groups"": [""public""], ""file_metadata"": [{""id"": {""id"": ""cda409ad-6a2b-4d01-8f16-38b2518851a4""}, ""use"": [{""@id"": ""http://pcdm.org/use#OriginalFile""}], ""size"": [""59796536""], ""label"": [""00000102.tif""], ""width"": [""3680""], ""bounds"": [], ""height"": [""5411""], ""checksum"": [{""id"": null, ""md5"": ""4d8e2becac93ed082c48c3534e495c06"", ""sha1"": ""d4c5e45d0d202449032a87f40e5cc11f07af1cb9"", ""sha256"": ""447e631f68e661bbb3b899eebf47cf09569cad7822bb2c5e33ccd817c4bf003c"", ""created_at"": null, ""new_record"": true, ""updated_at"": null, ""internal_resource"": ""MultiChecksum""}], ""duration"": [], ""geometry"": [], ""producer"": [], ""software"": [], ""mime_type"": [""image/tiff""], ""change_set"": null, ""created_at"": ""2026-09-29T21:01:24+00:00"", ""edit_users"": [], ""new_record"": true, ""page_count"": null, ""read_users"": [], ""updated_at"": ""2026-09-29T21:01:24+00:00"", ""edit_groups"": [], ""read_groups"": [], ""camera_model"": [], ""x_resolution"": [], ""y_resolution"": [], ""error_message"": [], ""bits_per_sample"": [], ""processing_note"": [], ""caption_language"": [], ""file_identifiers"": [{""id"": ""disk:///opt/repository/files/cd/a4/09/cda409ad6a2b4d018f1638b2518851a4/00000102.tif""}], ""internal_resource"": ""FileMetadata"", ""original_filename"": [""00000102.tif""], ""source_media_type"": [], ""date_of_digitization"": [], ""preservation_copy_of_id"": null, ""original_language_caption"": null}, {""id"": {""id"": ""98ddbe63-11b7-4a8e-8744-c9f6822df045""}, ""use"": [{""@id"": ""http://pcdm.org/use#ServiceFile""}], ""size"": [], ""label"": [""intermediate_file.tif""], ""width"": [], ""bounds"": [], ""height"": [], ""checksum"": [], ""duration"": [], ""geometry"": [], ""producer"": [], ""software"": [], ""mime_type"": [""image/tiff""], ""change_set"": null, ""created_at"": ""2026-09-29T21:04:26+00:00"", ""edit_users"": [], ""new_record"": true, ""page_count"": null, ""read_users"": [], ""updated_at"": ""2026-09-29T21:04:26+00:00"", ""edit_groups"": [], ""read_groups"": [], ""camera_model"": [], ""x_resolution"": [], ""y_resolution"": [], ""error_message"": [], ""bits_per_sample"": [], ""processing_note"": [], ""caption_language"": [], ""file_identifiers"": [{""id"": ""pyramidal-derivatives-shrine://98/dd/be/98ddbe6311b74a8e8744c9f6822df045/intermediate_file.tif""}], ""internal_resource"": ""FileMetadata"", ""original_filename"": [""intermediate_file.tif""], ""source_media_type"": [], ""date_of_digitization"": [], ""preservation_copy_of_id"": null, ""original_language_caption"": null}], ""service_targets"": [], ""cached_parent_id"": [{""id"": ""b7f6f438-4363-4003-8b74-779b5e31f210""}], ""processing_status"": [""processed""], ""optimistic_lock_token"": [{""token"": ""3"", ""adapter_id"": {""id"": ""746f06acf4d573bebd8c8a500b398589""}}]}",2026-09-29 21:02:09.028721,2026-09-30 13:41:27.813082,FileSet,4
53572e82-ea4f-46eb-8fc2-232704f6601c,"{""part"": [], ""side"": [], ""title"": [""00000103.tif""], ""barcode"": [], ""edit_users"": [], ""highlights"": [], ""member_ids"": [], ""read_users"": [], ""edit_groups"": [], ""read_groups"": [""public""], ""file_metadata"": [{""id"": {""id"": ""940b65fd-ec64-4857-afb1-4e6e2ecc438e""}, ""use"": [{""@id"": ""http://pcdm.org/use#OriginalFile""}], ""size"": [""54695098""], ""label"": [""00000103.tif""], ""width"": [""3461""], ""bounds"": [], ""height"": [""5262""], ""checksum"": [{""id"": null, ""md5"": ""caeb43bfa0011893c258dbc10efd6357"", ""sha1"": ""5a7b090049854c73023895d7dbf7b1e7f91bd59f"", ""sha256"": ""b03349d713c543c518f74dad883300cc364504a2e89812007d7be92245422a0d"", ""created_at"": null, ""new_record"": true, ""updated_at"": null, ""internal_resource"": ""MultiChecksum""}], ""duration"": [], ""geometry"": [], ""producer"": [], ""software"": [], ""mime_type"": [""image/tiff""], ""change_set"": null, ""created_at"": ""2026-09-29T21:01:28+00:00"", ""edit_users"": [], ""new_record"": true, ""page_count"": null, ""read_users"": [], ""updated_at"": ""2026-09-29T21:01:28+00:00"", ""edit_groups"": [], ""read_groups"": [], ""camera_model"": [], ""x_resolution"": [], ""y_resolution"": [], ""error_message"": [], ""bits_per_sample"": [], ""processing_note"": [], ""caption_language"": [], ""file_identifiers"": [{""id"": ""disk:///opt/repository/files/94/0b/65/940b65fdec644857afb14e6e2ecc438e/00000103.tif""}], ""internal_resource"": ""FileMetadata"", ""original_filename"": [""00000103.tif""], ""source_media_type"": [], ""date_of_digitization"": [], ""preservation_copy_of_id"": null, ""original_language_caption"": null}, {""id"": {""id"": ""8fbc6eaf-52df-41cf-b72b-a1cc63bf47a2""}, ""use"": [{""@id"": ""http://pcdm.org/use#ServiceFile""}], ""size"": [], ""label"": [""intermediate_file.tif""], ""width"": [], ""bounds"": [], ""height"": [], ""checksum"": [], ""duration"": [], ""geometry"": [], ""producer"": [], ""software"": [], ""mime_type"": [""image/tiff""], ""change_set"": null, ""created_at"": ""2026-09-29T21:02:47+00:00"", ""edit_users"": [], ""new_record"": true, ""page_count"": null, ""read_users"": [], ""updated_at"": ""2026-09-29T21:02:47+00:00"", ""edit_groups"": [], ""read_groups"": [], ""camera_model"": [], ""x_resolution"": [], ""y_resolution"": [], ""error_message"": [], ""bits_per_sample"": [], ""processing_note"": [], ""caption_language"": [], ""file_identifiers"": [{""id"": ""pyramidal-derivatives-shrine://8f/bc/6e/8fbc6eaf52df41cfb72ba1cc63bf47a2/intermediate_file.tif""}], ""internal_resource"": ""FileMetadata"", ""original_filename"": [""intermediate_file.tif""], ""source_media_type"": [], ""date_of_digitization"": [], ""preservation_copy_of_id"": null, ""original_language_caption"": null}], ""service_targets"": [], ""cached_parent_id"": [{""id"": ""b7f6f438-4363-4003-8b74-779b5e31f210""}], ""processing_status"": [""processed""], ""optimistic_lock_token"": [{""token"": ""3"", ""adapter_id"": {""id"": ""746f06acf4d573bebd8c8a500b398589""}}]}",2026-09-29 21:02:09.033477,2026-09-30 13:41:27.830334,FileSet,4
56b5999c-391a-463f-9b90-f1778d20c3bc,"{""part"": [], ""side"": [], ""title"": [""00000104.tif""], ""barcode"": [], ""edit_users"": [], ""highlights"": [], ""member_ids"": [], ""read_users"": [], ""edit_groups"": [], ""read_groups"": [""public""], ""file_metadata"": [{""id"": {""id"": ""da955276-3a18-45c4-a6b7-671408cef353""}, ""use"": [{""@id"": ""http://pcdm.org/use#OriginalFile""}], ""size"": [""59796536""], ""label"": [""00000104.tif""], ""width"": [""3680""], ""bounds"": [], ""height"": [""5411""], ""checksum"": [{""id"": null, ""md5"": ""1800339ac8021995ae506404566c7f36"", ""sha1"": ""d0952e70181d3ff0a130475cb8ab771769eedd17"", ""sha256"": ""efa23cf0fd7c1de789ff1074197b53d29f0c953a114b5dd8959df31b00f4b90d"", ""created_at"": null, ""new_record"": true, ""updated_at"": null, ""internal_resource"": ""MultiChecksum""}], ""duration"": [], ""geometry"": [], ""producer"": [], ""software"": [], ""mime_type"": [""image/tiff""], ""change_set"": null, ""created_at"": ""2026-09-29T21:01:32+00:00"", ""edit_users"": [], ""new_record"": true, ""page_count"": null, ""read_users"": [], ""updated_at"": ""2026-09-29T21:01:32+00:00"", ""edit_groups"": [], ""read_groups"": [], ""camera_model"": [], ""x_resolution"": [], ""y_resolution"": [], ""error_message"": [], ""bits_per_sample"": [], ""processing_note"": [], ""caption_language"": [], ""file_identifiers"": [{""id"": ""disk:///opt/repository/files/da/95/52/da9552763a1845c4a6b7671408cef353/00000104.tif""}], ""internal_resource"": ""FileMetadata"", ""original_filename"": [""00000104.tif""], ""source_media_type"": [], ""date_of_digitization"": [], ""preservation_copy_of_id"": null, ""original_language_caption"": null}, {""id"": {""id"": ""301d754b-7826-4c47-8666-1bfe163f69ea""}, ""use"": [{""@id"": ""http://pcdm.org/use#ServiceFile""}], ""size"": [], ""label"": [""intermediate_file.tif""], ""width"": [], ""bounds"": [], ""height"": [], ""checksum"": [], ""duration"": [], ""geometry"": [], ""producer"": [], ""software"": [], ""mime_type"": [""image/tiff""], ""change_set"": null, ""created_at"": ""2026-09-29T21:03:01+00:00"", ""edit_users"": [], ""new_record"": true, ""page_count"": null, ""read_users"": [], ""updated_at"": ""2026-09-29T21:03:01+00:00"", ""edit_groups"": [], ""read_groups"": [], ""camera_model"": [], ""x_resolution"": [], ""y_resolution"": [], ""error_message"": [], ""bits_per_sample"": [], ""processing_note"": [], ""caption_language"": [], ""file_identifiers"": [{""id"": ""pyramidal-derivatives-shrine://30/1d/75/301d754b78264c4786661bfe163f69ea/intermediate_file.tif""}], ""internal_resource"": ""FileMetadata"", ""original_filename"": [""intermediate_file.tif""], ""source_media_type"": [], ""date_of_digitization"": [], ""preservation_copy_of_id"": null, ""original_language_caption"": null}], ""service_targets"": [], ""cached_parent_id"": [{""id"": ""b7f6f438-4363-4003-8b74-779b5e31f210""}], ""processing_status"": [""processed""], ""optimistic_lock_token"": [{""token"": ""3"", ""adapter_id"": {""id"": ""746f06acf4d573bebd8c8a500b398589""}}]}",2026-09-29 21:02:09.038261,2026-09-30 13:41:27.849669,FileSet,4
5e46ce21-df5f-4e00-b2c4-fdb11afc2f4b,"{""part"": [], ""side"": [], ""title"": [""00000105.tif""], ""barcode"": [], ""edit_users"": [], ""highlights"": [], ""member_ids"": [], ""read_users"": [], ""edit_groups"": [], ""read_groups"": [""public""], ""file_metadata"": [{""id"": {""id"": ""7d70c7c3-e347-415b-9b60-a5b2fcfc943b""}, ""use"": [{""@id"": ""http://pcdm.org/use#OriginalFile""}], ""size"": [""54695098""], ""label"": [""00000105.tif""], ""width"": [""3461""], ""bounds"": [], ""height"": [""5262""], ""checksum"": [{""id"": null, ""md5"": ""0e1ab5fda81d4eeb66611c11ed0770a5"", ""sha1"": ""323fa0cf81bca5532fa0694e9c6fe73bdbbc259e"", ""sha256"": ""a907e94193830c6166a8396508c014c878a43d08925cacda43570efba8a190e5"", ""created_at"": null, ""new_record"": true, ""updated_at"": null, ""internal_resource"": ""MultiChecksum""}], ""duration"": [], ""geometry"": [], ""producer"": [], ""software"": [], ""mime_type"": [""image/tiff""], ""change_set"": null, ""created_at"": ""2026-09-29T21:01:36+00:00"", ""edit_users"": [], ""new_record"": true, ""page_count"": null, ""read_users"": [], ""updated_at"": ""2026-09-29T21:01:36+00:00"", ""edit_groups"": [], ""read_groups"": [], ""camera_model"": [], ""x_resolution"": [], ""y_resolution"": [], ""error_message"": [], ""bits_per_sample"": [], ""processing_note"": [], ""caption_language"": [], ""file_identifiers"": [{""id"": ""disk:///opt/repository/files/7d/70/c7/7d70c7c3e347415b9b60a5b2fcfc943b/00000105.tif""}], ""internal_resource"": ""FileMetadata"", ""original_filename"": [""00000105.tif""], ""source_media_type"": [], ""date_of_digitization"": [], ""preservation_copy_of_id"": null, ""original_language_caption"": null}, {""id"": {""id"": ""bed730ca-d524-4f0f-9143-a4aa8022d0d9""}, ""use"": [{""@id"": ""http://pcdm.org/use#ServiceFile""}], ""size"": [], ""label"": [""intermediate_file.tif""], ""width"": [], ""bounds"": [], ""height"": [], ""checksum"": [], ""duration"": [], ""geometry"": [], ""producer"": [], ""software"": [], ""mime_type"": [""image/tiff""], ""change_set"": null, ""created_at"": ""2026-09-29T21:04:09+00:00"", ""edit_users"": [], ""new_record"": true, ""page_count"": null, ""read_users"": [], ""updated_at"": ""2026-09-29T21:04:09+00:00"", ""edit_groups"": [], ""read_groups"": [], ""camera_model"": [], ""x_resolution"": [], ""y_resolution"": [], ""error_message"": [], ""bits_per_sample"": [], ""processing_note"": [], ""caption_language"": [], ""file_identifiers"": [{""id"": ""pyramidal-derivatives-shrine://be/d7/30/bed730cad5244f0f9143a4aa8022d0d9/intermediate_file.tif""}], ""internal_resource"": ""FileMetadata"", ""original_filename"": [""intermediate_file.tif""], ""source_media_type"": [], ""date_of_digitization"": [], ""preservation_copy_of_id"": null, ""original_language_caption"": null}], ""service_targets"": [], ""cached_parent_id"": [{""id"": ""b7f6f438-4363-4003-8b74-779b5e31f210""}], ""processing_status"": [""processed""], ""optimistic_lock_token"": [{""token"": ""3"", ""adapter_id"": {""id"": ""746f06acf4d573bebd8c8a500b398589""}}]}",2026-09-29 21:02:09.042726,2026-09-30 13:41:27.865133,FileSet,4
d9f87826-7761-444e-bde9-08a6bc20a984,"{""part"": [], ""side"": [], ""title"": [""00000106.tif""], ""barcode"": [], ""edit_users"": [], ""highlights"": [], ""member_ids"": [], ""read_users"": [], ""edit_groups"": [], ""read_groups"": [""public""], ""file_metadata"": [{""id"": {""id"": ""f83efc7c-4087-4d99-9875-0152c823e57b""}, ""use"": [{""@id"": ""http://pcdm.org/use#OriginalFile""}], ""size"": [""59796536""], ""label"": [""00000106.tif""], ""width"": [""3680""], ""bounds"": [], ""height"": [""5411""], ""checksum"": [{""id"": null, ""md5"": ""ec836efed5f8a071fae2ff94bb5f2f59"", ""sha1"": ""6b0d61ae135660054de9f4a3c65ce97e50b0d99e"", ""sha256"": ""31e41ff381da1d676d1f8993d717d48a967e9f3dd45d22b634e2d9ccbfcfc50f"", ""created_at"": null, ""new_record"": true, ""updated_at"": null, ""internal_resource"": ""MultiChecksum""}], ""duration"": [], ""geometry"": [], ""producer"": [], ""software"": [], ""mime_type"": [""image/tiff""], ""change_set"": null, ""created_at"": ""2026-09-29T21:01:45+00:00"", ""edit_users"": [], ""new_record"": true, ""page_count"": null, ""read_users"": [], ""updated_at"": ""2026-09-29T21:01:45+00:00"", ""edit_groups"": [], ""read_groups"": [], ""camera_model"": [], ""x_resolution"": [], ""y_resolution"": [], ""error_message"": [], ""bits_per_sample"": [], ""processing_note"": [], ""caption_language"": [], ""file_identifiers"": [{""id"": ""disk:///opt/repository/files/f8/3e/fc/f83efc7c40874d9998750152c823e57b/00000106.tif""}], ""internal_resource"": ""FileMetadata"", ""original_filename"": [""00000106.tif""], ""source_media_type"": [], ""date_of_digitization"": [], ""preservation_copy_of_id"": null, ""original_language_caption"": null}, {""id"": {""id"": ""84dd97e0-6188-44b7-a5a2-5757de198b90""}, ""use"": [{""@id"": ""http://pcdm.org/use#ServiceFile""}], ""size"": [], ""label"": [""intermediate_file.tif""], ""width"": [], ""bounds"": [], ""height"": [], ""checksum"": [], ""duration"": [], ""geometry"": [], ""producer"": [], ""software"": [], ""mime_type"": [""image/tiff""], ""change_set"": null, ""created_at"": ""2026-09-29T21:03:01+00:00"", ""edit_users"": [], ""new_record"": true, ""page_count"": null, ""read_users"": [], ""updated_at"": ""2026-09-29T21:03:01+00:00"", ""edit_groups"": [], ""read_groups"": [], ""camera_model"": [], ""x_resolution"": [], ""y_resolution"": [], ""error_message"": [], ""bits_per_sample"": [], ""processing_note"": [], ""caption_language"": [], ""file_identifiers"": [{""id"": ""pyramidal-derivatives-shrine://84/dd/97/84dd97e0618844b7a5a25757de198b90/intermediate_file.tif""}], ""internal_resource"": ""FileMetadata"", ""original_filename"": [""intermediate_file.tif""], ""source_media_type"": [], ""date_of_digitization"": [], ""preservation_copy_of_id"": null, ""original_language_caption"": null}], ""service_targets"": [], ""cached_parent_id"": [{""id"": ""b7f6f438-4363-4003-8b74-779b5e31f210""}], ""processing_status"": [""processed""], ""optimistic_lock_token"": [{""token"": ""3"", ""adapter_id"": {""id"": ""746f06acf4d573bebd8c8a500b398589""}}]}",2026-09-29 21:02:09.046943,2026-09-30 13:41:27.885,FileSet,4
9d197091-32ec-42af-9581-0afbdaf31730,"{""part"": [], ""side"": [], ""title"": [""00000107.tif""], ""barcode"": [], ""edit_users"": [], ""highlights"": [], ""member_ids"": [], ""read_users"": [], ""edit_groups"": [], ""read_groups"": [""public""], ""file_metadata"": [{""id"": {""id"": ""24b9b271-d0f4-4d6c-b2c4-0dec933cb3b5""}, ""use"": [{""@id"": ""http://pcdm.org/use#OriginalFile""}], ""size"": [""54695098""], ""label"": [""00000107.tif""], ""width"": [""3461""], ""bounds"": [], ""height"": [""5262""], ""checksum"": [{""id"": null, ""md5"": ""c39e0a96316e2cdc560205874cf95bbc"", ""sha1"": ""6a7258050df61700f746b8a889eaa99ee02df31d"", ""sha256"": ""7077a51c232caf8c74e608637ef8d0584bc36f81adffd51f190e45f3dbc1a516"", ""created_at"": null, ""new_record"": true, ""updated_at"": null, ""internal_resource"": ""MultiChecksum""}], ""duration"": [], ""geometry"": [], ""producer"": [], ""software"": [], ""mime_type"": [""image/tiff""], ""change_set"": null, ""created_at"": ""2026-09-29T21:01:48+00:00"", ""edit_users"": [], ""new_record"": true, ""page_count"": null, ""read_users"": [], ""updated_at"": ""2026-09-29T21:01:48+00:00"", ""edit_groups"": [], ""read_groups"": [], ""camera_model"": [], ""x_resolution"": [], ""y_resolution"": [], ""error_message"": [], ""bits_per_sample"": [], ""processing_note"": [], ""caption_language"": [], ""file_identifiers"": [{""id"": ""disk:///opt/repository/files/24/b9/b2/24b9b271d0f44d6cb2c40dec933cb3b5/00000107.tif""}], ""internal_resource"": ""FileMetadata"", ""original_filename"": [""00000107.tif""], ""source_media_type"": [], ""date_of_digitization"": [], ""preservation_copy_of_id"": null, ""original_language_caption"": null}, {""id"": {""id"": ""29268416-87fe-48f5-9b34-e883d457db9c""}, ""use"": [{""@id"": ""http://pcdm.org/use#ServiceFile""}], ""size"": [], ""label"": [""intermediate_file.tif""], ""width"": [], ""bounds"": [], ""height"": [], ""checksum"": [], ""duration"": [], ""geometry"": [], ""producer"": [], ""software"": [], ""mime_type"": [""image/tiff""], ""change_set"": null, ""created_at"": ""2026-09-29T21:03:00+00:00"", ""edit_users"": [], ""new_record"": true, ""page_count"": null, ""read_users"": [], ""updated_at"": ""2026-09-29T21:03:00+00:00"", ""edit_groups"": [], ""read_groups"": [], ""camera_model"": [], ""x_resolution"": [], ""y_resolution"": [], ""error_message"": [], ""bits_per_sample"": [], ""processing_note"": [], ""caption_language"": [], ""file_identifiers"": [{""id"": ""pyramidal-derivatives-shrine://29/26/84/2926841687fe48f59b34e883d457db9c/intermediate_file.tif""}], ""internal_resource"": ""FileMetadata"", ""original_filename"": [""intermediate_file.tif""], ""source_media_type"": [], ""date_of_digitization"": [], ""preservation_copy_of_id"": null, ""original_language_caption"": null}], ""service_targets"": [], ""cached_parent_id"": [{""id"": ""b7f6f438-4363-4003-8b74-779b5e31f210""}], ""processing_status"": [""processed""], ""optimistic_lock_token"": [{""token"": ""3"", ""adapter_id"": {""id"": ""746f06acf4d573bebd8c8a500b398589""}}]}",2026-09-29 21:02:09.050941,2026-09-30 13:41:27.903318,FileSet,4
9b362ca7-d8e7-4b4f-b4a7-e7a8a0ff3e94,"{""part"": [], ""side"": [], ""title"": [""00000108.tif""], ""barcode"": [], ""edit_users"": [], ""highlights"": [], ""member_ids"": [], ""read_users"": [], ""edit_groups"": [], ""read_groups"": [""public""], ""file_metadata"": [{""id"": {""id"": ""cfdcf3f8-a964-4fca-be23-17c79c55831b""}, ""use"": [{""@id"": ""http://pcdm.org/use#OriginalFile""}], ""size"": [""59796536""], ""label"": [""00000108.tif""], ""width"": [""3680""], ""bounds"": [], ""height"": [""5411""], ""checksum"": [{""id"": null, ""md5"": ""4108a46b1682686507b43411ff5eee55"", ""sha1"": ""32b375fc2188ca8e92ac5ae82b63d61d1e892612"", ""sha256"": ""6fe939a3997af4047f896853b923065cae52be70368c9088ebd4e3c901f8b01b"", ""created_at"": null, ""new_record"": true, ""updated_at"": null, ""internal_resource"": ""MultiChecksum""}], ""duration"": [], ""geometry"": [], ""producer"": [], ""software"": [], ""mime_type"": [""image/tiff""], ""change_set"": null, ""created_at"": ""2026-09-29T21:01:54+00:00"", ""edit_users"": [], ""new_record"": true, ""page_count"": null, ""read_users"": [], ""updated_at"": ""2026-09-29T21:01:54+00:00"", ""edit_groups"": [], ""read_groups"": [], ""camera_model"": [], ""x_resolution"": [], ""y_resolution"": [], ""error_message"": [], ""bits_per_sample"": [], ""processing_note"": [], ""caption_language"": [], ""file_identifiers"": [{""id"": ""disk:///opt/repository/files/cf/dc/f3/cfdcf3f8a9644fcabe2317c79c55831b/00000108.tif""}], ""internal_resource"": ""FileMetadata"", ""original_filename"": [""00000108.tif""], ""source_media_type"": [], ""date_of_digitization"": [], ""preservation_copy_of_id"": null, ""original_language_caption"": null}, {""id"": {""id"": ""10558b7c-3d08-4a55-8a4f-546d618fdd42""}, ""use"": [{""@id"": ""http://pcdm.org/use#ServiceFile""}], ""size"": [], ""label"": [""intermediate_file.tif""], ""width"": [], ""bounds"": [], ""height"": [], ""checksum"": [], ""duration"": [], ""geometry"": [], ""producer"": [], ""software"": [], ""mime_type"": [""image/tiff""], ""change_set"": null, ""created_at"": ""2026-09-29T21:04:26+00:00"", ""edit_users"": [], ""new_record"": true, ""page_count"": null, ""read_users"": [], ""updated_at"": ""2026-09-29T21:04:26+00:00"", ""edit_groups"": [], ""read_groups"": [], ""camera_model"": [], ""x_resolution"": [], ""y_resolution"": [], ""error_message"": [], ""bits_per_sample"": [], ""processing_note"": [], ""caption_language"": [], ""file_identifiers"": [{""id"": ""pyramidal-derivatives-shrine://10/55/8b/10558b7c3d084a558a4f546d618fdd42/intermediate_file.tif""}], ""internal_resource"": ""FileMetadata"", ""original_filename"": [""intermediate_file.tif""], ""source_media_type"": [], ""date_of_digitization"": [], ""preservation_copy_of_id"": null, ""original_language_caption"": null}], ""service_targets"": [], ""cached_parent_id"": [{""id"": ""b7f6f438-4363-4003-8b74-779b5e31f210""}], ""processing_status"": [""processed""], ""optimistic_lock_token"": [{""token"": ""3"", ""adapter_id"": {""id"": ""746f06acf4d573bebd8c8a500b398589""}}]}",2026-09-29 21:02:09.055822,2026-09-30 13:41:27.918699,FileSet,4
1e0cf0d0-a16d-4390-be03-5de119876e2b,"{""part"": [], ""side"": [], ""title"": [""00000109.tif""], ""barcode"": [], ""edit_users"": [], ""highlights"": [], ""member_ids"": [], ""read_users"": [], ""edit_groups"": [], ""read_groups"": [""public""], ""file_metadata"": [{""id"": {""id"": ""0d82048a-6737-4f35-a7d2-a695f4c00eec""}, ""use"": [{""@id"": ""http://pcdm.org/use#OriginalFile""}], ""size"": [""54695098""], ""label"": [""00000109.tif""], ""width"": [""3461""], ""bounds"": [], ""height"": [""5262""], ""checksum"": [{""id"": null, ""md5"": ""629465b438ab4ad2b0b395114e9c029a"", ""sha1"": ""b0a79ac55f1a987e6a80214a8395fc0efdee0933"", ""sha256"": ""b301ca1f20c14347b5c7941f609bc1bce2d332bd55782574311e75e9a29671d4"", ""created_at"": null, ""new_record"": true, ""updated_at"": null, ""internal_resource"": ""MultiChecksum""}], ""duration"": [], ""geometry"": [], ""producer"": [], ""software"": [], ""mime_type"": [""image/tiff""], ""change_set"": null, ""created_at"": ""2026-09-29T21:01:58+00:00"", ""edit_users"": [], ""new_record"": true, ""page_count"": null, ""read_users"": [], ""updated_at"": ""2026-09-29T21:01:58+00:00"", ""edit_groups"": [], ""read_groups"": [], ""camera_model"": [], ""x_resolution"": [], ""y_resolution"": [], ""error_message"": [], ""bits_per_sample"": [], ""processing_note"": [], ""caption_language"": [], ""file_identifiers"": [{""id"": ""disk:///opt/repository/files/0d/82/04/0d82048a67374f35a7d2a695f4c00eec/00000109.tif""}], ""internal_resource"": ""FileMetadata"", ""original_filename"": [""00000109.tif""], ""source_media_type"": [], ""date_of_digitization"": [], ""preservation_copy_of_id"": null, ""original_language_caption"": null}, {""id"": {""id"": ""db53807a-a3a0-4225-8a3c-aa7ff810daed""}, ""use"": [{""@id"": ""http://pcdm.org/use#ServiceFile""}], ""size"": [], ""label"": [""intermediate_file.tif""], ""width"": [], ""bounds"": [], ""height"": [], ""checksum"": [], ""duration"": [], ""geometry"": [], ""producer"": [], ""software"": [], ""mime_type"": [""image/tiff""], ""change_set"": null, ""created_at"": ""2026-09-29T21:04:08+00:00"", ""edit_users"": [], ""new_record"": true, ""page_count"": null, ""read_users"": [], ""updated_at"": ""2026-09-29T21:04:08+00:00"", ""edit_groups"": [], ""read_groups"": [], ""camera_model"": [], ""x_resolution"": [], ""y_resolution"": [], ""error_message"": [], ""bits_per_sample"": [], ""processing_note"": [], ""caption_language"": [], ""file_identifiers"": [{""id"": ""pyramidal-derivatives-shrine://db/53/80/db53807aa3a042258a3caa7ff810daed/intermediate_file.tif""}], ""internal_resource"": ""FileMetadata"", ""original_filename"": [""intermediate_file.tif""], ""source_media_type"": [], ""date_of_digitization"": [], ""preservation_copy_of_id"": null, ""original_language_caption"": null}], ""service_targets"": [], ""cached_parent_id"": [{""id"": ""b7f6f438-4363-4003-8b74-779b5e31f210""}], ""processing_status"": [""processed""], ""optimistic_lock_token"": [{""token"": ""3"", ""adapter_id"": {""id"": ""746f06acf4d573bebd8c8a500b398589""}}]}",2026-09-29 21:02:09.059655,2026-09-30 13:41:27.934436,FileSet,4
4b9fdea6-4cf0-443d-832c-c4afa33f842d,"{""part"": [], ""side"": [], ""title"": [""00000110.tif""], ""barcode"": [], ""edit_users"": [], ""highlights"": [], ""member_ids"": [], ""read_users"": [], ""edit_groups"": [], ""read_groups"": [""public""], ""file_metadata"": [{""id"": {""id"": ""363dc198-a5da-4837-a117-a0c4655bbc84""}, ""use"": [{""@id"": ""http://pcdm.org/use#OriginalFile""}], ""size"": [""59796536""], ""label"": [""00000110.tif""], ""width"": [""3680""], ""bounds"": [], ""height"": [""5411""], ""checksum"": [{""id"": null, ""md5"": ""5e8a77498f4b199b85df5b87ff5bb7b4"", ""sha1"": ""5bb434ad2dd753807219da5c581a32faa7087f5b"", ""sha256"": ""1568606f5cda6880ff9873551a2475a9a14803385e0d15a6e01c4e6ca802eca2"", ""created_at"": null, ""new_record"": true, ""updated_at"": null, ""internal_resource"": ""MultiChecksum""}], ""duration"": [], ""geometry"": [], ""producer"": [], ""software"": [], ""mime_type"": [""image/tiff""], ""change_set"": null, ""created_at"": ""2026-09-29T21:02:04+00:00"", ""edit_users"": [], ""new_record"": true, ""page_count"": null, ""read_users"": [], ""updated_at"": ""2026-09-29T21:02:04+00:00"", ""edit_groups"": [], ""read_groups"": [], ""camera_model"": [], ""x_resolution"": [], ""y_resolution"": [], ""error_message"": [], ""bits_per_sample"": [], ""processing_note"": [], ""caption_language"": [], ""file_identifiers"": [{""id"": ""disk:///opt/repository/files/36/3d/c1/363dc198a5da4837a117a0c4655bbc84/00000110.tif""}], ""internal_resource"": ""FileMetadata"", ""original_filename"": [""00000110.tif""], ""source_media_type"": [], ""date_of_digitization"": [], ""preservation_copy_of_id"": null, ""original_language_caption"": null}, {""id"": {""id"": ""5c805db9-8501-4b33-9411-15e69c342bfc""}, ""use"": [{""@id"": ""http://pcdm.org/use#ServiceFile""}], ""size"": [], ""label"": [""intermediate_file.tif""], ""width"": [], ""bounds"": [], ""height"": [], ""checksum"": [], ""duration"": [], ""geometry"": [], ""producer"": [], ""software"": [], ""mime_type"": [""image/tiff""], ""change_set"": null, ""created_at"": ""2026-09-29T21:02:59+00:00"", ""edit_users"": [], ""new_record"": true, ""page_count"": null, ""read_users"": [], ""updated_at"": ""2026-09-29T21:02:59+00:00"", ""edit_groups"": [], ""read_groups"": [], ""camera_model"": [], ""x_resolution"": [], ""y_resolution"": [], ""error_message"": [], ""bits_per_sample"": [], ""processing_note"": [], ""caption_language"": [], ""file_identifiers"": [{""id"": ""pyramidal-derivatives-shrine://5c/80/5d/5c805db985014b33941115e69c342bfc/intermediate_file.tif""}], ""internal_resource"": ""FileMetadata"", ""original_filename"": [""intermediate_file.tif""], ""source_media_type"": [], ""date_of_digitization"": [], ""preservation_copy_of_id"": null, ""original_language_caption"": null}], ""service_targets"": [], ""cached_parent_id"": [{""id"": ""b7f6f438-4363-4003-8b74-779b5e31f210""}], ""processing_status"": [""processed""], ""optimistic_lock_token"": [{""token"": ""3"", ""adapter_id"": {""id"": ""746f06acf4d573bebd8c8a500b398589""}}]}",2026-09-29 21:02:09.064278,2026-09-30 13:41:27.950695,FileSet,4
3f5f0c05-e2df-4fb1-968c-b5eb19958176,"{""part"": [], ""side"": [], ""title"": [""00000111.tif""], ""barcode"": [], ""edit_users"": [], ""highlights"": [], ""member_ids"": [], ""read_users"": [], ""edit_groups"": [], ""read_groups"": [""public""], ""file_metadata"": [{""id"": {""id"": ""8b85d9a9-a3b0-4381-9784-6813cf88c41d""}, ""use"": [{""@id"": ""http://pcdm.org/use#OriginalFile""}], ""size"": [""54695098""], ""label"": [""00000111.tif""], ""width"": [""3461""], ""bounds"": [], ""height"": [""5262""], ""checksum"": [{""id"": null, ""md5"": ""1d6eecba2b0b595b158bf7fcd27b6c8c"", ""sha1"": ""e196a4a05ddd880e1f89c56be1fd504af9c4a0d5"", ""sha256"": ""80b447c65a374a149a3d6eb83cd3eadc1a1f3d0f4c5b462c3963a82e62073ccc"", ""created_at"": null, ""new_record"": true, ""updated_at"": null, ""internal_resource"": ""MultiChecksum""}], ""duration"": [], ""geometry"": [], ""producer"": [], ""software"": [], ""mime_type"": [""image/tiff""], ""change_set"": null, ""created_at"": ""2026-09-29T21:02:09+00:00"", ""edit_users"": [], ""new_record"": true, ""page_count"": null, ""read_users"": [], ""updated_at"": ""2026-09-29T21:02:09+00:00"", ""edit_groups"": [], ""read_groups"": [], ""camera_model"": [], ""x_resolution"": [], ""y_resolution"": [], ""error_message"": [], ""bits_per_sample"": [], ""processing_note"": [], ""caption_language"": [], ""file_identifiers"": [{""id"": ""disk:///opt/repository/files/8b/85/d9/8b85d9a9a3b0438197846813cf88c41d/00000111.tif""}], ""internal_resource"": ""FileMetadata"", ""original_filename"": [""00000111.tif""], ""source_media_type"": [], ""date_of_digitization"": [], ""preservation_copy_of_id"": null, ""original_language_caption"": null}, {""id"": {""id"": ""408b1675-e5d5-4c5f-b2fa-857630e6bc2b""}, ""use"": [{""@id"": ""http://pcdm.org/use#ServiceFile""}], ""size"": [], ""label"": [""intermediate_file.tif""], ""width"": [], ""bounds"": [], ""height"": [], ""checksum"": [], ""duration"": [], ""geometry"": [], ""producer"": [], ""software"": [], ""mime_type"": [""image/tiff""], ""change_set"": null, ""created_at"": ""2026-09-29T21:03:30+00:00"", ""edit_users"": [], ""new_record"": true, ""page_count"": null, ""read_users"": [], ""updated_at"": ""2026-09-29T21:03:30+00:00"", ""edit_groups"": [], ""read_groups"": [], ""camera_model"": [], ""x_resolution"": [], ""y_resolution"": [], ""error_message"": [], ""bits_per_sample"": [], ""processing_note"": [], ""caption_language"": [], ""file_identifiers"": [{""id"": ""pyramidal-derivatives-shrine://40/8b/16/408b1675e5d54c5fb2fa857630e6bc2b/intermediate_file.tif""}], ""internal_resource"": ""FileMetadata"", ""original_filename"": [""intermediate_file.tif""], ""source_media_type"": [], ""date_of_digitization"": [], ""preservation_copy_of_id"": null, ""original_language_caption"": null}], ""service_targets"": [], ""cached_parent_id"": [{""id"": ""b7f6f438-4363-4003-8b74-779b5e31f210""}], ""processing_status"": [""processed""], ""optimistic_lock_token"": [{""token"": ""3"", ""adapter_id"": {""id"": ""746f06acf4d573bebd8c8a500b398589""}}]}",2026-09-29 21:02:57.35064,2026-09-30 13:41:27.967351,FileSet,4
4e292802-4351-40a4-b443-8fb6ee97e0d0,"{""part"": [], ""side"": [], ""title"": [""00000112.tif""], ""barcode"": [], ""edit_users"": [], ""highlights"": [], ""member_ids"": [], ""read_users"": [], ""edit_groups"": [], ""read_groups"": [""public""], ""file_metadata"": [{""id"": {""id"": ""fe6afed3-462b-4b73-94a0-db6f57800ce9""}, ""use"": [{""@id"": ""http://pcdm.org/use#OriginalFile""}], ""size"": [""59796536""], ""label"": [""00000112.tif""], ""width"": [""3680""], ""bounds"": [], ""height"": [""5411""], ""checksum"": [{""id"": null, ""md5"": ""50c1293e0249bd8804939607549b1453"", ""sha1"": ""b479a33eaa307c654257b80b392a783c159604d7"", ""sha256"": ""1724d4630990f3672757abdda18f8bba77c7fae3926c50d7e9382f620fe8d952"", ""created_at"": null, ""new_record"": true, ""updated_at"": null, ""internal_resource"": ""MultiChecksum""}], ""duration"": [], ""geometry"": [], ""producer"": [], ""software"": [], ""mime_type"": [""image/tiff""], ""change_set"": null, ""created_at"": ""2026-09-29T21:02:12+00:00"", ""edit_users"": [], ""new_record"": true, ""page_count"": null, ""read_users"": [], ""updated_at"": ""2026-09-29T21:02:12+00:00"", ""edit_groups"": [], ""read_groups"": [], ""camera_model"": [], ""x_resolution"": [], ""y_resolution"": [], ""error_message"": [], ""bits_per_sample"": [], ""processing_note"": [], ""caption_language"": [], ""file_identifiers"": [{""id"": ""disk:///opt/repository/files/fe/6a/fe/fe6afed3462b4b7394a0db6f57800ce9/00000112.tif""}], ""internal_resource"": ""FileMetadata"", ""original_filename"": [""00000112.tif""], ""source_media_type"": [], ""date_of_digitization"": [], ""preservation_copy_of_id"": null, ""original_language_caption"": null}, {""id"": {""id"": ""e5f3a6b0-b4cd-4473-bcfe-34ddbb755dd5""}, ""use"": [{""@id"": ""http://pcdm.org/use#ServiceFile""}], ""size"": [], ""label"": [""intermediate_file.tif""], ""width"": [], ""bounds"": [], ""height"": [], ""checksum"": [], ""duration"": [], ""geometry"": [], ""producer"": [], ""software"": [], ""mime_type"": [""image/tiff""], ""change_set"": null, ""created_at"": ""2026-09-29T21:04:46+00:00"", ""edit_users"": [], ""new_record"": true, ""page_count"": null, ""read_users"": [], ""updated_at"": ""2026-09-29T21:04:46+00:00"", ""edit_groups"": [], ""read_groups"": [], ""camera_model"": [], ""x_resolution"": [], ""y_resolution"": [], ""error_message"": [], ""bits_per_sample"": [], ""processing_note"": [], ""caption_language"": [], ""file_identifiers"": [{""id"": ""pyramidal-derivatives-shrine://e5/f3/a6/e5f3a6b0b4cd4473bcfe34ddbb755dd5/intermediate_file.tif""}], ""internal_resource"": ""FileMetadata"", ""original_filename"": [""intermediate_file.tif""], ""source_media_type"": [], ""date_of_digitization"": [], ""preservation_copy_of_id"": null, ""original_language_caption"": null}], ""service_targets"": [], ""cached_parent_id"": [{""id"": ""b7f6f438-4363-4003-8b74-779b5e31f210""}], ""processing_status"": [""processed""], ""optimistic_lock_token"": [{""token"": ""3"", ""adapter_id"": {""id"": ""746f06acf4d573bebd8c8a500b398589""}}]}",2026-09-29 21:02:57.357811,2026-09-30 13:41:27.983103,FileSet,4
4f0f59be-173b-42fe-9f8d-d8808238c112,"{""part"": [], ""side"": [], ""title"": [""00000113.tif""], ""barcode"": [], ""edit_users"": [], ""highlights"": [], ""member_ids"": [], ""read_users"": [], ""edit_groups"": [], ""read_groups"": [""public""], ""file_metadata"": [{""id"": {""id"": ""4a5fcb1b-0254-4a10-903b-ca00fdaff040""}, ""use"": [{""@id"": ""http://pcdm.org/use#OriginalFile""}], ""size"": [""54695098""], ""label"": [""00000113.tif""], ""width"": [""3461""], ""bounds"": [], ""height"": [""5262""], ""checksum"": [{""id"": null, ""md5"": ""a2d309405b411c724bbaf476cd39b09d"", ""sha1"": ""4735e827783cc5672438d3709580f9916fb03360"", ""sha256"": ""ecbb2f2c5e38855e968ff11214eb2f75ef973f22f6ef8b417f1e4c3b80a048bc"", ""created_at"": null, ""new_record"": true, ""updated_at"": null, ""internal_resource"": ""MultiChecksum""}], ""duration"": [], ""geometry"": [], ""producer"": [], ""software"": [], ""mime_type"": [""image/tiff""], ""change_set"": null, ""created_at"": ""2026-09-29T21:02:16+00:00"", ""edit_users"": [], ""new_record"": true, ""page_count"": null, ""read_users"": [], ""updated_at"": ""2026-09-29T21:02:16+00:00"", ""edit_groups"": [], ""read_groups"": [], ""camera_model"": [], ""x_resolution"": [], ""y_resolution"": [], ""error_message"": [], ""bits_per_sample"": [], ""processing_note"": [], ""caption_language"": [], ""file_identifiers"": [{""id"": ""disk:///opt/repository/files/4a/5f/cb/4a5fcb1b02544a10903bca00fdaff040/00000113.tif""}], ""internal_resource"": ""FileMetadata"", ""original_filename"": [""00000113.tif""], ""source_media_type"": [], ""date_of_digitization"": [], ""preservation_copy_of_id"": null, ""original_language_caption"": null}, {""id"": {""id"": ""afcf2ca0-ee4e-42f3-bd21-623fee00e0d8""}, ""use"": [{""@id"": ""http://pcdm.org/use#ServiceFile""}], ""size"": [], ""label"": [""intermediate_file.tif""], ""width"": [], ""bounds"": [], ""height"": [], ""checksum"": [], ""duration"": [], ""geometry"": [], ""producer"": [], ""software"": [], ""mime_type"": [""image/tiff""], ""change_set"": null, ""created_at"": ""2026-09-29T21:03:30+00:00"", ""edit_users"": [], ""new_record"": true, ""page_count"": null, ""read_users"": [], ""updated_at"": ""2026-09-29T21:03:30+00:00"", ""edit_groups"": [], ""read_groups"": [], ""camera_model"": [], ""x_resolution"": [], ""y_resolution"": [], ""error_message"": [], ""bits_per_sample"": [], ""processing_note"": [], ""caption_language"": [], ""file_identifiers"": [{""id"": ""pyramidal-derivatives-shrine://af/cf/2c/afcf2ca0ee4e42f3bd21623fee00e0d8/intermediate_file.tif""}], ""internal_resource"": ""FileMetadata"", ""original_filename"": [""intermediate_file.tif""], ""source_media_type"": [], ""date_of_digitization"": [], ""preservation_copy_of_id"": null, ""original_language_caption"": null}], ""service_targets"": [], ""cached_parent_id"": [{""id"": ""b7f6f438-4363-4003-8b74-779b5e31f210""}], ""processing_status"": [""processed""], ""optimistic_lock_token"": [{""token"": ""3"", ""adapter_id"": {""id"": ""746f06acf4d573bebd8c8a500b398589""}}]}",2026-09-29 21:02:57.364461,2026-09-30 13:41:27.998844,FileSet,4
e179f23f-e718-4162-b7fb-04b9aabde1c6,"{""part"": [], ""side"": [], ""title"": [""00000114.tif""], ""barcode"": [], ""edit_users"": [], ""highlights"": [], ""member_ids"": [], ""read_users"": [], ""edit_groups"": [], ""read_groups"": [""public""], ""file_metadata"": [{""id"": {""id"": ""45450151-7e38-436f-b4dc-0ec927443a3d""}, ""use"": [{""@id"": ""http://pcdm.org/use#OriginalFile""}], ""size"": [""59796536""], ""label"": [""00000114.tif""], ""width"": [""3680""], ""bounds"": [], ""height"": [""5411""], ""checksum"": [{""id"": null, ""md5"": ""71d3da67339943828edf9fdc82417f44"", ""sha1"": ""7fbd862910093f07803f3aa743db382209f3690d"", ""sha256"": ""f5b7d031cf6289eab234b638e99e2d1d0908f4b93e760561827cf79988548e75"", ""created_at"": null, ""new_record"": true, ""updated_at"": null, ""internal_resource"": ""MultiChecksum""}], ""duration"": [], ""geometry"": [], ""producer"": [], ""software"": [], ""mime_type"": [""image/tiff""], ""change_set"": null, ""created_at"": ""2026-09-29T21:02:22+00:00"", ""edit_users"": [], ""new_record"": true, ""page_count"": null, ""read_users"": [], ""updated_at"": ""2026-09-29T21:02:22+00:00"", ""edit_groups"": [], ""read_groups"": [], ""camera_model"": [], ""x_resolution"": [], ""y_resolution"": [], ""error_message"": [], ""bits_per_sample"": [], ""processing_note"": [], ""caption_language"": [], ""file_identifiers"": [{""id"": ""disk:///opt/repository/files/45/45/01/454501517e38436fb4dc0ec927443a3d/00000114.tif""}], ""internal_resource"": ""FileMetadata"", ""original_filename"": [""00000114.tif""], ""source_media_type"": [], ""date_of_digitization"": [], ""preservation_copy_of_id"": null, ""original_language_caption"": null}, {""id"": {""id"": ""e2676bb9-665f-4db0-b528-2bbfa3ec911a""}, ""use"": [{""@id"": ""http://pcdm.org/use#ServiceFile""}], ""size"": [], ""label"": [""intermediate_file.tif""], ""width"": [], ""bounds"": [], ""height"": [], ""checksum"": [], ""duration"": [], ""geometry"": [], ""producer"": [], ""software"": [], ""mime_type"": [""image/tiff""], ""change_set"": null, ""created_at"": ""2026-09-29T21:04:44+00:00"", ""edit_users"": [], ""new_record"": true, ""page_count"": null, ""read_users"": [], ""updated_at"": ""2026-09-29T21:04:44+00:00"", ""edit_groups"": [], ""read_groups"": [], ""camera_model"": [], ""x_resolution"": [], ""y_resolution"": [], ""error_message"": [], ""bits_per_sample"": [], ""processing_note"": [], ""caption_language"": [], ""file_identifiers"": [{""id"": ""pyramidal-derivatives-shrine://e2/67/6b/e2676bb9665f4db0b5282bbfa3ec911a/intermediate_file.tif""}], ""internal_resource"": ""FileMetadata"", ""original_filename"": [""intermediate_file.tif""], ""source_media_type"": [], ""date_of_digitization"": [], ""preservation_copy_of_id"": null, ""original_language_caption"": null}], ""service_targets"": [], ""cached_parent_id"": [{""id"": ""b7f6f438-4363-4003-8b74-779b5e31f210""}], ""processing_status"": [""processed""], ""optimistic_lock_token"": [{""token"": ""3"", ""adapter_id"": {""id"": ""746f06acf4d573bebd8c8a500b398589""}}]}",2026-09-29 21:02:57.372439,2026-09-30 13:41:28.012755,FileSet,4
113af225-28f0-46ec-a41b-c4b73f312dcd,"{""part"": [], ""side"": [], ""title"": [""00000115.tif""], ""barcode"": [], ""edit_users"": [], ""highlights"": [], ""member_ids"": [], ""read_users"": [], ""edit_groups"": [], ""read_groups"": [""public""], ""file_metadata"": [{""id"": {""id"": ""d713c6f1-59e5-4b52-9e04-3095da9eab99""}, ""use"": [{""@id"": ""http://pcdm.org/use#OriginalFile""}], ""size"": [""54695098""], ""label"": [""00000115.tif""], ""width"": [""3461""], ""bounds"": [], ""height"": [""5262""], ""checksum"": [{""id"": null, ""md5"": ""bbb6b4c7866c748dff3723c017e4cbb4"", ""sha1"": ""029d747b5ec14368b7d17e0e30eb627fcfca25ff"", ""sha256"": ""ba5f811b5b30d6ce922a062f0574b716872161257be31ba8807e77a5aba37f3c"", ""created_at"": null, ""new_record"": true, ""updated_at"": null, ""internal_resource"": ""MultiChecksum""}], ""duration"": [], ""geometry"": [], ""producer"": [], ""software"": [], ""mime_type"": [""image/tiff""], ""change_set"": null, ""created_at"": ""2026-09-29T21:02:27+00:00"", ""edit_users"": [], ""new_record"": true, ""page_count"": null, ""read_users"": [], ""updated_at"": ""2026-09-29T21:02:27+00:00"", ""edit_groups"": [], ""read_groups"": [], ""camera_model"": [], ""x_resolution"": [], ""y_resolution"": [], ""error_message"": [], ""bits_per_sample"": [], ""processing_note"": [], ""caption_language"": [], ""file_identifiers"": [{""id"": ""disk:///opt/repository/files/d7/13/c6/d713c6f159e54b529e043095da9eab99/00000115.tif""}], ""internal_resource"": ""FileMetadata"", ""original_filename"": [""00000115.tif""], ""source_media_type"": [], ""date_of_digitization"": [], ""preservation_copy_of_id"": null, ""original_language_caption"": null}, {""id"": {""id"": ""d64b3b54-89db-42fd-ac6b-d771f11d6fc5""}, ""use"": [{""@id"": ""http://pcdm.org/use#ServiceFile""}], ""size"": [], ""label"": [""intermediate_file.tif""], ""width"": [], ""bounds"": [], ""height"": [], ""checksum"": [], ""duration"": [], ""geometry"": [], ""producer"": [], ""software"": [], ""mime_type"": [""image/tiff""], ""change_set"": null, ""created_at"": ""2026-09-29T21:03:29+00:00"", ""edit_users"": [], ""new_record"": true, ""page_count"": null, ""read_users"": [], ""updated_at"": ""2026-09-29T21:03:29+00:00"", ""edit_groups"": [], ""read_groups"": [], ""camera_model"": [], ""x_resolution"": [], ""y_resolution"": [], ""error_message"": [], ""bits_per_sample"": [], ""processing_note"": [], ""caption_language"": [], ""file_identifiers"": [{""id"": ""pyramidal-derivatives-shrine://d6/4b/3b/d64b3b5489db42fdac6bd771f11d6fc5/intermediate_file.tif""}], ""internal_resource"": ""FileMetadata"", ""original_filename"": [""intermediate_file.tif""], ""source_media_type"": [], ""date_of_digitization"": [], ""preservation_copy_of_id"": null, ""original_language_caption"": null}], ""service_targets"": [], ""cached_parent_id"": [{""id"": ""b7f6f438-4363-4003-8b74-779b5e31f210""}], ""processing_status"": [""processed""], ""optimistic_lock_token"": [{""token"": ""3"", ""adapter_id"": {""id"": ""746f06acf4d573bebd8c8a500b398589""}}]}",2026-09-29 21:02:57.378409,2026-09-30 13:41:28.030925,FileSet,4
03820944-b187-4b3f-9ff6-672589e903f5,"{""part"": [], ""side"": [], ""title"": [""00000116.tif""], ""barcode"": [], ""edit_users"": [], ""highlights"": [], ""member_ids"": [], ""read_users"": [], ""edit_groups"": [], ""read_groups"": [""public""], ""file_metadata"": [{""id"": {""id"": ""1dd5272a-b6d9-40f0-8fe1-d1be51a8e11c""}, ""use"": [{""@id"": ""http://pcdm.org/use#OriginalFile""}], ""size"": [""59796536""], ""label"": [""00000116.tif""], ""width"": [""3680""], ""bounds"": [], ""height"": [""5411""], ""checksum"": [{""id"": null, ""md5"": ""3a0ce8d2646c79541902a33cd3d2313e"", ""sha1"": ""e10b45bd8270c9fb2fc68d0d90fa1dbf841fff6f"", ""sha256"": ""fa1cc255da3066cfa0641d62568a521311329db64f351d5696dfd7fbb92b24f7"", ""created_at"": null, ""new_record"": true, ""updated_at"": null, ""internal_resource"": ""MultiChecksum""}], ""duration"": [], ""geometry"": [], ""producer"": [], ""software"": [], ""mime_type"": [""image/tiff""], ""change_set"": null, ""created_at"": ""2026-09-29T21:02:32+00:00"", ""edit_users"": [], ""new_record"": true, ""page_count"": null, ""read_users"": [], ""updated_at"": ""2026-09-29T21:02:32+00:00"", ""edit_groups"": [], ""read_groups"": [], ""camera_model"": [], ""x_resolution"": [], ""y_resolution"": [], ""error_message"": [], ""bits_per_sample"": [], ""processing_note"": [], ""caption_language"": [], ""file_identifiers"": [{""id"": ""disk:///opt/repository/files/1d/d5/27/1dd5272ab6d940f08fe1d1be51a8e11c/00000116.tif""}], ""internal_resource"": ""FileMetadata"", ""original_filename"": [""00000116.tif""], ""source_media_type"": [], ""date_of_digitization"": [], ""preservation_copy_of_id"": null, ""original_language_caption"": null}, {""id"": {""id"": ""bb0673b5-1eda-47fe-a23a-0c96e795b8bf""}, ""use"": [{""@id"": ""http://pcdm.org/use#ServiceFile""}], ""size"": [], ""label"": [""intermediate_file.tif""], ""width"": [], ""bounds"": [], ""height"": [], ""checksum"": [], ""duration"": [], ""geometry"": [], ""producer"": [], ""software"": [], ""mime_type"": [""image/tiff""], ""change_set"": null, ""created_at"": ""2026-09-29T21:03:33+00:00"", ""edit_users"": [], ""new_record"": true, ""page_count"": null, ""read_users"": [], ""updated_at"": ""2026-09-29T21:03:33+00:00"", ""edit_groups"": [], ""read_groups"": [], ""camera_model"": [], ""x_resolution"": [], ""y_resolution"": [], ""error_message"": [], ""bits_per_sample"": [], ""processing_note"": [], ""caption_language"": [], ""file_identifiers"": [{""id"": ""pyramidal-derivatives-shrine://bb/06/73/bb0673b51eda47fea23a0c96e795b8bf/intermediate_file.tif""}], ""internal_resource"": ""FileMetadata"", ""original_filename"": [""intermediate_file.tif""], ""source_media_type"": [], ""date_of_digitization"": [], ""preservation_copy_of_id"": null, ""original_language_caption"": null}], ""service_targets"": [], ""cached_parent_id"": [{""id"": ""b7f6f438-4363-4003-8b74-779b5e31f210""}], ""processing_status"": [""processed""], ""optimistic_lock_token"": [{""token"": ""3"", ""adapter_id"": {""id"": ""746f06acf4d573bebd8c8a500b398589""}}]}",2026-09-29 21:02:57.385219,2026-09-30 13:41:28.045384,FileSet,4
cc51b6c9-8b9b-4345-9e47-c56d1cd1bd48,"{""part"": [], ""side"": [], ""title"": [""00000117.tif""], ""barcode"": [], ""edit_users"": [], ""highlights"": [], ""member_ids"": [], ""read_users"": [], ""edit_groups"": [], ""read_groups"": [""public""], ""file_metadata"": [{""id"": {""id"": ""72100cff-d602-4e72-9753-cda3c59882d0""}, ""use"": [{""@id"": ""http://pcdm.org/use#OriginalFile""}], ""size"": [""54695098""], ""label"": [""00000117.tif""], ""width"": [""3461""], ""bounds"": [], ""height"": [""5262""], ""checksum"": [{""id"": null, ""md5"": ""a608664f896496ba9c69ca92ae6fe457"", ""sha1"": ""ebe606e313d77cd1f65d9fd7d519f56a27ee585f"", ""sha256"": ""77f453c7bc817ab8517ecab19b50f72c946ea58067f341b4c2b0928fa58c4b98"", ""created_at"": null, ""new_record"": true, ""updated_at"": null, ""internal_resource"": ""MultiChecksum""}], ""duration"": [], ""geometry"": [], ""producer"": [], ""software"": [], ""mime_type"": [""image/tiff""], ""change_set"": null, ""created_at"": ""2026-09-29T21:02:37+00:00"", ""edit_users"": [], ""new_record"": true, ""page_count"": null, ""read_users"": [], ""updated_at"": ""2026-09-29T21:02:37+00:00"", ""edit_groups"": [], ""read_groups"": [], ""camera_model"": [], ""x_resolution"": [], ""y_resolution"": [], ""error_message"": [], ""bits_per_sample"": [], ""processing_note"": [], ""caption_language"": [], ""file_identifiers"": [{""id"": ""disk:///opt/repository/files/72/10/0c/72100cffd6024e729753cda3c59882d0/00000117.tif""}], ""internal_resource"": ""FileMetadata"", ""original_filename"": [""00000117.tif""], ""source_media_type"": [], ""date_of_digitization"": [], ""preservation_copy_of_id"": null, ""original_language_caption"": null}, {""id"": {""id"": ""f1e3325b-4cb2-4b2c-9b1b-df063cbea8c1""}, ""use"": [{""@id"": ""http://pcdm.org/use#ServiceFile""}], ""size"": [], ""label"": [""intermediate_file.tif""], ""width"": [], ""bounds"": [], ""height"": [], ""checksum"": [], ""duration"": [], ""geometry"": [], ""producer"": [], ""software"": [], ""mime_type"": [""image/tiff""], ""change_set"": null, ""created_at"": ""2026-09-29T21:04:36+00:00"", ""edit_users"": [], ""new_record"": true, ""page_count"": null, ""read_users"": [], ""updated_at"": ""2026-09-29T21:04:36+00:00"", ""edit_groups"": [], ""read_groups"": [], ""camera_model"": [], ""x_resolution"": [], ""y_resolution"": [], ""error_message"": [], ""bits_per_sample"": [], ""processing_note"": [], ""caption_language"": [], ""file_identifiers"": [{""id"": ""pyramidal-derivatives-shrine://f1/e3/32/f1e3325b4cb24b2c9b1bdf063cbea8c1/intermediate_file.tif""}], ""internal_resource"": ""FileMetadata"", ""original_filename"": [""intermediate_file.tif""], ""source_media_type"": [], ""date_of_digitization"": [], ""preservation_copy_of_id"": null, ""original_language_caption"": null}], ""service_targets"": [], ""cached_parent_id"": [{""id"": ""b7f6f438-4363-4003-8b74-779b5e31f210""}], ""processing_status"": [""processed""], ""optimistic_lock_token"": [{""token"": ""3"", ""adapter_id"": {""id"": ""746f06acf4d573bebd8c8a500b398589""}}]}",2026-09-29 21:02:57.391307,2026-09-30 13:41:28.059463,FileSet,4
c2e0e3b1-51f4-4584-99eb-d7ec8d3cf9a4,"{""part"": [], ""side"": [], ""title"": [""00000118.tif""], ""barcode"": [], ""edit_users"": [], ""highlights"": [], ""member_ids"": [], ""read_users"": [], ""edit_groups"": [], ""read_groups"": [""public""], ""file_metadata"": [{""id"": {""id"": ""bcfc7c44-3c63-43d6-8280-f46bee2e64f4""}, ""use"": [{""@id"": ""http://pcdm.org/use#OriginalFile""}], ""size"": [""59796536""], ""label"": [""00000118.tif""], ""width"": [""3680""], ""bounds"": [], ""height"": [""5411""], ""checksum"": [{""id"": null, ""md5"": ""71703a424952981d6f9969bedad20a0b"", ""sha1"": ""cacc372e1debedd05ff4f45422e8f9154b1c0d3d"", ""sha256"": ""b76374f4ac71a8095b11acce8f09f1dca90fb057e4b1491582cd16ac39ae2592"", ""created_at"": null, ""new_record"": true, ""updated_at"": null, ""internal_resource"": ""MultiChecksum""}], ""duration"": [], ""geometry"": [], ""producer"": [], ""software"": [], ""mime_type"": [""image/tiff""], ""change_set"": null, ""created_at"": ""2026-09-29T21:02:42+00:00"", ""edit_users"": [], ""new_record"": true, ""page_count"": null, ""read_users"": [], ""updated_at"": ""2026-09-29T21:02:42+00:00"", ""edit_groups"": [], ""read_groups"": [], ""camera_model"": [], ""x_resolution"": [], ""y_resolution"": [], ""error_message"": [], ""bits_per_sample"": [], ""processing_note"": [], ""caption_language"": [], ""file_identifiers"": [{""id"": ""disk:///opt/repository/files/bc/fc/7c/bcfc7c443c6343d68280f46bee2e64f4/00000118.tif""}], ""internal_resource"": ""FileMetadata"", ""original_filename"": [""00000118.tif""], ""source_media_type"": [], ""date_of_digitization"": [], ""preservation_copy_of_id"": null, ""original_language_caption"": null}, {""id"": {""id"": ""e910c657-a6cb-40f8-9c23-8a77c1e53f0d""}, ""use"": [{""@id"": ""http://pcdm.org/use#ServiceFile""}], ""size"": [], ""label"": [""intermediate_file.tif""], ""width"": [], ""bounds"": [], ""height"": [], ""checksum"": [], ""duration"": [], ""geometry"": [], ""producer"": [], ""software"": [], ""mime_type"": [""image/tiff""], ""change_set"": null, ""created_at"": ""2026-09-29T21:03:32+00:00"", ""edit_users"": [], ""new_record"": true, ""page_count"": null, ""read_users"": [], ""updated_at"": ""2026-09-29T21:03:32+00:00"", ""edit_groups"": [], ""read_groups"": [], ""camera_model"": [], ""x_resolution"": [], ""y_resolution"": [], ""error_message"": [], ""bits_per_sample"": [], ""processing_note"": [], ""caption_language"": [], ""file_identifiers"": [{""id"": ""pyramidal-derivatives-shrine://e9/10/c6/e910c657a6cb40f89c238a77c1e53f0d/intermediate_file.tif""}], ""internal_resource"": ""FileMetadata"", ""original_filename"": [""intermediate_file.tif""], ""source_media_type"": [], ""date_of_digitization"": [], ""preservation_copy_of_id"": null, ""original_language_caption"": null}], ""service_targets"": [], ""cached_parent_id"": [{""id"": ""b7f6f438-4363-4003-8b74-779b5e31f210""}], ""processing_status"": [""processed""], ""optimistic_lock_token"": [{""token"": ""3"", ""adapter_id"": {""id"": ""746f06acf4d573bebd8c8a500b398589""}}]}",2026-09-29 21:02:57.397472,2026-09-30 13:41:28.079897,FileSet,4
234ba370-6f9c-470e-8842-63d68e704e35,"{""part"": [], ""side"": [], ""title"": [""00000119.tif""], ""barcode"": [], ""edit_users"": [], ""highlights"": [], ""member_ids"": [], ""read_users"": [], ""edit_groups"": [], ""read_groups"": [""public""], ""file_metadata"": [{""id"": {""id"": ""ea05c8ff-6fc6-4fc3-accd-680200c6c883""}, ""use"": [{""@id"": ""http://pcdm.org/use#OriginalFile""}], ""size"": [""54695098""], ""label"": [""00000119.tif""], ""width"": [""3461""], ""bounds"": [], ""height"": [""5262""], ""checksum"": [{""id"": null, ""md5"": ""8d24c5db074990cd75bd57e024a58ec8"", ""sha1"": ""cc99546dae4d586f3311f8e6c734acab380074cd"", ""sha256"": ""b79d7d55722a9da6fbd8723b4bbf862ba8c641f40efbffe371ca79c68ed338b1"", ""created_at"": null, ""new_record"": true, ""updated_at"": null, ""internal_resource"": ""MultiChecksum""}], ""duration"": [], ""geometry"": [], ""producer"": [], ""software"": [], ""mime_type"": [""image/tiff""], ""change_set"": null, ""created_at"": ""2026-09-29T21:02:48+00:00"", ""edit_users"": [], ""new_record"": true, ""page_count"": null, ""read_users"": [], ""updated_at"": ""2026-09-29T21:02:48+00:00"", ""edit_groups"": [], ""read_groups"": [], ""camera_model"": [], ""x_resolution"": [], ""y_resolution"": [], ""error_message"": [], ""bits_per_sample"": [], ""processing_note"": [], ""caption_language"": [], ""file_identifiers"": [{""id"": ""disk:///opt/repository/files/ea/05/c8/ea05c8ff6fc64fc3accd680200c6c883/00000119.tif""}], ""internal_resource"": ""FileMetadata"", ""original_filename"": [""00000119.tif""], ""source_media_type"": [], ""date_of_digitization"": [], ""preservation_copy_of_id"": null, ""original_language_caption"": null}, {""id"": {""id"": ""027404b9-bf7b-4b1c-afe7-f4b9578ebd73""}, ""use"": [{""@id"": ""http://pcdm.org/use#ServiceFile""}], ""size"": [], ""label"": [""intermediate_file.tif""], ""width"": [], ""bounds"": [], ""height"": [], ""checksum"": [], ""duration"": [], ""geometry"": [], ""producer"": [], ""software"": [], ""mime_type"": [""image/tiff""], ""change_set"": null, ""created_at"": ""2026-09-29T21:04:36+00:00"", ""edit_users"": [], ""new_record"": true, ""page_count"": null, ""read_users"": [], ""updated_at"": ""2026-09-29T21:04:36+00:00"", ""edit_groups"": [], ""read_groups"": [], ""camera_model"": [], ""x_resolution"": [], ""y_resolution"": [], ""error_message"": [], ""bits_per_sample"": [], ""processing_note"": [], ""caption_language"": [], ""file_identifiers"": [{""id"": ""pyramidal-derivatives-shrine://02/74/04/027404b9bf7b4b1cafe7f4b9578ebd73/intermediate_file.tif""}], ""internal_resource"": ""FileMetadata"", ""original_filename"": [""intermediate_file.tif""], ""source_media_type"": [], ""date_of_digitization"": [], ""preservation_copy_of_id"": null, ""original_language_caption"": null}], ""service_targets"": [], ""cached_parent_id"": [{""id"": ""b7f6f438-4363-4003-8b74-779b5e31f210""}], ""processing_status"": [""processed""], ""optimistic_lock_token"": [{""token"": ""3"", ""adapter_id"": {""id"": ""746f06acf4d573bebd8c8a500b398589""}}]}",2026-09-29 21:02:57.40752,2026-09-30 13:41:28.094292,FileSet,4
16e91120-1036-463f-aa2a-f91d954011a2,"{""part"": [], ""side"": [], ""title"": [""00000120.tif""], ""barcode"": [], ""edit_users"": [], ""highlights"": [], ""member_ids"": [], ""read_users"": [], ""edit_groups"": [], ""read_groups"": [""public""], ""file_metadata"": [{""id"": {""id"": ""2993c9f5-6c4a-46c4-b815-a6bf923d66d1""}, ""use"": [{""@id"": ""http://pcdm.org/use#OriginalFile""}], ""size"": [""59796536""], ""label"": [""00000120.tif""], ""width"": [""3680""], ""bounds"": [], ""height"": [""5411""], ""checksum"": [{""id"": null, ""md5"": ""7bcaea4851a062cb832104189ff85b72"", ""sha1"": ""3ae92f3e07614256911e06dc2f17babb433af0ba"", ""sha256"": ""8d57ef6f08b7111486955b886b79fca7adf12be0bafe621cb7105016b457836e"", ""created_at"": null, ""new_record"": true, ""updated_at"": null, ""internal_resource"": ""MultiChecksum""}], ""duration"": [], ""geometry"": [], ""producer"": [], ""software"": [], ""mime_type"": [""image/tiff""], ""change_set"": null, ""created_at"": ""2026-09-29T21:02:52+00:00"", ""edit_users"": [], ""new_record"": true, ""page_count"": null, ""read_users"": [], ""updated_at"": ""2026-09-29T21:02:52+00:00"", ""edit_groups"": [], ""read_groups"": [], ""camera_model"": [], ""x_resolution"": [], ""y_resolution"": [], ""error_message"": [], ""bits_per_sample"": [], ""processing_note"": [], ""caption_language"": [], ""file_identifiers"": [{""id"": ""disk:///opt/repository/files/29/93/c9/2993c9f56c4a46c4b815a6bf923d66d1/00000120.tif""}], ""internal_resource"": ""FileMetadata"", ""original_filename"": [""00000120.tif""], ""source_media_type"": [], ""date_of_digitization"": [], ""preservation_copy_of_id"": null, ""original_language_caption"": null}, {""id"": {""id"": ""44244093-bc6a-4ee7-b0f8-e3b556d3ee4f""}, ""use"": [{""@id"": ""http://pcdm.org/use#ServiceFile""}], ""size"": [], ""label"": [""intermediate_file.tif""], ""width"": [], ""bounds"": [], ""height"": [], ""checksum"": [], ""duration"": [], ""geometry"": [], ""producer"": [], ""software"": [], ""mime_type"": [""image/tiff""], ""change_set"": null, ""created_at"": ""2026-09-29T21:03:33+00:00"", ""edit_users"": [], ""new_record"": true, ""page_count"": null, ""read_users"": [], ""updated_at"": ""2026-09-29T21:03:33+00:00"", ""edit_groups"": [], ""read_groups"": [], ""camera_model"": [], ""x_resolution"": [], ""y_resolution"": [], ""error_message"": [], ""bits_per_sample"": [], ""processing_note"": [], ""caption_language"": [], ""file_identifiers"": [{""id"": ""pyramidal-derivatives-shrine://44/24/40/44244093bc6a4ee7b0f8e3b556d3ee4f/intermediate_file.tif""}], ""internal_resource"": ""FileMetadata"", ""original_filename"": [""intermediate_file.tif""], ""source_media_type"": [], ""date_of_digitization"": [], ""preservation_copy_of_id"": null, ""original_language_caption"": null}], ""service_targets"": [], ""cached_parent_id"": [{""id"": ""b7f6f438-4363-4003-8b74-779b5e31f210""}], ""processing_status"": [""processed""], ""optimistic_lock_token"": [{""token"": ""3"", ""adapter_id"": {""id"": ""746f06acf4d573bebd8c8a500b398589""}}]}",2026-09-29 21:02:57.41364,2026-09-30 13:41:28.108785,FileSet,4
8f8d13d0-8cd0-4f76-b253-e37a7c90d488,"{""part"": [], ""side"": [], ""title"": [""00000121.tif""], ""barcode"": [], ""edit_users"": [], ""highlights"": [], ""member_ids"": [], ""read_users"": [], ""edit_groups"": [], ""read_groups"": [""public""], ""file_metadata"": [{""id"": {""id"": ""45043f80-602f-460e-88af-b0a00937551f""}, ""use"": [{""@id"": ""http://pcdm.org/use#OriginalFile""}], ""size"": [""54695098""], ""label"": [""00000121.tif""], ""width"": [""3461""], ""bounds"": [], ""height"": [""5262""], ""checksum"": [{""id"": null, ""md5"": ""db06eeff010e12cfb9fb3c0aa9cdb895"", ""sha1"": ""e3bc2e98483956572efd05220fa0732f2a33bef0"", ""sha256"": ""361f65bc592f4b2ac5d6c35e8c8019ceeb81a47a6f6fa1a66acd27c88a76ad58"", ""created_at"": null, ""new_record"": true, ""updated_at"": null, ""internal_resource"": ""MultiChecksum""}], ""duration"": [], ""geometry"": [], ""producer"": [], ""software"": [], ""mime_type"": [""image/tiff""], ""change_set"": null, ""created_at"": ""2026-09-29T21:02:58+00:00"", ""edit_users"": [], ""new_record"": true, ""page_count"": null, ""read_users"": [], ""updated_at"": ""2026-09-29T21:02:58+00:00"", ""edit_groups"": [], ""read_groups"": [], ""camera_model"": [], ""x_resolution"": [], ""y_resolution"": [], ""error_message"": [], ""bits_per_sample"": [], ""processing_note"": [], ""caption_language"": [], ""file_identifiers"": [{""id"": ""disk:///opt/repository/files/45/04/3f/45043f80602f460e88afb0a00937551f/00000121.tif""}], ""internal_resource"": ""FileMetadata"", ""original_filename"": [""00000121.tif""], ""source_media_type"": [], ""date_of_digitization"": [], ""preservation_copy_of_id"": null, ""original_language_caption"": null}, {""id"": {""id"": ""f6e212d6-068a-445c-945a-db3ff7ad3ae1""}, ""use"": [{""@id"": ""http://pcdm.org/use#ServiceFile""}], ""size"": [], ""label"": [""intermediate_file.tif""], ""width"": [], ""bounds"": [], ""height"": [], ""checksum"": [], ""duration"": [], ""geometry"": [], ""producer"": [], ""software"": [], ""mime_type"": [""image/tiff""], ""change_set"": null, ""created_at"": ""2026-09-29T21:04:38+00:00"", ""edit_users"": [], ""new_record"": true, ""page_count"": null, ""read_users"": [], ""updated_at"": ""2026-09-29T21:04:38+00:00"", ""edit_groups"": [], ""read_groups"": [], ""camera_model"": [], ""x_resolution"": [], ""y_resolution"": [], ""error_message"": [], ""bits_per_sample"": [], ""processing_note"": [], ""caption_language"": [], ""file_identifiers"": [{""id"": ""pyramidal-derivatives-shrine://f6/e2/12/f6e212d6068a445c945adb3ff7ad3ae1/intermediate_file.tif""}], ""internal_resource"": ""FileMetadata"", ""original_filename"": [""intermediate_file.tif""], ""source_media_type"": [], ""date_of_digitization"": [], ""preservation_copy_of_id"": null, ""original_language_caption"": null}], ""service_targets"": [], ""cached_parent_id"": [{""id"": ""b7f6f438-4363-4003-8b74-779b5e31f210""}], ""processing_status"": [""processed""], ""optimistic_lock_token"": [{""token"": ""3"", ""adapter_id"": {""id"": ""746f06acf4d573bebd8c8a500b398589""}}]}",2026-09-29 21:03:59.77913,2026-09-30 13:41:28.123369,FileSet,4
d38c4e53-2154-42b5-b6b4-5d5c9d070096,"{""part"": [], ""side"": [], ""title"": [""00000122.tif""], ""barcode"": [], ""edit_users"": [], ""highlights"": [], ""member_ids"": [], ""read_users"": [], ""edit_groups"": [], ""read_groups"": [""public""], ""file_metadata"": [{""id"": {""id"": ""d6392834-bcaf-4eb2-bd46-d180d8f4b9a5""}, ""use"": [{""@id"": ""http://pcdm.org/use#OriginalFile""}], ""size"": [""59796536""], ""label"": [""00000122.tif""], ""width"": [""3680""], ""bounds"": [], ""height"": [""5411""], ""checksum"": [{""id"": null, ""md5"": ""2a601fb19cd48365bcbde481880a1073"", ""sha1"": ""a8c3f081723a58beb99fa4a09ebe6fde6b5ae6c3"", ""sha256"": ""5c62fd3e2de90b85ebd988a36c7164ffb3228832ee86b959076ba8dc1d4b97e9"", ""created_at"": null, ""new_record"": true, ""updated_at"": null, ""internal_resource"": ""MultiChecksum""}], ""duration"": [], ""geometry"": [], ""producer"": [], ""software"": [], ""mime_type"": [""image/tiff""], ""change_set"": null, ""created_at"": ""2026-09-29T21:03:08+00:00"", ""edit_users"": [], ""new_record"": true, ""page_count"": null, ""read_users"": [], ""updated_at"": ""2026-09-29T21:03:08+00:00"", ""edit_groups"": [], ""read_groups"": [], ""camera_model"": [], ""x_resolution"": [], ""y_resolution"": [], ""error_message"": [], ""bits_per_sample"": [], ""processing_note"": [], ""caption_language"": [], ""file_identifiers"": [{""id"": ""disk:///opt/repository/files/d6/39/28/d6392834bcaf4eb2bd46d180d8f4b9a5/00000122.tif""}], ""internal_resource"": ""FileMetadata"", ""original_filename"": [""00000122.tif""], ""source_media_type"": [], ""date_of_digitization"": [], ""preservation_copy_of_id"": null, ""original_language_caption"": null}, {""id"": {""id"": ""29d87979-1146-4a93-ac6b-54960b6f1a82""}, ""use"": [{""@id"": ""http://pcdm.org/use#ServiceFile""}], ""size"": [], ""label"": [""intermediate_file.tif""], ""width"": [], ""bounds"": [], ""height"": [], ""checksum"": [], ""duration"": [], ""geometry"": [], ""producer"": [], ""software"": [], ""mime_type"": [""image/tiff""], ""change_set"": null, ""created_at"": ""2026-09-29T21:04:45+00:00"", ""edit_users"": [], ""new_record"": true, ""page_count"": null, ""read_users"": [], ""updated_at"": ""2026-09-29T21:04:45+00:00"", ""edit_groups"": [], ""read_groups"": [], ""camera_model"": [], ""x_resolution"": [], ""y_resolution"": [], ""error_message"": [], ""bits_per_sample"": [], ""processing_note"": [], ""caption_language"": [], ""file_identifiers"": [{""id"": ""pyramidal-derivatives-shrine://29/d8/79/29d8797911464a93ac6b54960b6f1a82/intermediate_file.tif""}], ""internal_resource"": ""FileMetadata"", ""original_filename"": [""intermediate_file.tif""], ""source_media_type"": [], ""date_of_digitization"": [], ""preservation_copy_of_id"": null, ""original_language_caption"": null}], ""service_targets"": [], ""cached_parent_id"": [{""id"": ""b7f6f438-4363-4003-8b74-779b5e31f210""}], ""processing_status"": [""processed""], ""optimistic_lock_token"": [{""token"": ""3"", ""adapter_id"": {""id"": ""746f06acf4d573bebd8c8a500b398589""}}]}",2026-09-29 21:03:59.785321,2026-09-30 13:41:28.140225,FileSet,4
59cef12e-397a-4b4e-8797-300844311c0c,"{""part"": [], ""side"": [], ""title"": [""00000123.tif""], ""barcode"": [], ""edit_users"": [], ""highlights"": [], ""member_ids"": [], ""read_users"": [], ""edit_groups"": [], ""read_groups"": [""public""], ""file_metadata"": [{""id"": {""id"": ""bb2a626a-7bbf-487b-9616-a91ad9e2f058""}, ""use"": [{""@id"": ""http://pcdm.org/use#OriginalFile""}], ""size"": [""54695098""], ""label"": [""00000123.tif""], ""width"": [""3461""], ""bounds"": [], ""height"": [""5262""], ""checksum"": [{""id"": null, ""md5"": ""9a620fe3ce6951b22099681342708e52"", ""sha1"": ""535df7dce8f81e7bcdda98b4eb1f5f08fc68c51e"", ""sha256"": ""2420911648dc489c8c57e38238c1ce3071639a94acb1c9934ea0aa55c77dc0d1"", ""created_at"": null, ""new_record"": true, ""updated_at"": null, ""internal_resource"": ""MultiChecksum""}], ""duration"": [], ""geometry"": [], ""producer"": [], ""software"": [], ""mime_type"": [""image/tiff""], ""change_set"": null, ""created_at"": ""2026-09-29T21:03:10+00:00"", ""edit_users"": [], ""new_record"": true, ""page_count"": null, ""read_users"": [], ""updated_at"": ""2026-09-29T21:03:10+00:00"", ""edit_groups"": [], ""read_groups"": [], ""camera_model"": [], ""x_resolution"": [], ""y_resolution"": [], ""error_message"": [], ""bits_per_sample"": [], ""processing_note"": [], ""caption_language"": [], ""file_identifiers"": [{""id"": ""disk:///opt/repository/files/bb/2a/62/bb2a626a7bbf487b9616a91ad9e2f058/00000123.tif""}], ""internal_resource"": ""FileMetadata"", ""original_filename"": [""00000123.tif""], ""source_media_type"": [], ""date_of_digitization"": [], ""preservation_copy_of_id"": null, ""original_language_caption"": null}, {""id"": {""id"": ""16e94dab-468d-401c-801c-961ac3c145b3""}, ""use"": [{""@id"": ""http://pcdm.org/use#ServiceFile""}], ""size"": [], ""label"": [""intermediate_file.tif""], ""width"": [], ""bounds"": [], ""height"": [], ""checksum"": [], ""duration"": [], ""geometry"": [], ""producer"": [], ""software"": [], ""mime_type"": [""image/tiff""], ""change_set"": null, ""created_at"": ""2026-09-29T21:04:39+00:00"", ""edit_users"": [], ""new_record"": true, ""page_count"": null, ""read_users"": [], ""updated_at"": ""2026-09-29T21:04:39+00:00"", ""edit_groups"": [], ""read_groups"": [], ""camera_model"": [], ""x_resolution"": [], ""y_resolution"": [], ""error_message"": [], ""bits_per_sample"": [], ""processing_note"": [], ""caption_language"": [], ""file_identifiers"": [{""id"": ""pyramidal-derivatives-shrine://16/e9/4d/16e94dab468d401c801c961ac3c145b3/intermediate_file.tif""}], ""internal_resource"": ""FileMetadata"", ""original_filename"": [""intermediate_file.tif""], ""source_media_type"": [], ""date_of_digitization"": [], ""preservation_copy_of_id"": null, ""original_language_caption"": null}], ""service_targets"": [], ""cached_parent_id"": [{""id"": ""b7f6f438-4363-4003-8b74-779b5e31f210""}], ""processing_status"": [""processed""], ""optimistic_lock_token"": [{""token"": ""3"", ""adapter_id"": {""id"": ""746f06acf4d573bebd8c8a500b398589""}}]}",2026-09-29 21:03:59.790652,2026-09-30 13:41:28.158376,FileSet,4
fffd96cf-49ce-477e-b76f-35d1089262cb,"{""part"": [], ""side"": [], ""title"": [""00000124.tif""], ""barcode"": [], ""edit_users"": [], ""highlights"": [], ""member_ids"": [], ""read_users"": [], ""edit_groups"": [], ""read_groups"": [""public""], ""file_metadata"": [{""id"": {""id"": ""a034eb5d-81ba-4a61-a7a5-ae17e01edf3f""}, ""use"": [{""@id"": ""http://pcdm.org/use#OriginalFile""}], ""size"": [""59796536""], ""label"": [""00000124.tif""], ""width"": [""3680""], ""bounds"": [], ""height"": [""5411""], ""checksum"": [{""id"": null, ""md5"": ""2bd7a766eb5f9c7bf83bc6a4650076ce"", ""sha1"": ""ade5495ef3dd098f6a860c642a384fbfe024aa78"", ""sha256"": ""414e6791cfdaf4e08fe6282e53f4d05576ce3d0d264a852af1e6c2fcbef8ca33"", ""created_at"": null, ""new_record"": true, ""updated_at"": null, ""internal_resource"": ""MultiChecksum""}], ""duration"": [], ""geometry"": [], ""producer"": [], ""software"": [], ""mime_type"": [""image/tiff""], ""change_set"": null, ""created_at"": ""2026-09-29T21:03:14+00:00"", ""edit_users"": [], ""new_record"": true, ""page_count"": null, ""read_users"": [], ""updated_at"": ""2026-09-29T21:03:14+00:00"", ""edit_groups"": [], ""read_groups"": [], ""camera_model"": [], ""x_resolution"": [], ""y_resolution"": [], ""error_message"": [], ""bits_per_sample"": [], ""processing_note"": [], ""caption_language"": [], ""file_identifiers"": [{""id"": ""disk:///opt/repository/files/a0/34/eb/a034eb5d81ba4a61a7a5ae17e01edf3f/00000124.tif""}], ""internal_resource"": ""FileMetadata"", ""original_filename"": [""00000124.tif""], ""source_media_type"": [], ""date_of_digitization"": [], ""preservation_copy_of_id"": null, ""original_language_caption"": null}, {""id"": {""id"": ""98199e5c-93a8-4e7d-aad8-6f3e9e0b8a32""}, ""use"": [{""@id"": ""http://pcdm.org/use#ServiceFile""}], ""size"": [], ""label"": [""intermediate_file.tif""], ""width"": [], ""bounds"": [], ""height"": [], ""checksum"": [], ""duration"": [], ""geometry"": [], ""producer"": [], ""software"": [], ""mime_type"": [""image/tiff""], ""change_set"": null, ""created_at"": ""2026-09-29T21:04:45+00:00"", ""edit_users"": [], ""new_record"": true, ""page_count"": null, ""read_users"": [], ""updated_at"": ""2026-09-29T21:04:45+00:00"", ""edit_groups"": [], ""read_groups"": [], ""camera_model"": [], ""x_resolution"": [], ""y_resolution"": [], ""error_message"": [], ""bits_per_sample"": [], ""processing_note"": [], ""caption_language"": [], ""file_identifiers"": [{""id"": ""pyramidal-derivatives-shrine://98/19/9e/98199e5c93a84e7daad86f3e9e0b8a32/intermediate_file.tif""}], ""internal_resource"": ""FileMetadata"", ""original_filename"": [""intermediate_file.tif""], ""source_media_type"": [], ""date_of_digitization"": [], ""preservation_copy_of_id"": null, ""original_language_caption"": null}], ""service_targets"": [], ""cached_parent_id"": [{""id"": ""b7f6f438-4363-4003-8b74-779b5e31f210""}], ""processing_status"": [""processed""], ""optimistic_lock_token"": [{""token"": ""3"", ""adapter_id"": {""id"": ""746f06acf4d573bebd8c8a500b398589""}}]}",2026-09-29 21:03:59.795894,2026-09-30 13:41:28.177551,FileSet,4
577300af-45b7-4d41-a67c-a4916ee1db1e,"{""part"": [], ""side"": [], ""title"": [""00000125.tif""], ""barcode"": [], ""edit_users"": [], ""highlights"": [], ""member_ids"": [], ""read_users"": [], ""edit_groups"": [], ""read_groups"": [""public""], ""file_metadata"": [{""id"": {""id"": ""10fa074a-5dfd-41c4-b2ab-b3776aaae76b""}, ""use"": [{""@id"": ""http://pcdm.org/use#OriginalFile""}], ""size"": [""54695098""], ""label"": [""00000125.tif""], ""width"": [""3461""], ""bounds"": [], ""height"": [""5262""], ""checksum"": [{""id"": null, ""md5"": ""622fd78adb8d16fe77982cf06d97af7a"", ""sha1"": ""39cd290c350c0d4caef765057842af7f930a8389"", ""sha256"": ""badd3646cfa070185e841a0d55ef7702ea265677b79b1aa6e68d9c56bd713f82"", ""created_at"": null, ""new_record"": true, ""updated_at"": null, ""internal_resource"": ""MultiChecksum""}], ""duration"": [], ""geometry"": [], ""producer"": [], ""software"": [], ""mime_type"": [""image/tiff""], ""change_set"": null, ""created_at"": ""2026-09-29T21:03:31+00:00"", ""edit_users"": [], ""new_record"": true, ""page_count"": null, ""read_users"": [], ""updated_at"": ""2026-09-29T21:03:31+00:00"", ""edit_groups"": [], ""read_groups"": [], ""camera_model"": [], ""x_resolution"": [], ""y_resolution"": [], ""error_message"": [], ""bits_per_sample"": [], ""processing_note"": [], ""caption_language"": [], ""file_identifiers"": [{""id"": ""disk:///opt/repository/files/10/fa/07/10fa074a5dfd41c4b2abb3776aaae76b/00000125.tif""}], ""internal_resource"": ""FileMetadata"", ""original_filename"": [""00000125.tif""], ""source_media_type"": [], ""date_of_digitization"": [], ""preservation_copy_of_id"": null, ""original_language_caption"": null}, {""id"": {""id"": ""a587ed23-670f-48ef-b377-50fcd65c44b6""}, ""use"": [{""@id"": ""http://pcdm.org/use#ServiceFile""}], ""size"": [], ""label"": [""intermediate_file.tif""], ""width"": [], ""bounds"": [], ""height"": [], ""checksum"": [], ""duration"": [], ""geometry"": [], ""producer"": [], ""software"": [], ""mime_type"": [""image/tiff""], ""change_set"": null, ""created_at"": ""2026-09-29T21:04:38+00:00"", ""edit_users"": [], ""new_record"": true, ""page_count"": null, ""read_users"": [], ""updated_at"": ""2026-09-29T21:04:38+00:00"", ""edit_groups"": [], ""read_groups"": [], ""camera_model"": [], ""x_resolution"": [], ""y_resolution"": [], ""error_message"": [], ""bits_per_sample"": [], ""processing_note"": [], ""caption_language"": [], ""file_identifiers"": [{""id"": ""pyramidal-derivatives-shrine://a5/87/ed/a587ed23670f48efb37750fcd65c44b6/intermediate_file.tif""}], ""internal_resource"": ""FileMetadata"", ""original_filename"": [""intermediate_file.tif""], ""source_media_type"": [], ""date_of_digitization"": [], ""preservation_copy_of_id"": null, ""original_language_caption"": null}], ""service_targets"": [], ""cached_parent_id"": [{""id"": ""b7f6f438-4363-4003-8b74-779b5e31f210""}], ""processing_status"": [""processed""], ""optimistic_lock_token"": [{""token"": ""3"", ""adapter_id"": {""id"": ""746f06acf4d573bebd8c8a500b398589""}}]}",2026-09-29 21:03:59.801825,2026-09-30 13:41:28.193048,FileSet,4
e823ce6f-8afc-4a77-a24d-7fe303357b54,"{""part"": [], ""side"": [], ""title"": [""00000126.tif""], ""barcode"": [], ""edit_users"": [], ""highlights"": [], ""member_ids"": [], ""read_users"": [], ""edit_groups"": [], ""read_groups"": [""public""], ""file_metadata"": [{""id"": {""id"": ""3efee0f8-8bf8-48ac-825b-7f0232e29b0a""}, ""use"": [{""@id"": ""http://pcdm.org/use#OriginalFile""}], ""size"": [""59796536""], ""label"": [""00000126.tif""], ""width"": [""3680""], ""bounds"": [], ""height"": [""5411""], ""checksum"": [{""id"": null, ""md5"": ""96b2ec8dc10ca7d996b507f448433ee9"", ""sha1"": ""bdea858b451923648460598b30b76f3b4bd15321"", ""sha256"": ""ad3dc399950bfa541956dd7d297c9da927ea447f713b433bf53f47d9ffa2e3c0"", ""created_at"": null, ""new_record"": true, ""updated_at"": null, ""internal_resource"": ""MultiChecksum""}], ""duration"": [], ""geometry"": [], ""producer"": [], ""software"": [], ""mime_type"": [""image/tiff""], ""change_set"": null, ""created_at"": ""2026-09-29T21:03:33+00:00"", ""edit_users"": [], ""new_record"": true, ""page_count"": null, ""read_users"": [], ""updated_at"": ""2026-09-29T21:03:33+00:00"", ""edit_groups"": [], ""read_groups"": [], ""camera_model"": [], ""x_resolution"": [], ""y_resolution"": [], ""error_message"": [], ""bits_per_sample"": [], ""processing_note"": [], ""caption_language"": [], ""file_identifiers"": [{""id"": ""disk:///opt/repository/files/3e/fe/e0/3efee0f88bf848ac825b7f0232e29b0a/00000126.tif""}], ""internal_resource"": ""FileMetadata"", ""original_filename"": [""00000126.tif""], ""source_media_type"": [], ""date_of_digitization"": [], ""preservation_copy_of_id"": null, ""original_language_caption"": null}, {""id"": {""id"": ""b02d5d61-62d6-45d7-be6a-5144d7ba83e7""}, ""use"": [{""@id"": ""http://pcdm.org/use#ServiceFile""}], ""size"": [], ""label"": [""intermediate_file.tif""], ""width"": [], ""bounds"": [], ""height"": [], ""checksum"": [], ""duration"": [], ""geometry"": [], ""producer"": [], ""software"": [], ""mime_type"": [""image/tiff""], ""change_set"": null, ""created_at"": ""2026-09-29T21:04:44+00:00"", ""edit_users"": [], ""new_record"": true, ""page_count"": null, ""read_users"": [], ""updated_at"": ""2026-09-29T21:04:44+00:00"", ""edit_groups"": [], ""read_groups"": [], ""camera_model"": [], ""x_resolution"": [], ""y_resolution"": [], ""error_message"": [], ""bits_per_sample"": [], ""processing_note"": [], ""caption_language"": [], ""file_identifiers"": [{""id"": ""pyramidal-derivatives-shrine://b0/2d/5d/b02d5d6162d645d7be6a5144d7ba83e7/intermediate_file.tif""}], ""internal_resource"": ""FileMetadata"", ""original_filename"": [""intermediate_file.tif""], ""source_media_type"": [], ""date_of_digitization"": [], ""preservation_copy_of_id"": null, ""original_language_caption"": null}], ""service_targets"": [], ""cached_parent_id"": [{""id"": ""b7f6f438-4363-4003-8b74-779b5e31f210""}], ""processing_status"": [""processed""], ""optimistic_lock_token"": [{""token"": ""3"", ""adapter_id"": {""id"": ""746f06acf4d573bebd8c8a500b398589""}}]}",2026-09-29 21:03:59.808463,2026-09-30 13:41:28.209434,FileSet,4
0c5cfaa4-fa48-4b00-9712-417fcb27765e,"{""part"": [], ""side"": [], ""title"": [""00000127.tif""], ""barcode"": [], ""edit_users"": [], ""highlights"": [], ""member_ids"": [], ""read_users"": [], ""edit_groups"": [], ""read_groups"": [""public""], ""file_metadata"": [{""id"": {""id"": ""8b23eef6-aab4-4b3d-9ea8-60344e209831""}, ""use"": [{""@id"": ""http://pcdm.org/use#OriginalFile""}], ""size"": [""54695098""], ""label"": [""00000127.tif""], ""width"": [""3461""], ""bounds"": [], ""height"": [""5262""], ""checksum"": [{""id"": null, ""md5"": ""c3fad2d6f1e7c3e94c51808c8d1fbaee"", ""sha1"": ""5519bf4352f1c64fb99ac7ff0e21f3f770d6da3f"", ""sha256"": ""7f093e9e247f570f6710e74f1444e55a9f7d8639f9c6ec7e169c2a14ad56cfaa"", ""created_at"": null, ""new_record"": true, ""updated_at"": null, ""internal_resource"": ""MultiChecksum""}], ""duration"": [], ""geometry"": [], ""producer"": [], ""software"": [], ""mime_type"": [""image/tiff""], ""change_set"": null, ""created_at"": ""2026-09-29T21:03:38+00:00"", ""edit_users"": [], ""new_record"": true, ""page_count"": null, ""read_users"": [], ""updated_at"": ""2026-09-29T21:03:38+00:00"", ""edit_groups"": [], ""read_groups"": [], ""camera_model"": [], ""x_resolution"": [], ""y_resolution"": [], ""error_message"": [], ""bits_per_sample"": [], ""processing_note"": [], ""caption_language"": [], ""file_identifiers"": [{""id"": ""disk:///opt/repository/files/8b/23/ee/8b23eef6aab44b3d9ea860344e209831/00000127.tif""}], ""internal_resource"": ""FileMetadata"", ""original_filename"": [""00000127.tif""], ""source_media_type"": [], ""date_of_digitization"": [], ""preservation_copy_of_id"": null, ""original_language_caption"": null}, {""id"": {""id"": ""865150cf-3e4c-4372-8a16-7d8084ef8559""}, ""use"": [{""@id"": ""http://pcdm.org/use#ServiceFile""}], ""size"": [], ""label"": [""intermediate_file.tif""], ""width"": [], ""bounds"": [], ""height"": [], ""checksum"": [], ""duration"": [], ""geometry"": [], ""producer"": [], ""software"": [], ""mime_type"": [""image/tiff""], ""change_set"": null, ""created_at"": ""2026-09-29T21:04:45+00:00"", ""edit_users"": [], ""new_record"": true, ""page_count"": null, ""read_users"": [], ""updated_at"": ""2026-09-29T21:04:45+00:00"", ""edit_groups"": [], ""read_groups"": [], ""camera_model"": [], ""x_resolution"": [], ""y_resolution"": [], ""error_message"": [], ""bits_per_sample"": [], ""processing_note"": [], ""caption_language"": [], ""file_identifiers"": [{""id"": ""pyramidal-derivatives-shrine://86/51/50/865150cf3e4c43728a167d8084ef8559/intermediate_file.tif""}], ""internal_resource"": ""FileMetadata"", ""original_filename"": [""intermediate_file.tif""], ""source_media_type"": [], ""date_of_digitization"": [], ""preservation_copy_of_id"": null, ""original_language_caption"": null}], ""service_targets"": [], ""cached_parent_id"": [{""id"": ""b7f6f438-4363-4003-8b74-779b5e31f210""}], ""processing_status"": [""processed""], ""optimistic_lock_token"": [{""token"": ""3"", ""adapter_id"": {""id"": ""746f06acf4d573bebd8c8a500b398589""}}]}",2026-09-29 21:03:59.814354,2026-09-30 13:41:28.226648,FileSet,4
794e8005-0511-4d1f-a761-4c5021efcf93,"{""part"": [], ""side"": [], ""title"": [""00000128.tif""], ""barcode"": [], ""edit_users"": [], ""highlights"": [], ""member_ids"": [], ""read_users"": [], ""edit_groups"": [], ""read_groups"": [""public""], ""file_metadata"": [{""id"": {""id"": ""ae6f4aaa-b8cd-41c9-87c6-c4cf773e07fb""}, ""use"": [{""@id"": ""http://pcdm.org/use#OriginalFile""}], ""size"": [""59796536""], ""label"": [""00000128.tif""], ""width"": [""3680""], ""bounds"": [], ""height"": [""5411""], ""checksum"": [{""id"": null, ""md5"": ""8094f164d9e05db6ef02b76c08167020"", ""sha1"": ""15c4fe18a6b2e390578494fd8064def9986eda1a"", ""sha256"": ""ca979aa3f69372e607cd149791d38e50ca928f6ff38c65f8d09ca2e329ed591f"", ""created_at"": null, ""new_record"": true, ""updated_at"": null, ""internal_resource"": ""MultiChecksum""}], ""duration"": [], ""geometry"": [], ""producer"": [], ""software"": [], ""mime_type"": [""image/tiff""], ""change_set"": null, ""created_at"": ""2026-09-29T21:03:45+00:00"", ""edit_users"": [], ""new_record"": true, ""page_count"": null, ""read_users"": [], ""updated_at"": ""2026-09-29T21:03:45+00:00"", ""edit_groups"": [], ""read_groups"": [], ""camera_model"": [], ""x_resolution"": [], ""y_resolution"": [], ""error_message"": [], ""bits_per_sample"": [], ""processing_note"": [], ""caption_language"": [], ""file_identifiers"": [{""id"": ""disk:///opt/repository/files/ae/6f/4a/ae6f4aaab8cd41c987c6c4cf773e07fb/00000128.tif""}], ""internal_resource"": ""FileMetadata"", ""original_filename"": [""00000128.tif""], ""source_media_type"": [], ""date_of_digitization"": [], ""preservation_copy_of_id"": null, ""original_language_caption"": null}, {""id"": {""id"": ""24fba32e-21d4-465f-b2da-5be35fc6751c""}, ""use"": [{""@id"": ""http://pcdm.org/use#ServiceFile""}], ""size"": [], ""label"": [""intermediate_file.tif""], ""width"": [], ""bounds"": [], ""height"": [], ""checksum"": [], ""duration"": [], ""geometry"": [], ""producer"": [], ""software"": [], ""mime_type"": [""image/tiff""], ""change_set"": null, ""created_at"": ""2026-09-29T21:04:44+00:00"", ""edit_users"": [], ""new_record"": true, ""page_count"": null, ""read_users"": [], ""updated_at"": ""2026-09-29T21:04:44+00:00"", ""edit_groups"": [], ""read_groups"": [], ""camera_model"": [], ""x_resolution"": [], ""y_resolution"": [], ""error_message"": [], ""bits_per_sample"": [], ""processing_note"": [], ""caption_language"": [], ""file_identifiers"": [{""id"": ""pyramidal-derivatives-shrine://24/fb/a3/24fba32e21d4465fb2da5be35fc6751c/intermediate_file.tif""}], ""internal_resource"": ""FileMetadata"", ""original_filename"": [""intermediate_file.tif""], ""source_media_type"": [], ""date_of_digitization"": [], ""preservation_copy_of_id"": null, ""original_language_caption"": null}], ""service_targets"": [], ""cached_parent_id"": [{""id"": ""b7f6f438-4363-4003-8b74-779b5e31f210""}], ""processing_status"": [""processed""], ""optimistic_lock_token"": [{""token"": ""3"", ""adapter_id"": {""id"": ""746f06acf4d573bebd8c8a500b398589""}}]}",2026-09-29 21:03:59.820957,2026-09-30 13:41:28.241375,FileSet,4
a616a101-9763-4bce-b064-99af4cf2d70b,"{""part"": [], ""side"": [], ""title"": [""00000129.tif""], ""barcode"": [], ""edit_users"": [], ""highlights"": [], ""member_ids"": [], ""read_users"": [], ""edit_groups"": [], ""read_groups"": [""public""], ""file_metadata"": [{""id"": {""id"": ""d45f2cd6-f842-47fd-a3f0-858f174e1968""}, ""use"": [{""@id"": ""http://pcdm.org/use#OriginalFile""}], ""size"": [""54695098""], ""label"": [""00000129.tif""], ""width"": [""3461""], ""bounds"": [], ""height"": [""5262""], ""checksum"": [{""id"": null, ""md5"": ""ce164f97e5e42ca5b935acb99e7da732"", ""sha1"": ""40d8782110c5534b5bfd8b91a9e3d4277d48733d"", ""sha256"": ""d8b6ae7192654461db9f3dbaec5eb114f409ddc721dfe5853eec6813d58641ce"", ""created_at"": null, ""new_record"": true, ""updated_at"": null, ""internal_resource"": ""MultiChecksum""}], ""duration"": [], ""geometry"": [], ""producer"": [], ""software"": [], ""mime_type"": [""image/tiff""], ""change_set"": null, ""created_at"": ""2026-09-29T21:03:48+00:00"", ""edit_users"": [], ""new_record"": true, ""page_count"": null, ""read_users"": [], ""updated_at"": ""2026-09-29T21:03:48+00:00"", ""edit_groups"": [], ""read_groups"": [], ""camera_model"": [], ""x_resolution"": [], ""y_resolution"": [], ""error_message"": [], ""bits_per_sample"": [], ""processing_note"": [], ""caption_language"": [], ""file_identifiers"": [{""id"": ""disk:///opt/repository/files/d4/5f/2c/d45f2cd6f84247fda3f0858f174e1968/00000129.tif""}], ""internal_resource"": ""FileMetadata"", ""original_filename"": [""00000129.tif""], ""source_media_type"": [], ""date_of_digitization"": [], ""preservation_copy_of_id"": null, ""original_language_caption"": null}, {""id"": {""id"": ""3a88998e-0779-44b1-affc-1a1b48f9b82b""}, ""use"": [{""@id"": ""http://pcdm.org/use#ServiceFile""}], ""size"": [], ""label"": [""intermediate_file.tif""], ""width"": [], ""bounds"": [], ""height"": [], ""checksum"": [], ""duration"": [], ""geometry"": [], ""producer"": [], ""software"": [], ""mime_type"": [""image/tiff""], ""change_set"": null, ""created_at"": ""2026-09-29T21:04:38+00:00"", ""edit_users"": [], ""new_record"": true, ""page_count"": null, ""read_users"": [], ""updated_at"": ""2026-09-29T21:04:38+00:00"", ""edit_groups"": [], ""read_groups"": [], ""camera_model"": [], ""x_resolution"": [], ""y_resolution"": [], ""error_message"": [], ""bits_per_sample"": [], ""processing_note"": [], ""caption_language"": [], ""file_identifiers"": [{""id"": ""pyramidal-derivatives-shrine://3a/88/99/3a88998e077944b1affc1a1b48f9b82b/intermediate_file.tif""}], ""internal_resource"": ""FileMetadata"", ""original_filename"": [""intermediate_file.tif""], ""source_media_type"": [], ""date_of_digitization"": [], ""preservation_copy_of_id"": null, ""original_language_caption"": null}], ""service_targets"": [], ""cached_parent_id"": [{""id"": ""b7f6f438-4363-4003-8b74-779b5e31f210""}], ""processing_status"": [""processed""], ""optimistic_lock_token"": [{""token"": ""3"", ""adapter_id"": {""id"": ""746f06acf4d573bebd8c8a500b398589""}}]}",2026-09-29 21:03:59.827489,2026-09-30 13:41:28.257866,FileSet,4
1904d37a-4c2e-48cb-99ab-35300fee5e15,"{""part"": [], ""side"": [], ""title"": [""00000130.tif""], ""barcode"": [], ""edit_users"": [], ""highlights"": [], ""member_ids"": [], ""read_users"": [], ""edit_groups"": [], ""read_groups"": [""public""], ""file_metadata"": [{""id"": {""id"": ""7ef9ee8d-266b-43d2-b4ab-9f2918885695""}, ""use"": [{""@id"": ""http://pcdm.org/use#OriginalFile""}], ""size"": [""59796536""], ""label"": [""00000130.tif""], ""width"": [""3680""], ""bounds"": [], ""height"": [""5411""], ""checksum"": [{""id"": null, ""md5"": ""734327901ce09266c36278dbdf9ecccd"", ""sha1"": ""684cbf38566ba7584796090b23c8a955ddb38865"", ""sha256"": ""f2eab9d097f154d86f2c220657f57227fdebe42a77f9a93ab31935047c93ca1e"", ""created_at"": null, ""new_record"": true, ""updated_at"": null, ""internal_resource"": ""MultiChecksum""}], ""duration"": [], ""geometry"": [], ""producer"": [], ""software"": [], ""mime_type"": [""image/tiff""], ""change_set"": null, ""created_at"": ""2026-09-29T21:03:56+00:00"", ""edit_users"": [], ""new_record"": true, ""page_count"": null, ""read_users"": [], ""updated_at"": ""2026-09-29T21:03:56+00:00"", ""edit_groups"": [], ""read_groups"": [], ""camera_model"": [], ""x_resolution"": [], ""y_resolution"": [], ""error_message"": [], ""bits_per_sample"": [], ""processing_note"": [], ""caption_language"": [], ""file_identifiers"": [{""id"": ""disk:///opt/repository/files/7e/f9/ee/7ef9ee8d266b43d2b4ab9f2918885695/00000130.tif""}], ""internal_resource"": ""FileMetadata"", ""original_filename"": [""00000130.tif""], ""source_media_type"": [], ""date_of_digitization"": [], ""preservation_copy_of_id"": null, ""original_language_caption"": null}, {""id"": {""id"": ""b795702d-831c-4337-9502-4b0cccdeb09e""}, ""use"": [{""@id"": ""http://pcdm.org/use#ServiceFile""}], ""size"": [], ""label"": [""intermediate_file.tif""], ""width"": [], ""bounds"": [], ""height"": [], ""checksum"": [], ""duration"": [], ""geometry"": [], ""producer"": [], ""software"": [], ""mime_type"": [""image/tiff""], ""change_set"": null, ""created_at"": ""2026-09-29T21:04:45+00:00"", ""edit_users"": [], ""new_record"": true, ""page_count"": null, ""read_users"": [], ""updated_at"": ""2026-09-29T21:04:45+00:00"", ""edit_groups"": [], ""read_groups"": [], ""camera_model"": [], ""x_resolution"": [], ""y_resolution"": [], ""error_message"": [], ""bits_per_sample"": [], ""processing_note"": [], ""caption_language"": [], ""file_identifiers"": [{""id"": ""pyramidal-derivatives-shrine://b7/95/70/b795702d831c433795024b0cccdeb09e/intermediate_file.tif""}], ""internal_resource"": ""FileMetadata"", ""original_filename"": [""intermediate_file.tif""], ""source_media_type"": [], ""date_of_digitization"": [], ""preservation_copy_of_id"": null, ""original_language_caption"": null}], ""service_targets"": [], ""cached_parent_id"": [{""id"": ""b7f6f438-4363-4003-8b74-779b5e31f210""}], ""processing_status"": [""processed""], ""optimistic_lock_token"": [{""token"": ""3"", ""adapter_id"": {""id"": ""746f06acf4d573bebd8c8a500b398589""}}]}",2026-09-29 21:03:59.832307,2026-09-30 13:41:28.274486,FileSet,4
e9e2cdea-6d6d-47c8-abb3-64c9e9b4624d,"{""part"": [], ""side"": [], ""title"": [""00000131.tif""], ""barcode"": [], ""edit_users"": [], ""highlights"": [], ""member_ids"": [], ""read_users"": [], ""edit_groups"": [], ""read_groups"": [""public""], ""file_metadata"": [{""id"": {""id"": ""00f7d091-2aba-431a-ac9c-34d57ae88400""}, ""use"": [{""@id"": ""http://pcdm.org/use#OriginalFile""}], ""size"": [""54695098""], ""label"": [""00000131.tif""], ""width"": [""3461""], ""bounds"": [], ""height"": [""5262""], ""checksum"": [{""id"": null, ""md5"": ""0eccf4a11f9557f43c44a5d8023ae9e6"", ""sha1"": ""8c6a5a1e2b1e7b8e5c70fa8728e4214aa0dd122d"", ""sha256"": ""77c93a071ad00c5a2673dc6dd95f4e2cd7fbab037fcd114024c5db536258e6ce"", ""created_at"": null, ""new_record"": true, ""updated_at"": null, ""internal_resource"": ""MultiChecksum""}], ""duration"": [], ""geometry"": [], ""producer"": [], ""software"": [], ""mime_type"": [""image/tiff""], ""change_set"": null, ""created_at"": ""2026-09-29T21:04:00+00:00"", ""edit_users"": [], ""new_record"": true, ""page_count"": null, ""read_users"": [], ""updated_at"": ""2026-09-29T21:04:00+00:00"", ""edit_groups"": [], ""read_groups"": [], ""camera_model"": [], ""x_resolution"": [], ""y_resolution"": [], ""error_message"": [], ""bits_per_sample"": [], ""processing_note"": [], ""caption_language"": [], ""file_identifiers"": [{""id"": ""disk:///opt/repository/files/00/f7/d0/00f7d0912aba431aac9c34d57ae88400/00000131.tif""}], ""internal_resource"": ""FileMetadata"", ""original_filename"": [""00000131.tif""], ""source_media_type"": [], ""date_of_digitization"": [], ""preservation_copy_of_id"": null, ""original_language_caption"": null}, {""id"": {""id"": ""e994220a-ee7a-4c6a-a790-c4b117e0b4c1""}, ""use"": [{""@id"": ""http://pcdm.org/use#ServiceFile""}], ""size"": [], ""label"": [""intermediate_file.tif""], ""width"": [], ""bounds"": [], ""height"": [], ""checksum"": [], ""duration"": [], ""geometry"": [], ""producer"": [], ""software"": [], ""mime_type"": [""image/tiff""], ""change_set"": null, ""created_at"": ""2026-09-29T21:05:43+00:00"", ""edit_users"": [], ""new_record"": true, ""page_count"": null, ""read_users"": [], ""updated_at"": ""2026-09-29T21:05:43+00:00"", ""edit_groups"": [], ""read_groups"": [], ""camera_model"": [], ""x_resolution"": [], ""y_resolution"": [], ""error_message"": [], ""bits_per_sample"": [], ""processing_note"": [], ""caption_language"": [], ""file_identifiers"": [{""id"": ""pyramidal-derivatives-shrine://e9/94/22/e994220aee7a4c6aa790c4b117e0b4c1/intermediate_file.tif""}], ""internal_resource"": ""FileMetadata"", ""original_filename"": [""intermediate_file.tif""], ""source_media_type"": [], ""date_of_digitization"": [], ""preservation_copy_of_id"": null, ""original_language_caption"": null}], ""service_targets"": [], ""cached_parent_id"": [{""id"": ""b7f6f438-4363-4003-8b74-779b5e31f210""}], ""processing_status"": [""processed""], ""optimistic_lock_token"": [{""token"": ""3"", ""adapter_id"": {""id"": ""746f06acf4d573bebd8c8a500b398589""}}]}",2026-09-29 21:04:50.401074,2026-09-30 13:41:28.292068,FileSet,4
348e484f-7aec-4e78-ad26-146adb09e884,"{""part"": [], ""side"": [], ""title"": [""00000132.tif""], ""barcode"": [], ""edit_users"": [], ""highlights"": [], ""member_ids"": [], ""read_users"": [], ""edit_groups"": [], ""read_groups"": [""public""], ""file_metadata"": [{""id"": {""id"": ""74bbab40-303f-40c8-85da-5ae36993ae50""}, ""use"": [{""@id"": ""http://pcdm.org/use#OriginalFile""}], ""size"": [""59796536""], ""label"": [""00000132.tif""], ""width"": [""3680""], ""bounds"": [], ""height"": [""5411""], ""checksum"": [{""id"": null, ""md5"": ""d5b5d60b0937844b845f138c23a162cf"", ""sha1"": ""5d668e994c503ab4c946a9cd4c826ae87d992c45"", ""sha256"": ""94ce8c12f70a1aa380c6ac9ae137eecf0c0c0b1f499f4370a849152128dba06d"", ""created_at"": null, ""new_record"": true, ""updated_at"": null, ""internal_resource"": ""MultiChecksum""}], ""duration"": [], ""geometry"": [], ""producer"": [], ""software"": [], ""mime_type"": [""image/tiff""], ""change_set"": null, ""created_at"": ""2026-09-29T21:04:09+00:00"", ""edit_users"": [], ""new_record"": true, ""page_count"": null, ""read_users"": [], ""updated_at"": ""2026-09-29T21:04:09+00:00"", ""edit_groups"": [], ""read_groups"": [], ""camera_model"": [], ""x_resolution"": [], ""y_resolution"": [], ""error_message"": [], ""bits_per_sample"": [], ""processing_note"": [], ""caption_language"": [], ""file_identifiers"": [{""id"": ""disk:///opt/repository/files/74/bb/ab/74bbab40303f40c885da5ae36993ae50/00000132.tif""}], ""internal_resource"": ""FileMetadata"", ""original_filename"": [""00000132.tif""], ""source_media_type"": [], ""date_of_digitization"": [], ""preservation_copy_of_id"": null, ""original_language_caption"": null}, {""id"": {""id"": ""c8053d76-34cd-456b-b57c-d83ef448380f""}, ""use"": [{""@id"": ""http://pcdm.org/use#ServiceFile""}], ""size"": [], ""label"": [""intermediate_file.tif""], ""width"": [], ""bounds"": [], ""height"": [], ""checksum"": [], ""duration"": [], ""geometry"": [], ""producer"": [], ""software"": [], ""mime_type"": [""image/tiff""], ""change_set"": null, ""created_at"": ""2026-09-29T21:05:42+00:00"", ""edit_users"": [], ""new_record"": true, ""page_count"": null, ""read_users"": [], ""updated_at"": ""2026-09-29T21:05:42+00:00"", ""edit_groups"": [], ""read_groups"": [], ""camera_model"": [], ""x_resolution"": [], ""y_resolution"": [], ""error_message"": [], ""bits_per_sample"": [], ""processing_note"": [], ""caption_language"": [], ""file_identifiers"": [{""id"": ""pyramidal-derivatives-shrine://c8/05/3d/c8053d7634cd456bb57cd83ef448380f/intermediate_file.tif""}], ""internal_resource"": ""FileMetadata"", ""original_filename"": [""intermediate_file.tif""], ""source_media_type"": [], ""date_of_digitization"": [], ""preservation_copy_of_id"": null, ""original_language_caption"": null}], ""service_targets"": [], ""cached_parent_id"": [{""id"": ""b7f6f438-4363-4003-8b74-779b5e31f210""}], ""processing_status"": [""processed""], ""optimistic_lock_token"": [{""token"": ""3"", ""adapter_id"": {""id"": ""746f06acf4d573bebd8c8a500b398589""}}]}",2026-09-29 21:04:50.409277,2026-09-30 13:41:28.310335,FileSet,4
cd34ced4-223e-4552-a6a9-1a7f8f206267,"{""part"": [], ""side"": [], ""title"": [""00000133.tif""], ""barcode"": [], ""edit_users"": [], ""highlights"": [], ""member_ids"": [], ""read_users"": [], ""edit_groups"": [], ""read_groups"": [""public""], ""file_metadata"": [{""id"": {""id"": ""6989a2ec-8ac6-42c3-bbea-fc06810ff5dc""}, ""use"": [{""@id"": ""http://pcdm.org/use#OriginalFile""}], ""size"": [""54695098""], ""label"": [""00000133.tif""], ""width"": [""3461""], ""bounds"": [], ""height"": [""5262""], ""checksum"": [{""id"": null, ""md5"": ""4bad97148bf339f1aed852a23c132c63"", ""sha1"": ""a44fda176ad8f4edb755e0cf6bcb5bcae2fd9ffa"", ""sha256"": ""be0b8f4c8a5e97838f472fa025eddacf920a36b4ea84bf4812b7af82ef0411a0"", ""created_at"": null, ""new_record"": true, ""updated_at"": null, ""internal_resource"": ""MultiChecksum""}], ""duration"": [], ""geometry"": [], ""producer"": [], ""software"": [], ""mime_type"": [""image/tiff""], ""change_set"": null, ""created_at"": ""2026-09-29T21:04:12+00:00"", ""edit_users"": [], ""new_record"": true, ""page_count"": null, ""read_users"": [], ""updated_at"": ""2026-09-29T21:04:12+00:00"", ""edit_groups"": [], ""read_groups"": [], ""camera_model"": [], ""x_resolution"": [], ""y_resolution"": [], ""error_message"": [], ""bits_per_sample"": [], ""processing_note"": [], ""caption_language"": [], ""file_identifiers"": [{""id"": ""disk:///opt/repository/files/69/89/a2/6989a2ec8ac642c3bbeafc06810ff5dc/00000133.tif""}], ""internal_resource"": ""FileMetadata"", ""original_filename"": [""00000133.tif""], ""source_media_type"": [], ""date_of_digitization"": [], ""preservation_copy_of_id"": null, ""original_language_caption"": null}, {""id"": {""id"": ""ff3c0c28-10ab-4fdb-8be9-fbb442e9e1e5""}, ""use"": [{""@id"": ""http://pcdm.org/use#ServiceFile""}], ""size"": [], ""label"": [""intermediate_file.tif""], ""width"": [], ""bounds"": [], ""height"": [], ""checksum"": [], ""duration"": [], ""geometry"": [], ""producer"": [], ""software"": [], ""mime_type"": [""image/tiff""], ""change_set"": null, ""created_at"": ""2026-09-29T21:06:51+00:00"", ""edit_users"": [], ""new_record"": true, ""page_count"": null, ""read_users"": [], ""updated_at"": ""2026-09-29T21:06:51+00:00"", ""edit_groups"": [], ""read_groups"": [], ""camera_model"": [], ""x_resolution"": [], ""y_resolution"": [], ""error_message"": [], ""bits_per_sample"": [], ""processing_note"": [], ""caption_language"": [], ""file_identifiers"": [{""id"": ""pyramidal-derivatives-shrine://ff/3c/0c/ff3c0c2810ab4fdb8be9fbb442e9e1e5/intermediate_file.tif""}], ""internal_resource"": ""FileMetadata"", ""original_filename"": [""intermediate_file.tif""], ""source_media_type"": [], ""date_of_digitization"": [], ""preservation_copy_of_id"": null, ""original_language_caption"": null}], ""service_targets"": [], ""cached_parent_id"": [{""id"": ""b7f6f438-4363-4003-8b74-779b5e31f210""}], ""processing_status"": [""processed""], ""optimistic_lock_token"": [{""token"": ""3"", ""adapter_id"": {""id"": ""746f06acf4d573bebd8c8a500b398589""}}]}",2026-09-29 21:04:50.418789,2026-09-30 13:41:28.325707,FileSet,4
a7e29aee-9fd2-4cd5-ae6f-219c66dbc680,"{""part"": [], ""side"": [], ""title"": [""00000134.tif""], ""barcode"": [], ""edit_users"": [], ""highlights"": [], ""member_ids"": [], ""read_users"": [], ""edit_groups"": [], ""read_groups"": [""public""], ""file_metadata"": [{""id"": {""id"": ""733becb5-5c90-4bcc-96bf-d6b69048faf8""}, ""use"": [{""@id"": ""http://pcdm.org/use#OriginalFile""}], ""size"": [""59796536""], ""label"": [""00000134.tif""], ""width"": [""3680""], ""bounds"": [], ""height"": [""5411""], ""checksum"": [{""id"": null, ""md5"": ""bc3c7d6f5b4eb5570801a925f4deb2d4"", ""sha1"": ""5a9d793693915e6bad71b01e8740aad0d58375f7"", ""sha256"": ""13f7b3a72245d23f7e4544c874828585e692375d701290f2f4b738ee4dbd22aa"", ""created_at"": null, ""new_record"": true, ""updated_at"": null, ""internal_resource"": ""MultiChecksum""}], ""duration"": [], ""geometry"": [], ""producer"": [], ""software"": [], ""mime_type"": [""image/tiff""], ""change_set"": null, ""created_at"": ""2026-09-29T21:04:18+00:00"", ""edit_users"": [], ""new_record"": true, ""page_count"": null, ""read_users"": [], ""updated_at"": ""2026-09-29T21:04:18+00:00"", ""edit_groups"": [], ""read_groups"": [], ""camera_model"": [], ""x_resolution"": [], ""y_resolution"": [], ""error_message"": [], ""bits_per_sample"": [], ""processing_note"": [], ""caption_language"": [], ""file_identifiers"": [{""id"": ""disk:///opt/repository/files/73/3b/ec/733becb55c904bcc96bfd6b69048faf8/00000134.tif""}], ""internal_resource"": ""FileMetadata"", ""original_filename"": [""00000134.tif""], ""source_media_type"": [], ""date_of_digitization"": [], ""preservation_copy_of_id"": null, ""original_language_caption"": null}, {""id"": {""id"": ""811bb97b-4097-4bf1-a444-8f7a09612dca""}, ""use"": [{""@id"": ""http://pcdm.org/use#ServiceFile""}], ""size"": [], ""label"": [""intermediate_file.tif""], ""width"": [], ""bounds"": [], ""height"": [], ""checksum"": [], ""duration"": [], ""geometry"": [], ""producer"": [], ""software"": [], ""mime_type"": [""image/tiff""], ""change_set"": null, ""created_at"": ""2026-09-29T21:07:00+00:00"", ""edit_users"": [], ""new_record"": true, ""page_count"": null, ""read_users"": [], ""updated_at"": ""2026-09-29T21:07:00+00:00"", ""edit_groups"": [], ""read_groups"": [], ""camera_model"": [], ""x_resolution"": [], ""y_resolution"": [], ""error_message"": [], ""bits_per_sample"": [], ""processing_note"": [], ""caption_language"": [], ""file_identifiers"": [{""id"": ""pyramidal-derivatives-shrine://81/1b/b9/811bb97b40974bf1a4448f7a09612dca/intermediate_file.tif""}], ""internal_resource"": ""FileMetadata"", ""original_filename"": [""intermediate_file.tif""], ""source_media_type"": [], ""date_of_digitization"": [], ""preservation_copy_of_id"": null, ""original_language_caption"": null}], ""service_targets"": [], ""cached_parent_id"": [{""id"": ""b7f6f438-4363-4003-8b74-779b5e31f210""}], ""processing_status"": [""processed""], ""optimistic_lock_token"": [{""token"": ""3"", ""adapter_id"": {""id"": ""746f06acf4d573bebd8c8a500b398589""}}]}",2026-09-29 21:04:50.431068,2026-09-30 13:41:28.340174,FileSet,4
520b6f6e-a5fa-44e5-81d4-d59d0b3844d9,"{""part"": [], ""side"": [], ""title"": [""00000135.tif""], ""barcode"": [], ""edit_users"": [], ""highlights"": [], ""member_ids"": [], ""read_users"": [], ""edit_groups"": [], ""read_groups"": [""public""], ""file_metadata"": [{""id"": {""id"": ""f6a600fc-273a-413d-8e8f-96408cc92641""}, ""use"": [{""@id"": ""http://pcdm.org/use#OriginalFile""}], ""size"": [""54695098""], ""label"": [""00000135.tif""], ""width"": [""3461""], ""bounds"": [], ""height"": [""5262""], ""checksum"": [{""id"": null, ""md5"": ""6df5c96d9af28d34e8aa897552336362"", ""sha1"": ""630f45ba908494032f4e85d8262cd2cf993879ab"", ""sha256"": ""10422ff9af1dadd35ec690860c40676651a09fcf26eb5e6d1230ecc07cdf6531"", ""created_at"": null, ""new_record"": true, ""updated_at"": null, ""internal_resource"": ""MultiChecksum""}], ""duration"": [], ""geometry"": [], ""producer"": [], ""software"": [], ""mime_type"": [""image/tiff""], ""change_set"": null, ""created_at"": ""2026-09-29T21:04:22+00:00"", ""edit_users"": [], ""new_record"": true, ""page_count"": null, ""read_users"": [], ""updated_at"": ""2026-09-29T21:04:22+00:00"", ""edit_groups"": [], ""read_groups"": [], ""camera_model"": [], ""x_resolution"": [], ""y_resolution"": [], ""error_message"": [], ""bits_per_sample"": [], ""processing_note"": [], ""caption_language"": [], ""file_identifiers"": [{""id"": ""disk:///opt/repository/files/f6/a6/00/f6a600fc273a413d8e8f96408cc92641/00000135.tif""}], ""internal_resource"": ""FileMetadata"", ""original_filename"": [""00000135.tif""], ""source_media_type"": [], ""date_of_digitization"": [], ""preservation_copy_of_id"": null, ""original_language_caption"": null}, {""id"": {""id"": ""18ec327d-f6f2-4e38-aa14-7f925c09a184""}, ""use"": [{""@id"": ""http://pcdm.org/use#ServiceFile""}], ""size"": [], ""label"": [""intermediate_file.tif""], ""width"": [], ""bounds"": [], ""height"": [], ""checksum"": [], ""duration"": [], ""geometry"": [], ""producer"": [], ""software"": [], ""mime_type"": [""image/tiff""], ""change_set"": null, ""created_at"": ""2026-09-29T21:05:44+00:00"", ""edit_users"": [], ""new_record"": true, ""page_count"": null, ""read_users"": [], ""updated_at"": ""2026-09-29T21:05:44+00:00"", ""edit_groups"": [], ""read_groups"": [], ""camera_model"": [], ""x_resolution"": [], ""y_resolution"": [], ""error_message"": [], ""bits_per_sample"": [], ""processing_note"": [], ""caption_language"": [], ""file_identifiers"": [{""id"": ""pyramidal-derivatives-shrine://18/ec/32/18ec327df6f24e38aa147f925c09a184/intermediate_file.tif""}], ""internal_resource"": ""FileMetadata"", ""original_filename"": [""intermediate_file.tif""], ""source_media_type"": [], ""date_of_digitization"": [], ""preservation_copy_of_id"": null, ""original_language_caption"": null}], ""service_targets"": [], ""cached_parent_id"": [{""id"": ""b7f6f438-4363-4003-8b74-779b5e31f210""}], ""processing_status"": [""processed""], ""optimistic_lock_token"": [{""token"": ""3"", ""adapter_id"": {""id"": ""746f06acf4d573bebd8c8a500b398589""}}]}",2026-09-29 21:04:50.438162,2026-09-30 13:41:28.355354,FileSet,4
45d477a5-50c1-4786-971f-bb2b3fe3fdb5,"{""part"": [], ""side"": [], ""title"": [""00000136.tif""], ""barcode"": [], ""edit_users"": [], ""highlights"": [], ""member_ids"": [], ""read_users"": [], ""edit_groups"": [], ""read_groups"": [""public""], ""file_metadata"": [{""id"": {""id"": ""089a7391-ac42-40c2-b776-7168c93f5ddc""}, ""use"": [{""@id"": ""http://pcdm.org/use#OriginalFile""}], ""size"": [""59796536""], ""label"": [""00000136.tif""], ""width"": [""3680""], ""bounds"": [], ""height"": [""5411""], ""checksum"": [{""id"": null, ""md5"": ""4b2acc65c11316c5879c59d363488266"", ""sha1"": ""fcdaf9970ef875897659d26b61f07580663f5fc6"", ""sha256"": ""5268831c08af1061954742df2a7a795610bcf6821f2e66f11fa51f53d7f2a443"", ""created_at"": null, ""new_record"": true, ""updated_at"": null, ""internal_resource"": ""MultiChecksum""}], ""duration"": [], ""geometry"": [], ""producer"": [], ""software"": [], ""mime_type"": [""image/tiff""], ""change_set"": null, ""created_at"": ""2026-09-29T21:04:28+00:00"", ""edit_users"": [], ""new_record"": true, ""page_count"": null, ""read_users"": [], ""updated_at"": ""2026-09-29T21:04:28+00:00"", ""edit_groups"": [], ""read_groups"": [], ""camera_model"": [], ""x_resolution"": [], ""y_resolution"": [], ""error_message"": [], ""bits_per_sample"": [], ""processing_note"": [], ""caption_language"": [], ""file_identifiers"": [{""id"": ""disk:///opt/repository/files/08/9a/73/089a7391ac4240c2b7767168c93f5ddc/00000136.tif""}], ""internal_resource"": ""FileMetadata"", ""original_filename"": [""00000136.tif""], ""source_media_type"": [], ""date_of_digitization"": [], ""preservation_copy_of_id"": null, ""original_language_caption"": null}, {""id"": {""id"": ""3a6c54ff-da46-4d03-bf37-b8cca497053c""}, ""use"": [{""@id"": ""http://pcdm.org/use#ServiceFile""}], ""size"": [], ""label"": [""intermediate_file.tif""], ""width"": [], ""bounds"": [], ""height"": [], ""checksum"": [], ""duration"": [], ""geometry"": [], ""producer"": [], ""software"": [], ""mime_type"": [""image/tiff""], ""change_set"": null, ""created_at"": ""2026-09-29T21:05:39+00:00"", ""edit_users"": [], ""new_record"": true, ""page_count"": null, ""read_users"": [], ""updated_at"": ""2026-09-29T21:05:39+00:00"", ""edit_groups"": [], ""read_groups"": [], ""camera_model"": [], ""x_resolution"": [], ""y_resolution"": [], ""error_message"": [], ""bits_per_sample"": [], ""processing_note"": [], ""caption_language"": [], ""file_identifiers"": [{""id"": ""pyramidal-derivatives-shrine://3a/6c/54/3a6c54ffda464d03bf37b8cca497053c/intermediate_file.tif""}], ""internal_resource"": ""FileMetadata"", ""original_filename"": [""intermediate_file.tif""], ""source_media_type"": [], ""date_of_digitization"": [], ""preservation_copy_of_id"": null, ""original_language_caption"": null}], ""service_targets"": [], ""cached_parent_id"": [{""id"": ""b7f6f438-4363-4003-8b74-779b5e31f210""}], ""processing_status"": [""processed""], ""optimistic_lock_token"": [{""token"": ""3"", ""adapter_id"": {""id"": ""746f06acf4d573bebd8c8a500b398589""}}]}",2026-09-29 21:04:50.446104,2026-09-30 13:41:28.36957,FileSet,4
f9942da0-eb59-45f2-9ffd-898e9488f4a0,"{""part"": [], ""side"": [], ""title"": [""00000137.tif""], ""barcode"": [], ""edit_users"": [], ""highlights"": [], ""member_ids"": [], ""read_users"": [], ""edit_groups"": [], ""read_groups"": [""public""], ""file_metadata"": [{""id"": {""id"": ""9f8d3551-a4b7-4eac-9729-48235870e086""}, ""use"": [{""@id"": ""http://pcdm.org/use#OriginalFile""}], ""size"": [""54695098""], ""label"": [""00000137.tif""], ""width"": [""3461""], ""bounds"": [], ""height"": [""5262""], ""checksum"": [{""id"": null, ""md5"": ""bb43a53d31cb7e802beecf54efeb26cb"", ""sha1"": ""910b1cbf555585150b8f6093ebc8c84d5c229bee"", ""sha256"": ""5b895420410623c8498dfc19db0a0104ab0d5a04d444c4d6da94eb089daa3889"", ""created_at"": null, ""new_record"": true, ""updated_at"": null, ""internal_resource"": ""MultiChecksum""}], ""duration"": [], ""geometry"": [], ""producer"": [], ""software"": [], ""mime_type"": [""image/tiff""], ""change_set"": null, ""created_at"": ""2026-09-29T21:04:32+00:00"", ""edit_users"": [], ""new_record"": true, ""page_count"": null, ""read_users"": [], ""updated_at"": ""2026-09-29T21:04:32+00:00"", ""edit_groups"": [], ""read_groups"": [], ""camera_model"": [], ""x_resolution"": [], ""y_resolution"": [], ""error_message"": [], ""bits_per_sample"": [], ""processing_note"": [], ""caption_language"": [], ""file_identifiers"": [{""id"": ""disk:///opt/repository/files/9f/8d/35/9f8d3551a4b74eac972948235870e086/00000137.tif""}], ""internal_resource"": ""FileMetadata"", ""original_filename"": [""00000137.tif""], ""source_media_type"": [], ""date_of_digitization"": [], ""preservation_copy_of_id"": null, ""original_language_caption"": null}, {""id"": {""id"": ""d43a57d2-ed10-4c10-9ea1-b6b2cda72316""}, ""use"": [{""@id"": ""http://pcdm.org/use#ServiceFile""}], ""size"": [], ""label"": [""intermediate_file.tif""], ""width"": [], ""bounds"": [], ""height"": [], ""checksum"": [], ""duration"": [], ""geometry"": [], ""producer"": [], ""software"": [], ""mime_type"": [""image/tiff""], ""change_set"": null, ""created_at"": ""2026-09-29T21:06:51+00:00"", ""edit_users"": [], ""new_record"": true, ""page_count"": null, ""read_users"": [], ""updated_at"": ""2026-09-29T21:06:51+00:00"", ""edit_groups"": [], ""read_groups"": [], ""camera_model"": [], ""x_resolution"": [], ""y_resolution"": [], ""error_message"": [], ""bits_per_sample"": [], ""processing_note"": [], ""caption_language"": [], ""file_identifiers"": [{""id"": ""pyramidal-derivatives-shrine://d4/3a/57/d43a57d2ed104c109ea1b6b2cda72316/intermediate_file.tif""}], ""internal_resource"": ""FileMetadata"", ""original_filename"": [""intermediate_file.tif""], ""source_media_type"": [], ""date_of_digitization"": [], ""preservation_copy_of_id"": null, ""original_language_caption"": null}], ""service_targets"": [], ""cached_parent_id"": [{""id"": ""b7f6f438-4363-4003-8b74-779b5e31f210""}], ""processing_status"": [""processed""], ""optimistic_lock_token"": [{""token"": ""3"", ""adapter_id"": {""id"": ""746f06acf4d573bebd8c8a500b398589""}}]}",2026-09-29 21:04:50.452621,2026-09-30 13:41:28.387473,FileSet,4
cf2f1ada-86e7-4534-93f8-c5a66197bec2,"{""part"": [], ""side"": [], ""title"": [""00000138.tif""], ""barcode"": [], ""edit_users"": [], ""highlights"": [], ""member_ids"": [], ""read_users"": [], ""edit_groups"": [], ""read_groups"": [""public""], ""file_metadata"": [{""id"": {""id"": ""948d89bb-529c-485a-9910-70d9e8b104a9""}, ""use"": [{""@id"": ""http://pcdm.org/use#OriginalFile""}], ""size"": [""59796536""], ""label"": [""00000138.tif""], ""width"": [""3680""], ""bounds"": [], ""height"": [""5411""], ""checksum"": [{""id"": null, ""md5"": ""e56f389dcb3b2cb5dc581cdcfa21a08c"", ""sha1"": ""d5ee3703ad075fb20e40bca517a8266730acafce"", ""sha256"": ""aada636ba369e26fbd00c65802a396422fdae41cf179b3f80d87b00c3648869b"", ""created_at"": null, ""new_record"": true, ""updated_at"": null, ""internal_resource"": ""MultiChecksum""}], ""duration"": [], ""geometry"": [], ""producer"": [], ""software"": [], ""mime_type"": [""image/tiff""], ""change_set"": null, ""created_at"": ""2026-09-29T21:04:36+00:00"", ""edit_users"": [], ""new_record"": true, ""page_count"": null, ""read_users"": [], ""updated_at"": ""2026-09-29T21:04:36+00:00"", ""edit_groups"": [], ""read_groups"": [], ""camera_model"": [], ""x_resolution"": [], ""y_resolution"": [], ""error_message"": [], ""bits_per_sample"": [], ""processing_note"": [], ""caption_language"": [], ""file_identifiers"": [{""id"": ""disk:///opt/repository/files/94/8d/89/948d89bb529c485a991070d9e8b104a9/00000138.tif""}], ""internal_resource"": ""FileMetadata"", ""original_filename"": [""00000138.tif""], ""source_media_type"": [], ""date_of_digitization"": [], ""preservation_copy_of_id"": null, ""original_language_caption"": null}, {""id"": {""id"": ""696a162e-754c-4e26-94d5-f73e6222f843""}, ""use"": [{""@id"": ""http://pcdm.org/use#ServiceFile""}], ""size"": [], ""label"": [""intermediate_file.tif""], ""width"": [], ""bounds"": [], ""height"": [], ""checksum"": [], ""duration"": [], ""geometry"": [], ""producer"": [], ""software"": [], ""mime_type"": [""image/tiff""], ""change_set"": null, ""created_at"": ""2026-09-29T21:05:39+00:00"", ""edit_users"": [], ""new_record"": true, ""page_count"": null, ""read_users"": [], ""updated_at"": ""2026-09-29T21:05:39+00:00"", ""edit_groups"": [], ""read_groups"": [], ""camera_model"": [], ""x_resolution"": [], ""y_resolution"": [], ""error_message"": [], ""bits_per_sample"": [], ""processing_note"": [], ""caption_language"": [], ""file_identifiers"": [{""id"": ""pyramidal-derivatives-shrine://69/6a/16/696a162e754c4e2694d5f73e6222f843/intermediate_file.tif""}], ""internal_resource"": ""FileMetadata"", ""original_filename"": [""intermediate_file.tif""], ""source_media_type"": [], ""date_of_digitization"": [], ""preservation_copy_of_id"": null, ""original_language_caption"": null}], ""service_targets"": [], ""cached_parent_id"": [{""id"": ""b7f6f438-4363-4003-8b74-779b5e31f210""}], ""processing_status"": [""processed""], ""optimistic_lock_token"": [{""token"": ""3"", ""adapter_id"": {""id"": ""746f06acf4d573bebd8c8a500b398589""}}]}",2026-09-29 21:04:50.459817,2026-09-30 13:41:28.402626,FileSet,4
7a772e06-66e9-42f5-84a7-437f336322cb,"{""part"": [], ""side"": [], ""title"": [""00000139.tif""], ""barcode"": [], ""edit_users"": [], ""highlights"": [], ""member_ids"": [], ""read_users"": [], ""edit_groups"": [], ""read_groups"": [""public""], ""file_metadata"": [{""id"": {""id"": ""79f2e175-ac2b-460f-8575-712755257d3b""}, ""use"": [{""@id"": ""http://pcdm.org/use#OriginalFile""}], ""size"": [""54695098""], ""label"": [""00000139.tif""], ""width"": [""3461""], ""bounds"": [], ""height"": [""5262""], ""checksum"": [{""id"": null, ""md5"": ""e299bdcc99d0bb09575c90c71bb35c5e"", ""sha1"": ""44f3c66681b7d61539a610335ab94cd0ce3653f9"", ""sha256"": ""a17c5c2275934890e5442a9e91422e465aea0a0d8e17eb431acf04dceaa04cd6"", ""created_at"": null, ""new_record"": true, ""updated_at"": null, ""internal_resource"": ""MultiChecksum""}], ""duration"": [], ""geometry"": [], ""producer"": [], ""software"": [], ""mime_type"": [""image/tiff""], ""change_set"": null, ""created_at"": ""2026-09-29T21:04:41+00:00"", ""edit_users"": [], ""new_record"": true, ""page_count"": null, ""read_users"": [], ""updated_at"": ""2026-09-29T21:04:41+00:00"", ""edit_groups"": [], ""read_groups"": [], ""camera_model"": [], ""x_resolution"": [], ""y_resolution"": [], ""error_message"": [], ""bits_per_sample"": [], ""processing_note"": [], ""caption_language"": [], ""file_identifiers"": [{""id"": ""disk:///opt/repository/files/79/f2/e1/79f2e175ac2b460f8575712755257d3b/00000139.tif""}], ""internal_resource"": ""FileMetadata"", ""original_filename"": [""00000139.tif""], ""source_media_type"": [], ""date_of_digitization"": [], ""preservation_copy_of_id"": null, ""original_language_caption"": null}, {""id"": {""id"": ""f69f75b3-e4a7-4b96-b0ce-381927c4d8a2""}, ""use"": [{""@id"": ""http://pcdm.org/use#ServiceFile""}], ""size"": [], ""label"": [""intermediate_file.tif""], ""width"": [], ""bounds"": [], ""height"": [], ""checksum"": [], ""duration"": [], ""geometry"": [], ""producer"": [], ""software"": [], ""mime_type"": [""image/tiff""], ""change_set"": null, ""created_at"": ""2026-09-29T21:05:35+00:00"", ""edit_users"": [], ""new_record"": true, ""page_count"": null, ""read_users"": [], ""updated_at"": ""2026-09-29T21:05:35+00:00"", ""edit_groups"": [], ""read_groups"": [], ""camera_model"": [], ""x_resolution"": [], ""y_resolution"": [], ""error_message"": [], ""bits_per_sample"": [], ""processing_note"": [], ""caption_language"": [], ""file_identifiers"": [{""id"": ""pyramidal-derivatives-shrine://f6/9f/75/f69f75b3e4a74b96b0ce381927c4d8a2/intermediate_file.tif""}], ""internal_resource"": ""FileMetadata"", ""original_filename"": [""intermediate_file.tif""], ""source_media_type"": [], ""date_of_digitization"": [], ""preservation_copy_of_id"": null, ""original_language_caption"": null}], ""service_targets"": [], ""cached_parent_id"": [{""id"": ""b7f6f438-4363-4003-8b74-779b5e31f210""}], ""processing_status"": [""processed""], ""optimistic_lock_token"": [{""token"": ""3"", ""adapter_id"": {""id"": ""746f06acf4d573bebd8c8a500b398589""}}]}",2026-09-29 21:04:50.46869,2026-09-30 13:41:28.418074,FileSet,4
872daeef-e0c9-4e0e-9c42-d53c8b736022,"{""part"": [], ""side"": [], ""title"": [""00000140.tif""], ""barcode"": [], ""edit_users"": [], ""highlights"": [], ""member_ids"": [], ""read_users"": [], ""edit_groups"": [], ""read_groups"": [""public""], ""file_metadata"": [{""id"": {""id"": ""6dc7be31-4c6a-430d-8a2b-ccf6c7e20d04""}, ""use"": [{""@id"": ""http://pcdm.org/use#OriginalFile""}], ""size"": [""59796536""], ""label"": [""00000140.tif""], ""width"": [""3680""], ""bounds"": [], ""height"": [""5411""], ""checksum"": [{""id"": null, ""md5"": ""c1e0cc1075b02bbc5ba877576f675ef3"", ""sha1"": ""7f0d3ff9b5b890cd4ce71e2bb792fd200bda74e7"", ""sha256"": ""970fb51a4045009b8b0caab8e750fb2734dd5639a4d12ac113e72a6c29283323"", ""created_at"": null, ""new_record"": true, ""updated_at"": null, ""internal_resource"": ""MultiChecksum""}], ""duration"": [], ""geometry"": [], ""producer"": [], ""software"": [], ""mime_type"": [""image/tiff""], ""change_set"": null, ""created_at"": ""2026-09-29T21:04:46+00:00"", ""edit_users"": [], ""new_record"": true, ""page_count"": null, ""read_users"": [], ""updated_at"": ""2026-09-29T21:04:46+00:00"", ""edit_groups"": [], ""read_groups"": [], ""camera_model"": [], ""x_resolution"": [], ""y_resolution"": [], ""error_message"": [], ""bits_per_sample"": [], ""processing_note"": [], ""caption_language"": [], ""file_identifiers"": [{""id"": ""disk:///opt/repository/files/6d/c7/be/6dc7be314c6a430d8a2bccf6c7e20d04/00000140.tif""}], ""internal_resource"": ""FileMetadata"", ""original_filename"": [""00000140.tif""], ""source_media_type"": [], ""date_of_digitization"": [], ""preservation_copy_of_id"": null, ""original_language_caption"": null}, {""id"": {""id"": ""b6af089a-e628-40e7-aa35-29f10d11f7ed""}, ""use"": [{""@id"": ""http://pcdm.org/use#ServiceFile""}], ""size"": [], ""label"": [""intermediate_file.tif""], ""width"": [], ""bounds"": [], ""height"": [], ""checksum"": [], ""duration"": [], ""geometry"": [], ""producer"": [], ""software"": [], ""mime_type"": [""image/tiff""], ""change_set"": null, ""created_at"": ""2026-09-29T21:06:48+00:00"", ""edit_users"": [], ""new_record"": true, ""page_count"": null, ""read_users"": [], ""updated_at"": ""2026-09-29T21:06:48+00:00"", ""edit_groups"": [], ""read_groups"": [], ""camera_model"": [], ""x_resolution"": [], ""y_resolution"": [], ""error_message"": [], ""bits_per_sample"": [], ""processing_note"": [], ""caption_language"": [], ""file_identifiers"": [{""id"": ""pyramidal-derivatives-shrine://b6/af/08/b6af089ae62840e7aa3529f10d11f7ed/intermediate_file.tif""}], ""internal_resource"": ""FileMetadata"", ""original_filename"": [""intermediate_file.tif""], ""source_media_type"": [], ""date_of_digitization"": [], ""preservation_copy_of_id"": null, ""original_language_caption"": null}], ""service_targets"": [], ""cached_parent_id"": [{""id"": ""b7f6f438-4363-4003-8b74-779b5e31f210""}], ""processing_status"": [""processed""], ""optimistic_lock_token"": [{""token"": ""3"", ""adapter_id"": {""id"": ""746f06acf4d573bebd8c8a500b398589""}}]}",2026-09-29 21:04:50.479768,2026-09-30 13:41:28.433091,FileSet,4
0be532c8-cfd9-46b8-a1dc-62e2efd238e5,"{""part"": [], ""side"": [], ""title"": [""00000141.tif""], ""barcode"": [], ""edit_users"": [], ""highlights"": [], ""member_ids"": [], ""read_users"": [], ""edit_groups"": [], ""read_groups"": [""public""], ""file_metadata"": [{""id"": {""id"": ""5abd892a-393b-4ac2-8f00-4137200f7f53""}, ""use"": [{""@id"": ""http://pcdm.org/use#OriginalFile""}], ""size"": [""54695098""], ""label"": [""00000141.tif""], ""width"": [""3461""], ""bounds"": [], ""height"": [""5262""], ""checksum"": [{""id"": null, ""md5"": ""11c1d97623a5ad3f9e3e2e87fbc991b4"", ""sha1"": ""06f511963e6353a2339367c0c8a9b246327d89bd"", ""sha256"": ""9cc1301afb79113fd1d962710d787f4d0a6b83f33055dc4476bc2e791078b56d"", ""created_at"": null, ""new_record"": true, ""updated_at"": null, ""internal_resource"": ""MultiChecksum""}], ""duration"": [], ""geometry"": [], ""producer"": [], ""software"": [], ""mime_type"": [""image/tiff""], ""change_set"": null, ""created_at"": ""2026-09-29T21:04:51+00:00"", ""edit_users"": [], ""new_record"": true, ""page_count"": null, ""read_users"": [], ""updated_at"": ""2026-09-29T21:04:51+00:00"", ""edit_groups"": [], ""read_groups"": [], ""camera_model"": [], ""x_resolution"": [], ""y_resolution"": [], ""error_message"": [], ""bits_per_sample"": [], ""processing_note"": [], ""caption_language"": [], ""file_identifiers"": [{""id"": ""disk:///opt/repository/files/5a/bd/89/5abd892a393b4ac28f004137200f7f53/00000141.tif""}], ""internal_resource"": ""FileMetadata"", ""original_filename"": [""00000141.tif""], ""source_media_type"": [], ""date_of_digitization"": [], ""preservation_copy_of_id"": null, ""original_language_caption"": null}, {""id"": {""id"": ""b2f85c31-7f74-43ba-9acb-015707fee80d""}, ""use"": [{""@id"": ""http://pcdm.org/use#ServiceFile""}], ""size"": [], ""label"": [""intermediate_file.tif""], ""width"": [], ""bounds"": [], ""height"": [], ""checksum"": [], ""duration"": [], ""geometry"": [], ""producer"": [], ""software"": [], ""mime_type"": [""image/tiff""], ""change_set"": null, ""created_at"": ""2026-09-29T21:07:30+00:00"", ""edit_users"": [], ""new_record"": true, ""page_count"": null, ""read_users"": [], ""updated_at"": ""2026-09-29T21:07:30+00:00"", ""edit_groups"": [], ""read_groups"": [], ""camera_model"": [], ""x_resolution"": [], ""y_resolution"": [], ""error_message"": [], ""bits_per_sample"": [], ""processing_note"": [], ""caption_language"": [], ""file_identifiers"": [{""id"": ""pyramidal-derivatives-shrine://b2/f8/5c/b2f85c317f7443ba9acb015707fee80d/intermediate_file.tif""}], ""internal_resource"": ""FileMetadata"", ""original_filename"": [""intermediate_file.tif""], ""source_media_type"": [], ""date_of_digitization"": [], ""preservation_copy_of_id"": null, ""original_language_caption"": null}], ""service_targets"": [], ""cached_parent_id"": [{""id"": ""b7f6f438-4363-4003-8b74-779b5e31f210""}], ""processing_status"": [""processed""], ""optimistic_lock_token"": [{""token"": ""3"", ""adapter_id"": {""id"": ""746f06acf4d573bebd8c8a500b398589""}}]}",2026-09-29 21:05:35.978113,2026-09-30 13:41:28.449016,FileSet,4
e508f1a1-641e-47df-83a6-9d028a9797fc,"{""part"": [], ""side"": [], ""title"": [""00000142.tif""], ""barcode"": [], ""edit_users"": [], ""highlights"": [], ""member_ids"": [], ""read_users"": [], ""edit_groups"": [], ""read_groups"": [""public""], ""file_metadata"": [{""id"": {""id"": ""858d880c-4317-458a-bbf0-3ac64844b6f5""}, ""use"": [{""@id"": ""http://pcdm.org/use#OriginalFile""}], ""size"": [""59796536""], ""label"": [""00000142.tif""], ""width"": [""3680""], ""bounds"": [], ""height"": [""5411""], ""checksum"": [{""id"": null, ""md5"": ""e54a8c538c1f48409aa5ac40aa4d33c6"", ""sha1"": ""0228959a7583719411dcef7d8f59b7b1bdaa673a"", ""sha256"": ""22cac2aa5b7d14cfacb765507a49964532f257834fe2e85d46ee8a9a7c46acd6"", ""created_at"": null, ""new_record"": true, ""updated_at"": null, ""internal_resource"": ""MultiChecksum""}], ""duration"": [], ""geometry"": [], ""producer"": [], ""software"": [], ""mime_type"": [""image/tiff""], ""change_set"": null, ""created_at"": ""2026-09-29T21:04:55+00:00"", ""edit_users"": [], ""new_record"": true, ""page_count"": null, ""read_users"": [], ""updated_at"": ""2026-09-29T21:04:55+00:00"", ""edit_groups"": [], ""read_groups"": [], ""camera_model"": [], ""x_resolution"": [], ""y_resolution"": [], ""error_message"": [], ""bits_per_sample"": [], ""processing_note"": [], ""caption_language"": [], ""file_identifiers"": [{""id"": ""disk:///opt/repository/files/85/8d/88/858d880c4317458abbf03ac64844b6f5/00000142.tif""}], ""internal_resource"": ""FileMetadata"", ""original_filename"": [""00000142.tif""], ""source_media_type"": [], ""date_of_digitization"": [], ""preservation_copy_of_id"": null, ""original_language_caption"": null}, {""id"": {""id"": ""8573acdf-e722-4139-a8b3-c8b17381b2ea""}, ""use"": [{""@id"": ""http://pcdm.org/use#ServiceFile""}], ""size"": [], ""label"": [""intermediate_file.tif""], ""width"": [], ""bounds"": [], ""height"": [], ""checksum"": [], ""duration"": [], ""geometry"": [], ""producer"": [], ""software"": [], ""mime_type"": [""image/tiff""], ""change_set"": null, ""created_at"": ""2026-09-29T21:07:36+00:00"", ""edit_users"": [], ""new_record"": true, ""page_count"": null, ""read_users"": [], ""updated_at"": ""2026-09-29T21:07:36+00:00"", ""edit_groups"": [], ""read_groups"": [], ""camera_model"": [], ""x_resolution"": [], ""y_resolution"": [], ""error_message"": [], ""bits_per_sample"": [], ""processing_note"": [], ""caption_language"": [], ""file_identifiers"": [{""id"": ""pyramidal-derivatives-shrine://85/73/ac/8573acdfe7224139a8b3c8b17381b2ea/intermediate_file.tif""}], ""internal_resource"": ""FileMetadata"", ""original_filename"": [""intermediate_file.tif""], ""source_media_type"": [], ""date_of_digitization"": [], ""preservation_copy_of_id"": null, ""original_language_caption"": null}], ""service_targets"": [], ""cached_parent_id"": [{""id"": ""b7f6f438-4363-4003-8b74-779b5e31f210""}], ""processing_status"": [""processed""], ""optimistic_lock_token"": [{""token"": ""3"", ""adapter_id"": {""id"": ""746f06acf4d573bebd8c8a500b398589""}}]}",2026-09-29 21:05:36.023426,2026-09-30 13:41:28.465915,FileSet,4
482f093b-038b-4db8-9421-31dc35cae281,"{""part"": [], ""side"": [], ""title"": [""00000143.tif""], ""barcode"": [], ""edit_users"": [], ""highlights"": [], ""member_ids"": [], ""read_users"": [], ""edit_groups"": [], ""read_groups"": [""public""], ""file_metadata"": [{""id"": {""id"": ""ee2fa8a1-3bb5-4af5-96f9-eb8fde6d0caa""}, ""use"": [{""@id"": ""http://pcdm.org/use#OriginalFile""}], ""size"": [""54695098""], ""label"": [""00000143.tif""], ""width"": [""3461""], ""bounds"": [], ""height"": [""5262""], ""checksum"": [{""id"": null, ""md5"": ""9e5f56c8af3514b0c76a464fadfd4179"", ""sha1"": ""f54a78426050a3f235c911c81ca42233fb3b2322"", ""sha256"": ""8f528161cd7f7c3217aa12b2c841c061c3b939f5a1030987f62565c951aadd31"", ""created_at"": null, ""new_record"": true, ""updated_at"": null, ""internal_resource"": ""MultiChecksum""}], ""duration"": [], ""geometry"": [], ""producer"": [], ""software"": [], ""mime_type"": [""image/tiff""], ""change_set"": null, ""created_at"": ""2026-09-29T21:04:59+00:00"", ""edit_users"": [], ""new_record"": true, ""page_count"": null, ""read_users"": [], ""updated_at"": ""2026-09-29T21:04:59+00:00"", ""edit_groups"": [], ""read_groups"": [], ""camera_model"": [], ""x_resolution"": [], ""y_resolution"": [], ""error_message"": [], ""bits_per_sample"": [], ""processing_note"": [], ""caption_language"": [], ""file_identifiers"": [{""id"": ""disk:///opt/repository/files/ee/2f/a8/ee2fa8a13bb54af596f9eb8fde6d0caa/00000143.tif""}], ""internal_resource"": ""FileMetadata"", ""original_filename"": [""00000143.tif""], ""source_media_type"": [], ""date_of_digitization"": [], ""preservation_copy_of_id"": null, ""original_language_caption"": null}, {""id"": {""id"": ""994317f6-71c3-4183-b719-303382e59698""}, ""use"": [{""@id"": ""http://pcdm.org/use#ServiceFile""}], ""size"": [], ""label"": [""intermediate_file.tif""], ""width"": [], ""bounds"": [], ""height"": [], ""checksum"": [], ""duration"": [], ""geometry"": [], ""producer"": [], ""software"": [], ""mime_type"": [""image/tiff""], ""change_set"": null, ""created_at"": ""2026-09-29T21:06:20+00:00"", ""edit_users"": [], ""new_record"": true, ""page_count"": null, ""read_users"": [], ""updated_at"": ""2026-09-29T21:06:20+00:00"", ""edit_groups"": [], ""read_groups"": [], ""camera_model"": [], ""x_resolution"": [], ""y_resolution"": [], ""error_message"": [], ""bits_per_sample"": [], ""processing_note"": [], ""caption_language"": [], ""file_identifiers"": [{""id"": ""pyramidal-derivatives-shrine://99/43/17/994317f671c34183b719303382e59698/intermediate_file.tif""}], ""internal_resource"": ""FileMetadata"", ""original_filename"": [""intermediate_file.tif""], ""source_media_type"": [], ""date_of_digitization"": [], ""preservation_copy_of_id"": null, ""original_language_caption"": null}], ""service_targets"": [], ""cached_parent_id"": [{""id"": ""b7f6f438-4363-4003-8b74-779b5e31f210""}], ""processing_status"": [""processed""], ""optimistic_lock_token"": [{""token"": ""3"", ""adapter_id"": {""id"": ""746f06acf4d573bebd8c8a500b398589""}}]}",2026-09-29 21:05:36.037376,2026-09-30 13:41:28.492682,FileSet,4
c7ace29b-764d-456c-a996-a195813789be,"{""part"": [], ""side"": [], ""title"": [""00000144.tif""], ""barcode"": [], ""edit_users"": [], ""highlights"": [], ""member_ids"": [], ""read_users"": [], ""edit_groups"": [], ""read_groups"": [""public""], ""file_metadata"": [{""id"": {""id"": ""85bccf80-c6dc-4668-9333-ab9cecf84769""}, ""use"": [{""@id"": ""http://pcdm.org/use#OriginalFile""}], ""size"": [""59796536""], ""label"": [""00000144.tif""], ""width"": [""3680""], ""bounds"": [], ""height"": [""5411""], ""checksum"": [{""id"": null, ""md5"": ""ea020356578f1b80563c8b527098dc07"", ""sha1"": ""c7486c56552714ecf596a56cef54bd6e13823dda"", ""sha256"": ""883977d5dc7acea294943b26ef28a3db8b964c0a0d08f5fc21a4371a90daee68"", ""created_at"": null, ""new_record"": true, ""updated_at"": null, ""internal_resource"": ""MultiChecksum""}], ""duration"": [], ""geometry"": [], ""producer"": [], ""software"": [], ""mime_type"": [""image/tiff""], ""change_set"": null, ""created_at"": ""2026-09-29T21:05:04+00:00"", ""edit_users"": [], ""new_record"": true, ""page_count"": null, ""read_users"": [], ""updated_at"": ""2026-09-29T21:05:04+00:00"", ""edit_groups"": [], ""read_groups"": [], ""camera_model"": [], ""x_resolution"": [], ""y_resolution"": [], ""error_message"": [], ""bits_per_sample"": [], ""processing_note"": [], ""caption_language"": [], ""file_identifiers"": [{""id"": ""disk:///opt/repository/files/85/bc/cf/85bccf80c6dc46689333ab9cecf84769/00000144.tif""}], ""internal_resource"": ""FileMetadata"", ""original_filename"": [""00000144.tif""], ""source_media_type"": [], ""date_of_digitization"": [], ""preservation_copy_of_id"": null, ""original_language_caption"": null}, {""id"": {""id"": ""a2797012-e00b-439d-852f-d65b57daa046""}, ""use"": [{""@id"": ""http://pcdm.org/use#ServiceFile""}], ""size"": [], ""label"": [""intermediate_file.tif""], ""width"": [], ""bounds"": [], ""height"": [], ""checksum"": [], ""duration"": [], ""geometry"": [], ""producer"": [], ""software"": [], ""mime_type"": [""image/tiff""], ""change_set"": null, ""created_at"": ""2026-09-29T21:07:44+00:00"", ""edit_users"": [], ""new_record"": true, ""page_count"": null, ""read_users"": [], ""updated_at"": ""2026-09-29T21:07:44+00:00"", ""edit_groups"": [], ""read_groups"": [], ""camera_model"": [], ""x_resolution"": [], ""y_resolution"": [], ""error_message"": [], ""bits_per_sample"": [], ""processing_note"": [], ""caption_language"": [], ""file_identifiers"": [{""id"": ""pyramidal-derivatives-shrine://a2/79/70/a2797012e00b439d852fd65b57daa046/intermediate_file.tif""}], ""internal_resource"": ""FileMetadata"", ""original_filename"": [""intermediate_file.tif""], ""source_media_type"": [], ""date_of_digitization"": [], ""preservation_copy_of_id"": null, ""original_language_caption"": null}], ""service_targets"": [], ""cached_parent_id"": [{""id"": ""b7f6f438-4363-4003-8b74-779b5e31f210""}], ""processing_status"": [""processed""], ""optimistic_lock_token"": [{""token"": ""3"", ""adapter_id"": {""id"": ""746f06acf4d573bebd8c8a500b398589""}}]}",2026-09-29 21:05:36.048555,2026-09-30 13:41:28.508412,FileSet,4
65c17104-abcb-4ef9-865b-c69962216ae7,"{""part"": [], ""side"": [], ""title"": [""00000145.tif""], ""barcode"": [], ""edit_users"": [], ""highlights"": [], ""member_ids"": [], ""read_users"": [], ""edit_groups"": [], ""read_groups"": [""public""], ""file_metadata"": [{""id"": {""id"": ""18a7d579-ecde-4299-81a8-151ca39cf304""}, ""use"": [{""@id"": ""http://pcdm.org/use#OriginalFile""}], ""size"": [""54695098""], ""label"": [""00000145.tif""], ""width"": [""3461""], ""bounds"": [], ""height"": [""5262""], ""checksum"": [{""id"": null, ""md5"": ""eaca6c0828088afbe9a6ca022e1343c7"", ""sha1"": ""2f1b1e9d1312f13d3aa4a440ebbf29be1aea8dcb"", ""sha256"": ""b0e9793f078d2e4e18df51bc7d3893e4c941a336d0a9f6936f574518f3ad4aee"", ""created_at"": null, ""new_record"": true, ""updated_at"": null, ""internal_resource"": ""MultiChecksum""}], ""duration"": [], ""geometry"": [], ""producer"": [], ""software"": [], ""mime_type"": [""image/tiff""], ""change_set"": null, ""created_at"": ""2026-09-29T21:05:07+00:00"", ""edit_users"": [], ""new_record"": true, ""page_count"": null, ""read_users"": [], ""updated_at"": ""2026-09-29T21:05:07+00:00"", ""edit_groups"": [], ""read_groups"": [], ""camera_model"": [], ""x_resolution"": [], ""y_resolution"": [], ""error_message"": [], ""bits_per_sample"": [], ""processing_note"": [], ""caption_language"": [], ""file_identifiers"": [{""id"": ""disk:///opt/repository/files/18/a7/d5/18a7d579ecde429981a8151ca39cf304/00000145.tif""}], ""internal_resource"": ""FileMetadata"", ""original_filename"": [""00000145.tif""], ""source_media_type"": [], ""date_of_digitization"": [], ""preservation_copy_of_id"": null, ""original_language_caption"": null}, {""id"": {""id"": ""35a9d161-47b9-4baa-8238-0c8e95fdb9bd""}, ""use"": [{""@id"": ""http://pcdm.org/use#ServiceFile""}], ""size"": [], ""label"": [""intermediate_file.tif""], ""width"": [], ""bounds"": [], ""height"": [], ""checksum"": [], ""duration"": [], ""geometry"": [], ""producer"": [], ""software"": [], ""mime_type"": [""image/tiff""], ""change_set"": null, ""created_at"": ""2026-09-29T21:06:20+00:00"", ""edit_users"": [], ""new_record"": true, ""page_count"": null, ""read_users"": [], ""updated_at"": ""2026-09-29T21:06:20+00:00"", ""edit_groups"": [], ""read_groups"": [], ""camera_model"": [], ""x_resolution"": [], ""y_resolution"": [], ""error_message"": [], ""bits_per_sample"": [], ""processing_note"": [], ""caption_language"": [], ""file_identifiers"": [{""id"": ""pyramidal-derivatives-shrine://35/a9/d1/35a9d16147b94baa82380c8e95fdb9bd/intermediate_file.tif""}], ""internal_resource"": ""FileMetadata"", ""original_filename"": [""intermediate_file.tif""], ""source_media_type"": [], ""date_of_digitization"": [], ""preservation_copy_of_id"": null, ""original_language_caption"": null}], ""service_targets"": [], ""cached_parent_id"": [{""id"": ""b7f6f438-4363-4003-8b74-779b5e31f210""}], ""processing_status"": [""processed""], ""optimistic_lock_token"": [{""token"": ""3"", ""adapter_id"": {""id"": ""746f06acf4d573bebd8c8a500b398589""}}]}",2026-09-29 21:05:36.056961,2026-09-30 13:41:28.52668,FileSet,4
9c08b5dd-7cce-45d9-af46-f50012d7c288,"{""part"": [], ""side"": [], ""title"": [""00000146.tif""], ""barcode"": [], ""edit_users"": [], ""highlights"": [], ""member_ids"": [], ""read_users"": [], ""edit_groups"": [], ""read_groups"": [""public""], ""file_metadata"": [{""id"": {""id"": ""6d14b282-3524-496b-9145-3942aff062b6""}, ""use"": [{""@id"": ""http://pcdm.org/use#OriginalFile""}], ""size"": [""59796536""], ""label"": [""00000146.tif""], ""width"": [""3680""], ""bounds"": [], ""height"": [""5411""], ""checksum"": [{""id"": null, ""md5"": ""a90c8d6a6820a6380a1a677e0b28ece4"", ""sha1"": ""92b03d3ac4fbde37b9383d2ab12e14b0f908968f"", ""sha256"": ""18edb652480a396bb834031ec186d704c3bc49585b050a9e41c2761a7fd50c41"", ""created_at"": null, ""new_record"": true, ""updated_at"": null, ""internal_resource"": ""MultiChecksum""}], ""duration"": [], ""geometry"": [], ""producer"": [], ""software"": [], ""mime_type"": [""image/tiff""], ""change_set"": null, ""created_at"": ""2026-09-29T21:05:13+00:00"", ""edit_users"": [], ""new_record"": true, ""page_count"": null, ""read_users"": [], ""updated_at"": ""2026-09-29T21:05:13+00:00"", ""edit_groups"": [], ""read_groups"": [], ""camera_model"": [], ""x_resolution"": [], ""y_resolution"": [], ""error_message"": [], ""bits_per_sample"": [], ""processing_note"": [], ""caption_language"": [], ""file_identifiers"": [{""id"": ""disk:///opt/repository/files/6d/14/b2/6d14b2823524496b91453942aff062b6/00000146.tif""}], ""internal_resource"": ""FileMetadata"", ""original_filename"": [""00000146.tif""], ""source_media_type"": [], ""date_of_digitization"": [], ""preservation_copy_of_id"": null, ""original_language_caption"": null}, {""id"": {""id"": ""8441eeb2-6ec9-41ea-8b6e-e155f2ea3dcf""}, ""use"": [{""@id"": ""http://pcdm.org/use#ServiceFile""}], ""size"": [], ""label"": [""intermediate_file.tif""], ""width"": [], ""bounds"": [], ""height"": [], ""checksum"": [], ""duration"": [], ""geometry"": [], ""producer"": [], ""software"": [], ""mime_type"": [""image/tiff""], ""change_set"": null, ""created_at"": ""2026-09-29T21:06:22+00:00"", ""edit_users"": [], ""new_record"": true, ""page_count"": null, ""read_users"": [], ""updated_at"": ""2026-09-29T21:06:22+00:00"", ""edit_groups"": [], ""read_groups"": [], ""camera_model"": [], ""x_resolution"": [], ""y_resolution"": [], ""error_message"": [], ""bits_per_sample"": [], ""processing_note"": [], ""caption_language"": [], ""file_identifiers"": [{""id"": ""pyramidal-derivatives-shrine://84/41/ee/8441eeb26ec941ea8b6ee155f2ea3dcf/intermediate_file.tif""}], ""internal_resource"": ""FileMetadata"", ""original_filename"": [""intermediate_file.tif""], ""source_media_type"": [], ""date_of_digitization"": [], ""preservation_copy_of_id"": null, ""original_language_caption"": null}], ""service_targets"": [], ""cached_parent_id"": [{""id"": ""b7f6f438-4363-4003-8b74-779b5e31f210""}], ""processing_status"": [""processed""], ""optimistic_lock_token"": [{""token"": ""3"", ""adapter_id"": {""id"": ""746f06acf4d573bebd8c8a500b398589""}}]}",2026-09-29 21:05:36.065736,2026-09-30 13:41:28.543426,FileSet,4
bd2c3fa9-cfb4-4d1a-961d-b8bfdd26222e,"{""part"": [], ""side"": [], ""title"": [""00000147.tif""], ""barcode"": [], ""edit_users"": [], ""highlights"": [], ""member_ids"": [], ""read_users"": [], ""edit_groups"": [], ""read_groups"": [""public""], ""file_metadata"": [{""id"": {""id"": ""d999b6ca-99f7-4f01-a67b-7d1da0f213a8""}, ""use"": [{""@id"": ""http://pcdm.org/use#OriginalFile""}], ""size"": [""54695098""], ""label"": [""00000147.tif""], ""width"": [""3461""], ""bounds"": [], ""height"": [""5262""], ""checksum"": [{""id"": null, ""md5"": ""6662a69f7f4bd672019e40052c2e2dad"", ""sha1"": ""f123a5ce531e9a1493f345a0e196381833875e4a"", ""sha256"": ""73fb6c997ea0d2cf25929be476d350298c9ce0987f54aaf87676ee24c193695d"", ""created_at"": null, ""new_record"": true, ""updated_at"": null, ""internal_resource"": ""MultiChecksum""}], ""duration"": [], ""geometry"": [], ""producer"": [], ""software"": [], ""mime_type"": [""image/tiff""], ""change_set"": null, ""created_at"": ""2026-09-29T21:05:16+00:00"", ""edit_users"": [], ""new_record"": true, ""page_count"": null, ""read_users"": [], ""updated_at"": ""2026-09-29T21:05:16+00:00"", ""edit_groups"": [], ""read_groups"": [], ""camera_model"": [], ""x_resolution"": [], ""y_resolution"": [], ""error_message"": [], ""bits_per_sample"": [], ""processing_note"": [], ""caption_language"": [], ""file_identifiers"": [{""id"": ""disk:///opt/repository/files/d9/99/b6/d999b6ca99f74f01a67b7d1da0f213a8/00000147.tif""}], ""internal_resource"": ""FileMetadata"", ""original_filename"": [""00000147.tif""], ""source_media_type"": [], ""date_of_digitization"": [], ""preservation_copy_of_id"": null, ""original_language_caption"": null}, {""id"": {""id"": ""f0fa1f0c-867a-4bec-9c08-941b9d29bce4""}, ""use"": [{""@id"": ""http://pcdm.org/use#ServiceFile""}], ""size"": [], ""label"": [""intermediate_file.tif""], ""width"": [], ""bounds"": [], ""height"": [], ""checksum"": [], ""duration"": [], ""geometry"": [], ""producer"": [], ""software"": [], ""mime_type"": [""image/tiff""], ""change_set"": null, ""created_at"": ""2026-09-29T21:07:29+00:00"", ""edit_users"": [], ""new_record"": true, ""page_count"": null, ""read_users"": [], ""updated_at"": ""2026-09-29T21:07:29+00:00"", ""edit_groups"": [], ""read_groups"": [], ""camera_model"": [], ""x_resolution"": [], ""y_resolution"": [], ""error_message"": [], ""bits_per_sample"": [], ""processing_note"": [], ""caption_language"": [], ""file_identifiers"": [{""id"": ""pyramidal-derivatives-shrine://f0/fa/1f/f0fa1f0c867a4bec9c08941b9d29bce4/intermediate_file.tif""}], ""internal_resource"": ""FileMetadata"", ""original_filename"": [""intermediate_file.tif""], ""source_media_type"": [], ""date_of_digitization"": [], ""preservation_copy_of_id"": null, ""original_language_caption"": null}], ""service_targets"": [], ""cached_parent_id"": [{""id"": ""b7f6f438-4363-4003-8b74-779b5e31f210""}], ""processing_status"": [""processed""], ""optimistic_lock_token"": [{""token"": ""3"", ""adapter_id"": {""id"": ""746f06acf4d573bebd8c8a500b398589""}}]}",2026-09-29 21:05:36.07372,2026-09-30 13:41:28.558094,FileSet,4
e86d10a6-40ab-4bcf-9f67-89f28ae65735,"{""part"": [], ""side"": [], ""title"": [""00000148.tif""], ""barcode"": [], ""edit_users"": [], ""highlights"": [], ""member_ids"": [], ""read_users"": [], ""edit_groups"": [], ""read_groups"": [""public""], ""file_metadata"": [{""id"": {""id"": ""073d529e-f3f6-4923-9cae-9b2b6e7a8f65""}, ""use"": [{""@id"": ""http://pcdm.org/use#OriginalFile""}], ""size"": [""59796536""], ""label"": [""00000148.tif""], ""width"": [""3680""], ""bounds"": [], ""height"": [""5411""], ""checksum"": [{""id"": null, ""md5"": ""ddd015ad8439acdfff7845d1be0d4012"", ""sha1"": ""b9f76f876752408e8b6efffecd2c982e51642d52"", ""sha256"": ""44ca8244d1a410bc941dbb3340c2b5a65b7a84a40894df142fd1658a578d4be5"", ""created_at"": null, ""new_record"": true, ""updated_at"": null, ""internal_resource"": ""MultiChecksum""}], ""duration"": [], ""geometry"": [], ""producer"": [], ""software"": [], ""mime_type"": [""image/tiff""], ""change_set"": null, ""created_at"": ""2026-09-29T21:05:22+00:00"", ""edit_users"": [], ""new_record"": true, ""page_count"": null, ""read_users"": [], ""updated_at"": ""2026-09-29T21:05:22+00:00"", ""edit_groups"": [], ""read_groups"": [], ""camera_model"": [], ""x_resolution"": [], ""y_resolution"": [], ""error_message"": [], ""bits_per_sample"": [], ""processing_note"": [], ""caption_language"": [], ""file_identifiers"": [{""id"": ""disk:///opt/repository/files/07/3d/52/073d529ef3f649239cae9b2b6e7a8f65/00000148.tif""}], ""internal_resource"": ""FileMetadata"", ""original_filename"": [""00000148.tif""], ""source_media_type"": [], ""date_of_digitization"": [], ""preservation_copy_of_id"": null, ""original_language_caption"": null}, {""id"": {""id"": ""74dbfc5a-2bf1-4498-898d-c2403ecfda7f""}, ""use"": [{""@id"": ""http://pcdm.org/use#ServiceFile""}], ""size"": [], ""label"": [""intermediate_file.tif""], ""width"": [], ""bounds"": [], ""height"": [], ""checksum"": [], ""duration"": [], ""geometry"": [], ""producer"": [], ""software"": [], ""mime_type"": [""image/tiff""], ""change_set"": null, ""created_at"": ""2026-09-29T21:07:40+00:00"", ""edit_users"": [], ""new_record"": true, ""page_count"": null, ""read_users"": [], ""updated_at"": ""2026-09-29T21:07:40+00:00"", ""edit_groups"": [], ""read_groups"": [], ""camera_model"": [], ""x_resolution"": [], ""y_resolution"": [], ""error_message"": [], ""bits_per_sample"": [], ""processing_note"": [], ""caption_language"": [], ""file_identifiers"": [{""id"": ""pyramidal-derivatives-shrine://74/db/fc/74dbfc5a2bf14498898dc2403ecfda7f/intermediate_file.tif""}], ""internal_resource"": ""FileMetadata"", ""original_filename"": [""intermediate_file.tif""], ""source_media_type"": [], ""date_of_digitization"": [], ""preservation_copy_of_id"": null, ""original_language_caption"": null}], ""service_targets"": [], ""cached_parent_id"": [{""id"": ""b7f6f438-4363-4003-8b74-779b5e31f210""}], ""processing_status"": [""processed""], ""optimistic_lock_token"": [{""token"": ""3"", ""adapter_id"": {""id"": ""746f06acf4d573bebd8c8a500b398589""}}]}",2026-09-29 21:05:36.080693,2026-09-30 13:41:28.5734,FileSet,4
32182536-755d-4f79-b03d-ff40db117580,"{""part"": [], ""side"": [], ""title"": [""00000149.tif""], ""barcode"": [], ""edit_users"": [], ""highlights"": [], ""member_ids"": [], ""read_users"": [], ""edit_groups"": [], ""read_groups"": [""public""], ""file_metadata"": [{""id"": {""id"": ""9b9232e3-449d-49ee-a97e-131a863f6ec1""}, ""use"": [{""@id"": ""http://pcdm.org/use#OriginalFile""}], ""size"": [""54805600""], ""label"": [""00000149.tif""], ""width"": [""3468""], ""bounds"": [], ""height"": [""5262""], ""checksum"": [{""id"": null, ""md5"": ""6e8e9aaa9bf47c6fbd57d60dc5c560c9"", ""sha1"": ""ec90cb322f531e6069b325282cfe3c7886505f34"", ""sha256"": ""b538a56edd53592b8b364a8aecf4418227bcc4cc3a3faea52495d4f3f991eb74"", ""created_at"": null, ""new_record"": true, ""updated_at"": null, ""internal_resource"": ""MultiChecksum""}], ""duration"": [], ""geometry"": [], ""producer"": [], ""software"": [], ""mime_type"": [""image/tiff""], ""change_set"": null, ""created_at"": ""2026-09-29T21:05:26+00:00"", ""edit_users"": [], ""new_record"": true, ""page_count"": null, ""read_users"": [], ""updated_at"": ""2026-09-29T21:05:26+00:00"", ""edit_groups"": [], ""read_groups"": [], ""camera_model"": [], ""x_resolution"": [], ""y_resolution"": [], ""error_message"": [], ""bits_per_sample"": [], ""processing_note"": [], ""caption_language"": [], ""file_identifiers"": [{""id"": ""disk:///opt/repository/files/9b/92/32/9b9232e3449d49eea97e131a863f6ec1/00000149.tif""}], ""internal_resource"": ""FileMetadata"", ""original_filename"": [""00000149.tif""], ""source_media_type"": [], ""date_of_digitization"": [], ""preservation_copy_of_id"": null, ""original_language_caption"": null}, {""id"": {""id"": ""2752910c-8cc6-4009-b54e-ec36204548ee""}, ""use"": [{""@id"": ""http://pcdm.org/use#ServiceFile""}], ""size"": [], ""label"": [""intermediate_file.tif""], ""width"": [], ""bounds"": [], ""height"": [], ""checksum"": [], ""duration"": [], ""geometry"": [], ""producer"": [], ""software"": [], ""mime_type"": [""image/tiff""], ""change_set"": null, ""created_at"": ""2026-09-29T21:07:36+00:00"", ""edit_users"": [], ""new_record"": true, ""page_count"": null, ""read_users"": [], ""updated_at"": ""2026-09-29T21:07:36+00:00"", ""edit_groups"": [], ""read_groups"": [], ""camera_model"": [], ""x_resolution"": [], ""y_resolution"": [], ""error_message"": [], ""bits_per_sample"": [], ""processing_note"": [], ""caption_language"": [], ""file_identifiers"": [{""id"": ""pyramidal-derivatives-shrine://27/52/91/2752910c8cc64009b54eec36204548ee/intermediate_file.tif""}], ""internal_resource"": ""FileMetadata"", ""original_filename"": [""intermediate_file.tif""], ""source_media_type"": [], ""date_of_digitization"": [], ""preservation_copy_of_id"": null, ""original_language_caption"": null}], ""service_targets"": [], ""cached_parent_id"": [{""id"": ""b7f6f438-4363-4003-8b74-779b5e31f210""}], ""processing_status"": [""processed""], ""optimistic_lock_token"": [{""token"": ""3"", ""adapter_id"": {""id"": ""746f06acf4d573bebd8c8a500b398589""}}]}",2026-09-29 21:05:36.092192,2026-09-30 13:41:28.587854,FileSet,4
95ba0a12-f32a-4a9a-9117-bbe175dcd96e,"{""part"": [], ""side"": [], ""title"": [""00000150.tif""], ""barcode"": [], ""edit_users"": [], ""highlights"": [], ""member_ids"": [], ""read_users"": [], ""edit_groups"": [], ""read_groups"": [""public""], ""file_metadata"": [{""id"": {""id"": ""2ea66401-e6e4-46a0-95e2-d46deb287f31""}, ""use"": [{""@id"": ""http://pcdm.org/use#OriginalFile""}], ""size"": [""59796536""], ""label"": [""00000150.tif""], ""width"": [""3680""], ""bounds"": [], ""height"": [""5411""], ""checksum"": [{""id"": null, ""md5"": ""174c19b4f219f7861cf083e606e590e5"", ""sha1"": ""0b3ca81222dfd7cd9b67f57241ea9c723c2b4c45"", ""sha256"": ""5e20e3b0fcc508da6bb3c24f641b25fc0106a318752ce21a8bb921316f5d1959"", ""created_at"": null, ""new_record"": true, ""updated_at"": null, ""internal_resource"": ""MultiChecksum""}], ""duration"": [], ""geometry"": [], ""producer"": [], ""software"": [], ""mime_type"": [""image/tiff""], ""change_set"": null, ""created_at"": ""2026-09-29T21:05:31+00:00"", ""edit_users"": [], ""new_record"": true, ""page_count"": null, ""read_users"": [], ""updated_at"": ""2026-09-29T21:05:31+00:00"", ""edit_groups"": [], ""read_groups"": [], ""camera_model"": [], ""x_resolution"": [], ""y_resolution"": [], ""error_message"": [], ""bits_per_sample"": [], ""processing_note"": [], ""caption_language"": [], ""file_identifiers"": [{""id"": ""disk:///opt/repository/files/2e/a6/64/2ea66401e6e446a095e2d46deb287f31/00000150.tif""}], ""internal_resource"": ""FileMetadata"", ""original_filename"": [""00000150.tif""], ""source_media_type"": [], ""date_of_digitization"": [], ""preservation_copy_of_id"": null, ""original_language_caption"": null}, {""id"": {""id"": ""1f7f3d76-184c-4945-a8b0-43db11533e04""}, ""use"": [{""@id"": ""http://pcdm.org/use#ServiceFile""}], ""size"": [], ""label"": [""intermediate_file.tif""], ""width"": [], ""bounds"": [], ""height"": [], ""checksum"": [], ""duration"": [], ""geometry"": [], ""producer"": [], ""software"": [], ""mime_type"": [""image/tiff""], ""change_set"": null, ""created_at"": ""2026-09-29T21:06:16+00:00"", ""edit_users"": [], ""new_record"": true, ""page_count"": null, ""read_users"": [], ""updated_at"": ""2026-09-29T21:06:16+00:00"", ""edit_groups"": [], ""read_groups"": [], ""camera_model"": [], ""x_resolution"": [], ""y_resolution"": [], ""error_message"": [], ""bits_per_sample"": [], ""processing_note"": [], ""caption_language"": [], ""file_identifiers"": [{""id"": ""pyramidal-derivatives-shrine://1f/7f/3d/1f7f3d76184c4945a8b043db11533e04/intermediate_file.tif""}], ""internal_resource"": ""FileMetadata"", ""original_filename"": [""intermediate_file.tif""], ""source_media_type"": [], ""date_of_digitization"": [], ""preservation_copy_of_id"": null, ""original_language_caption"": null}], ""service_targets"": [], ""cached_parent_id"": [{""id"": ""b7f6f438-4363-4003-8b74-779b5e31f210""}], ""processing_status"": [""processed""], ""optimistic_lock_token"": [{""token"": ""3"", ""adapter_id"": {""id"": ""746f06acf4d573bebd8c8a500b398589""}}]}",2026-09-29 21:05:36.099491,2026-09-30 13:41:28.603142,FileSet,4
29af0870-01a9-451e-8552-e6e00c867eba,"{""part"": [], ""side"": [], ""title"": [""00000151.tif""], ""barcode"": [], ""edit_users"": [], ""highlights"": [], ""member_ids"": [], ""read_users"": [], ""edit_groups"": [], ""read_groups"": [""public""], ""file_metadata"": [{""id"": {""id"": ""4e75745a-01f0-434d-9811-1fc3574b08ae""}, ""use"": [{""@id"": ""http://pcdm.org/use#OriginalFile""}], ""size"": [""54805600""], ""label"": [""00000151.tif""], ""width"": [""3468""], ""bounds"": [], ""height"": [""5262""], ""checksum"": [{""id"": null, ""md5"": ""aa4085c5b95534c774f001aa74ef9046"", ""sha1"": ""698a570712f32cd5a39334a010df3b365bf0e742"", ""sha256"": ""71a59d9fae715c80fea2375e2276d25f516a994bf01df7405f4a2d3c7898ca55"", ""created_at"": null, ""new_record"": true, ""updated_at"": null, ""internal_resource"": ""MultiChecksum""}], ""duration"": [], ""geometry"": [], ""producer"": [], ""software"": [], ""mime_type"": [""image/tiff""], ""change_set"": null, ""created_at"": ""2026-09-29T21:05:36+00:00"", ""edit_users"": [], ""new_record"": true, ""page_count"": null, ""read_users"": [], ""updated_at"": ""2026-09-29T21:05:36+00:00"", ""edit_groups"": [], ""read_groups"": [], ""camera_model"": [], ""x_resolution"": [], ""y_resolution"": [], ""error_message"": [], ""bits_per_sample"": [], ""processing_note"": [], ""caption_language"": [], ""file_identifiers"": [{""id"": ""disk:///opt/repository/files/4e/75/74/4e75745a01f0434d98111fc3574b08ae/00000151.tif""}], ""internal_resource"": ""FileMetadata"", ""original_filename"": [""00000151.tif""], ""source_media_type"": [], ""date_of_digitization"": [], ""preservation_copy_of_id"": null, ""original_language_caption"": null}, {""id"": {""id"": ""22893520-0bb6-4c7b-b7c2-cb9203ff7cc0""}, ""use"": [{""@id"": ""http://pcdm.org/use#ServiceFile""}], ""size"": [], ""label"": [""intermediate_file.tif""], ""width"": [], ""bounds"": [], ""height"": [], ""checksum"": [], ""duration"": [], ""geometry"": [], ""producer"": [], ""software"": [], ""mime_type"": [""image/tiff""], ""change_set"": null, ""created_at"": ""2026-09-29T21:08:22+00:00"", ""edit_users"": [], ""new_record"": true, ""page_count"": null, ""read_users"": [], ""updated_at"": ""2026-09-29T21:08:22+00:00"", ""edit_groups"": [], ""read_groups"": [], ""camera_model"": [], ""x_resolution"": [], ""y_resolution"": [], ""error_message"": [], ""bits_per_sample"": [], ""processing_note"": [], ""caption_language"": [], ""file_identifiers"": [{""id"": ""pyramidal-derivatives-shrine://22/89/35/228935200bb64c7bb7c2cb9203ff7cc0/intermediate_file.tif""}], ""internal_resource"": ""FileMetadata"", ""original_filename"": [""intermediate_file.tif""], ""source_media_type"": [], ""date_of_digitization"": [], ""preservation_copy_of_id"": null, ""original_language_caption"": null}], ""service_targets"": [], ""cached_parent_id"": [{""id"": ""b7f6f438-4363-4003-8b74-779b5e31f210""}], ""processing_status"": [""processed""], ""optimistic_lock_token"": [{""token"": ""3"", ""adapter_id"": {""id"": ""746f06acf4d573bebd8c8a500b398589""}}]}",2026-09-29 21:06:26.312427,2026-09-30 13:41:28.618536,FileSet,4
ae7707d3-6e88-49e0-919d-ac005115dd67,"{""part"": [], ""side"": [], ""title"": [""00000152.tif""], ""barcode"": [], ""edit_users"": [], ""highlights"": [], ""member_ids"": [], ""read_users"": [], ""edit_groups"": [], ""read_groups"": [""public""], ""file_metadata"": [{""id"": {""id"": ""9127ac94-714d-410f-b3f3-7b08286bb575""}, ""use"": [{""@id"": ""http://pcdm.org/use#OriginalFile""}], ""size"": [""59796536""], ""label"": [""00000152.tif""], ""width"": [""3680""], ""bounds"": [], ""height"": [""5411""], ""checksum"": [{""id"": null, ""md5"": ""c149d22a6258fd5166a524c3f6918342"", ""sha1"": ""746d30a0942b9982b9ece98bbab5f15081b8316a"", ""sha256"": ""05ee7d06efcb25e2ca8a5836f6e3627445901c96b8e79a4a5bf8f0023e132136"", ""created_at"": null, ""new_record"": true, ""updated_at"": null, ""internal_resource"": ""MultiChecksum""}], ""duration"": [], ""geometry"": [], ""producer"": [], ""software"": [], ""mime_type"": [""image/tiff""], ""change_set"": null, ""created_at"": ""2026-09-29T21:05:42+00:00"", ""edit_users"": [], ""new_record"": true, ""page_count"": null, ""read_users"": [], ""updated_at"": ""2026-09-29T21:05:42+00:00"", ""edit_groups"": [], ""read_groups"": [], ""camera_model"": [], ""x_resolution"": [], ""y_resolution"": [], ""error_message"": [], ""bits_per_sample"": [], ""processing_note"": [], ""caption_language"": [], ""file_identifiers"": [{""id"": ""disk:///opt/repository/files/91/27/ac/9127ac94714d410fb3f37b08286bb575/00000152.tif""}], ""internal_resource"": ""FileMetadata"", ""original_filename"": [""00000152.tif""], ""source_media_type"": [], ""date_of_digitization"": [], ""preservation_copy_of_id"": null, ""original_language_caption"": null}, {""id"": {""id"": ""5adb86b7-ba3f-4ea5-b229-1d0ba7d0a7d7""}, ""use"": [{""@id"": ""http://pcdm.org/use#ServiceFile""}], ""size"": [], ""label"": [""intermediate_file.tif""], ""width"": [], ""bounds"": [], ""height"": [], ""checksum"": [], ""duration"": [], ""geometry"": [], ""producer"": [], ""software"": [], ""mime_type"": [""image/tiff""], ""change_set"": null, ""created_at"": ""2026-09-29T21:08:25+00:00"", ""edit_users"": [], ""new_record"": true, ""page_count"": null, ""read_users"": [], ""updated_at"": ""2026-09-29T21:08:25+00:00"", ""edit_groups"": [], ""read_groups"": [], ""camera_model"": [], ""x_resolution"": [], ""y_resolution"": [], ""error_message"": [], ""bits_per_sample"": [], ""processing_note"": [], ""caption_language"": [], ""file_identifiers"": [{""id"": ""pyramidal-derivatives-shrine://5a/db/86/5adb86b7ba3f4ea5b2291d0ba7d0a7d7/intermediate_file.tif""}], ""internal_resource"": ""FileMetadata"", ""original_filename"": [""intermediate_file.tif""], ""source_media_type"": [], ""date_of_digitization"": [], ""preservation_copy_of_id"": null, ""original_language_caption"": null}], ""service_targets"": [], ""cached_parent_id"": [{""id"": ""b7f6f438-4363-4003-8b74-779b5e31f210""}], ""processing_status"": [""processed""], ""optimistic_lock_token"": [{""token"": ""3"", ""adapter_id"": {""id"": ""746f06acf4d573bebd8c8a500b398589""}}]}",2026-09-29 21:06:26.319169,2026-09-30 13:41:28.639296,FileSet,4
68bf6f0e-7957-41fc-9e61-52f2545188d1,"{""part"": [], ""side"": [], ""title"": [""00000153.tif""], ""barcode"": [], ""edit_users"": [], ""highlights"": [], ""member_ids"": [], ""read_users"": [], ""edit_groups"": [], ""read_groups"": [""public""], ""file_metadata"": [{""id"": {""id"": ""55d72377-44df-4fd6-8cae-bb93775ac54b""}, ""use"": [{""@id"": ""http://pcdm.org/use#OriginalFile""}], ""size"": [""54805600""], ""label"": [""00000153.tif""], ""width"": [""3468""], ""bounds"": [], ""height"": [""5262""], ""checksum"": [{""id"": null, ""md5"": ""81dbd26b9ad6bc0e8d658ee4bf6dca0e"", ""sha1"": ""6b4ac307ce63057f3a7611b58ea9841e34cf29b9"", ""sha256"": ""ee81e7cb59d97dea32f2340522f3b01fe57ffbb06bb296f93827057721629a36"", ""created_at"": null, ""new_record"": true, ""updated_at"": null, ""internal_resource"": ""MultiChecksum""}], ""duration"": [], ""geometry"": [], ""producer"": [], ""software"": [], ""mime_type"": [""image/tiff""], ""change_set"": null, ""created_at"": ""2026-09-29T21:05:46+00:00"", ""edit_users"": [], ""new_record"": true, ""page_count"": null, ""read_users"": [], ""updated_at"": ""2026-09-29T21:05:46+00:00"", ""edit_groups"": [], ""read_groups"": [], ""camera_model"": [], ""x_resolution"": [], ""y_resolution"": [], ""error_message"": [], ""bits_per_sample"": [], ""processing_note"": [], ""caption_language"": [], ""file_identifiers"": [{""id"": ""disk:///opt/repository/files/55/d7/23/55d7237744df4fd68caebb93775ac54b/00000153.tif""}], ""internal_resource"": ""FileMetadata"", ""original_filename"": [""00000153.tif""], ""source_media_type"": [], ""date_of_digitization"": [], ""preservation_copy_of_id"": null, ""original_language_caption"": null}, {""id"": {""id"": ""ff580ca8-3b25-4e45-a51d-a759c6110a3f""}, ""use"": [{""@id"": ""http://pcdm.org/use#ServiceFile""}], ""size"": [], ""label"": [""intermediate_file.tif""], ""width"": [], ""bounds"": [], ""height"": [], ""checksum"": [], ""duration"": [], ""geometry"": [], ""producer"": [], ""software"": [], ""mime_type"": [""image/tiff""], ""change_set"": null, ""created_at"": ""2026-09-29T21:09:37+00:00"", ""edit_users"": [], ""new_record"": true, ""page_count"": null, ""read_users"": [], ""updated_at"": ""2026-09-29T21:09:37+00:00"", ""edit_groups"": [], ""read_groups"": [], ""camera_model"": [], ""x_resolution"": [], ""y_resolution"": [], ""error_message"": [], ""bits_per_sample"": [], ""processing_note"": [], ""caption_language"": [], ""file_identifiers"": [{""id"": ""pyramidal-derivatives-shrine://ff/58/0c/ff580ca83b254e45a51da759c6110a3f/intermediate_file.tif""}], ""internal_resource"": ""FileMetadata"", ""original_filename"": [""intermediate_file.tif""], ""source_media_type"": [], ""date_of_digitization"": [], ""preservation_copy_of_id"": null, ""original_language_caption"": null}], ""service_targets"": [], ""cached_parent_id"": [{""id"": ""b7f6f438-4363-4003-8b74-779b5e31f210""}], ""processing_status"": [""processed""], ""optimistic_lock_token"": [{""token"": ""3"", ""adapter_id"": {""id"": ""746f06acf4d573bebd8c8a500b398589""}}]}",2026-09-29 21:06:26.32378,2026-09-30 13:41:28.654146,FileSet,4
03b599eb-dcde-4623-b3d1-1d908fccdacf,"{""part"": [], ""side"": [], ""title"": [""00000154.tif""], ""barcode"": [], ""edit_users"": [], ""highlights"": [], ""member_ids"": [], ""read_users"": [], ""edit_groups"": [], ""read_groups"": [""public""], ""file_metadata"": [{""id"": {""id"": ""1361d4de-e816-4dac-98dc-f7d9bafe6633""}, ""use"": [{""@id"": ""http://pcdm.org/use#OriginalFile""}], ""size"": [""59796536""], ""label"": [""00000154.tif""], ""width"": [""3680""], ""bounds"": [], ""height"": [""5411""], ""checksum"": [{""id"": null, ""md5"": ""f9eed7924cb160710b13adaa0f11fb0b"", ""sha1"": ""163e6985377f1c1aa1455c98325d798f7f81d5f1"", ""sha256"": ""7e324bb41d8872a2b888f71967257cdd3c1681e29cad9677ac01d2ba24c299f1"", ""created_at"": null, ""new_record"": true, ""updated_at"": null, ""internal_resource"": ""MultiChecksum""}], ""duration"": [], ""geometry"": [], ""producer"": [], ""software"": [], ""mime_type"": [""image/tiff""], ""change_set"": null, ""created_at"": ""2026-09-29T21:05:52+00:00"", ""edit_users"": [], ""new_record"": true, ""page_count"": null, ""read_users"": [], ""updated_at"": ""2026-09-29T21:05:52+00:00"", ""edit_groups"": [], ""read_groups"": [], ""camera_model"": [], ""x_resolution"": [], ""y_resolution"": [], ""error_message"": [], ""bits_per_sample"": [], ""processing_note"": [], ""caption_language"": [], ""file_identifiers"": [{""id"": ""disk:///opt/repository/files/13/61/d4/1361d4dee8164dac98dcf7d9bafe6633/00000154.tif""}], ""internal_resource"": ""FileMetadata"", ""original_filename"": [""00000154.tif""], ""source_media_type"": [], ""date_of_digitization"": [], ""preservation_copy_of_id"": null, ""original_language_caption"": null}, {""id"": {""id"": ""bcd56adb-de8f-4265-9f43-e09655767148""}, ""use"": [{""@id"": ""http://pcdm.org/use#ServiceFile""}], ""size"": [], ""label"": [""intermediate_file.tif""], ""width"": [], ""bounds"": [], ""height"": [], ""checksum"": [], ""duration"": [], ""geometry"": [], ""producer"": [], ""software"": [], ""mime_type"": [""image/tiff""], ""change_set"": null, ""created_at"": ""2026-09-29T21:07:13+00:00"", ""edit_users"": [], ""new_record"": true, ""page_count"": null, ""read_users"": [], ""updated_at"": ""2026-09-29T21:07:13+00:00"", ""edit_groups"": [], ""read_groups"": [], ""camera_model"": [], ""x_resolution"": [], ""y_resolution"": [], ""error_message"": [], ""bits_per_sample"": [], ""processing_note"": [], ""caption_language"": [], ""file_identifiers"": [{""id"": ""pyramidal-derivatives-shrine://bc/d5/6a/bcd56adbde8f42659f43e09655767148/intermediate_file.tif""}], ""internal_resource"": ""FileMetadata"", ""original_filename"": [""intermediate_file.tif""], ""source_media_type"": [], ""date_of_digitization"": [], ""preservation_copy_of_id"": null, ""original_language_caption"": null}], ""service_targets"": [], ""cached_parent_id"": [{""id"": ""b7f6f438-4363-4003-8b74-779b5e31f210""}], ""processing_status"": [""processed""], ""optimistic_lock_token"": [{""token"": ""3"", ""adapter_id"": {""id"": ""746f06acf4d573bebd8c8a500b398589""}}]}",2026-09-29 21:06:26.330512,2026-09-30 13:41:28.669585,FileSet,4
9fbc509c-b241-470c-aad5-03338803155d,"{""part"": [], ""side"": [], ""title"": [""00000155.tif""], ""barcode"": [], ""edit_users"": [], ""highlights"": [], ""member_ids"": [], ""read_users"": [], ""edit_groups"": [], ""read_groups"": [""public""], ""file_metadata"": [{""id"": {""id"": ""b01974ee-95e8-4038-a2d4-ce77e704f733""}, ""use"": [{""@id"": ""http://pcdm.org/use#OriginalFile""}], ""size"": [""54805600""], ""label"": [""00000155.tif""], ""width"": [""3468""], ""bounds"": [], ""height"": [""5262""], ""checksum"": [{""id"": null, ""md5"": ""009d4b136f8ca019560bd323fe05ed0b"", ""sha1"": ""4caa7e622719c48bed49f46635164446f98e967f"", ""sha256"": ""701e3b342cba171d485cd46334c1be3cadc5cf964eb8e0d2e8ee7fc453057dd9"", ""created_at"": null, ""new_record"": true, ""updated_at"": null, ""internal_resource"": ""MultiChecksum""}], ""duration"": [], ""geometry"": [], ""producer"": [], ""software"": [], ""mime_type"": [""image/tiff""], ""change_set"": null, ""created_at"": ""2026-09-29T21:05:57+00:00"", ""edit_users"": [], ""new_record"": true, ""page_count"": null, ""read_users"": [], ""updated_at"": ""2026-09-29T21:05:57+00:00"", ""edit_groups"": [], ""read_groups"": [], ""camera_model"": [], ""x_resolution"": [], ""y_resolution"": [], ""error_message"": [], ""bits_per_sample"": [], ""processing_note"": [], ""caption_language"": [], ""file_identifiers"": [{""id"": ""disk:///opt/repository/files/b0/19/74/b01974ee95e84038a2d4ce77e704f733/00000155.tif""}], ""internal_resource"": ""FileMetadata"", ""original_filename"": [""00000155.tif""], ""source_media_type"": [], ""date_of_digitization"": [], ""preservation_copy_of_id"": null, ""original_language_caption"": null}, {""id"": {""id"": ""5e29e4be-1413-4c5f-b4e7-6b3b33849270""}, ""use"": [{""@id"": ""http://pcdm.org/use#ServiceFile""}], ""size"": [], ""label"": [""intermediate_file.tif""], ""width"": [], ""bounds"": [], ""height"": [], ""checksum"": [], ""duration"": [], ""geometry"": [], ""producer"": [], ""software"": [], ""mime_type"": [""image/tiff""], ""change_set"": null, ""created_at"": ""2026-09-29T21:08:18+00:00"", ""edit_users"": [], ""new_record"": true, ""page_count"": null, ""read_users"": [], ""updated_at"": ""2026-09-29T21:08:18+00:00"", ""edit_groups"": [], ""read_groups"": [], ""camera_model"": [], ""x_resolution"": [], ""y_resolution"": [], ""error_message"": [], ""bits_per_sample"": [], ""processing_note"": [], ""caption_language"": [], ""file_identifiers"": [{""id"": ""pyramidal-derivatives-shrine://5e/29/e4/5e29e4be14134c5fb4e76b3b33849270/intermediate_file.tif""}], ""internal_resource"": ""FileMetadata"", ""original_filename"": [""intermediate_file.tif""], ""source_media_type"": [], ""date_of_digitization"": [], ""preservation_copy_of_id"": null, ""original_language_caption"": null}], ""service_targets"": [], ""cached_parent_id"": [{""id"": ""b7f6f438-4363-4003-8b74-779b5e31f210""}], ""processing_status"": [""processed""], ""optimistic_lock_token"": [{""token"": ""3"", ""adapter_id"": {""id"": ""746f06acf4d573bebd8c8a500b398589""}}]}",2026-09-29 21:06:26.335393,2026-09-30 13:41:28.684801,FileSet,4
f153dcd8-68b0-413b-88a7-211d92319607,"{""part"": [], ""side"": [], ""title"": [""00000156.tif""], ""barcode"": [], ""edit_users"": [], ""highlights"": [], ""member_ids"": [], ""read_users"": [], ""edit_groups"": [], ""read_groups"": [""public""], ""file_metadata"": [{""id"": {""id"": ""7dccac27-497b-4c7b-99c3-fa7d6baa2793""}, ""use"": [{""@id"": ""http://pcdm.org/use#OriginalFile""}], ""size"": [""59796536""], ""label"": [""00000156.tif""], ""width"": [""3680""], ""bounds"": [], ""height"": [""5411""], ""checksum"": [{""id"": null, ""md5"": ""8d8acfdd5e93d78cc2d98372109368fa"", ""sha1"": ""72fc19bc8a026c9c016b1f2aa0db16c773af9cd8"", ""sha256"": ""106341d9fea4e34dd06d47424ae36b2ad854d00e5da2ae0c01e8ef8090ca9152"", ""created_at"": null, ""new_record"": true, ""updated_at"": null, ""internal_resource"": ""MultiChecksum""}], ""duration"": [], ""geometry"": [], ""producer"": [], ""software"": [], ""mime_type"": [""image/tiff""], ""change_set"": null, ""created_at"": ""2026-09-29T21:06:02+00:00"", ""edit_users"": [], ""new_record"": true, ""page_count"": null, ""read_users"": [], ""updated_at"": ""2026-09-29T21:06:02+00:00"", ""edit_groups"": [], ""read_groups"": [], ""camera_model"": [], ""x_resolution"": [], ""y_resolution"": [], ""error_message"": [], ""bits_per_sample"": [], ""processing_note"": [], ""caption_language"": [], ""file_identifiers"": [{""id"": ""disk:///opt/repository/files/7d/cc/ac/7dccac27497b4c7b99c3fa7d6baa2793/00000156.tif""}], ""internal_resource"": ""FileMetadata"", ""original_filename"": [""00000156.tif""], ""source_media_type"": [], ""date_of_digitization"": [], ""preservation_copy_of_id"": null, ""original_language_caption"": null}, {""id"": {""id"": ""e2aa3cea-5eee-408e-9843-a84537500d14""}, ""use"": [{""@id"": ""http://pcdm.org/use#ServiceFile""}], ""size"": [], ""label"": [""intermediate_file.tif""], ""width"": [], ""bounds"": [], ""height"": [], ""checksum"": [], ""duration"": [], ""geometry"": [], ""producer"": [], ""software"": [], ""mime_type"": [""image/tiff""], ""change_set"": null, ""created_at"": ""2026-09-29T21:07:13+00:00"", ""edit_users"": [], ""new_record"": true, ""page_count"": null, ""read_users"": [], ""updated_at"": ""2026-09-29T21:07:13+00:00"", ""edit_groups"": [], ""read_groups"": [], ""camera_model"": [], ""x_resolution"": [], ""y_resolution"": [], ""error_message"": [], ""bits_per_sample"": [], ""processing_note"": [], ""caption_language"": [], ""file_identifiers"": [{""id"": ""pyramidal-derivatives-shrine://e2/aa/3c/e2aa3cea5eee408e9843a84537500d14/intermediate_file.tif""}], ""internal_resource"": ""FileMetadata"", ""original_filename"": [""intermediate_file.tif""], ""source_media_type"": [], ""date_of_digitization"": [], ""preservation_copy_of_id"": null, ""original_language_caption"": null}], ""service_targets"": [], ""cached_parent_id"": [{""id"": ""b7f6f438-4363-4003-8b74-779b5e31f210""}], ""processing_status"": [""processed""], ""optimistic_lock_token"": [{""token"": ""3"", ""adapter_id"": {""id"": ""746f06acf4d573bebd8c8a500b398589""}}]}",2026-09-29 21:06:26.340355,2026-09-30 13:41:28.700269,FileSet,4
a4f8a32d-666c-4be3-aae9-29549c2bb99a,"{""part"": [], ""side"": [], ""title"": [""00000157.tif""], ""barcode"": [], ""edit_users"": [], ""highlights"": [], ""member_ids"": [], ""read_users"": [], ""edit_groups"": [], ""read_groups"": [""public""], ""file_metadata"": [{""id"": {""id"": ""cf091a9c-4aca-41ac-af1c-bbcc437e74ff""}, ""use"": [{""@id"": ""http://pcdm.org/use#OriginalFile""}], ""size"": [""54805600""], ""label"": [""00000157.tif""], ""width"": [""3468""], ""bounds"": [], ""height"": [""5262""], ""checksum"": [{""id"": null, ""md5"": ""8c5f277429bb14fbcdd17f8bebdc6742"", ""sha1"": ""8ceac1859f2fdd220695fab7eb439e0276f4ee3e"", ""sha256"": ""bd15553384fb1e898231f9aa3f8f5b988ac0a86111ab79f03afb26eee6330d26"", ""created_at"": null, ""new_record"": true, ""updated_at"": null, ""internal_resource"": ""MultiChecksum""}], ""duration"": [], ""geometry"": [], ""producer"": [], ""software"": [], ""mime_type"": [""image/tiff""], ""change_set"": null, ""created_at"": ""2026-09-29T21:06:05+00:00"", ""edit_users"": [], ""new_record"": true, ""page_count"": null, ""read_users"": [], ""updated_at"": ""2026-09-29T21:06:05+00:00"", ""edit_groups"": [], ""read_groups"": [], ""camera_model"": [], ""x_resolution"": [], ""y_resolution"": [], ""error_message"": [], ""bits_per_sample"": [], ""processing_note"": [], ""caption_language"": [], ""file_identifiers"": [{""id"": ""disk:///opt/repository/files/cf/09/1a/cf091a9c4aca41acaf1cbbcc437e74ff/00000157.tif""}], ""internal_resource"": ""FileMetadata"", ""original_filename"": [""00000157.tif""], ""source_media_type"": [], ""date_of_digitization"": [], ""preservation_copy_of_id"": null, ""original_language_caption"": null}, {""id"": {""id"": ""d33d0d07-dd59-4ba6-81a9-24f6ff426f92""}, ""use"": [{""@id"": ""http://pcdm.org/use#ServiceFile""}], ""size"": [], ""label"": [""intermediate_file.tif""], ""width"": [], ""bounds"": [], ""height"": [], ""checksum"": [], ""duration"": [], ""geometry"": [], ""producer"": [], ""software"": [], ""mime_type"": [""image/tiff""], ""change_set"": null, ""created_at"": ""2026-09-29T21:09:39+00:00"", ""edit_users"": [], ""new_record"": true, ""page_count"": null, ""read_users"": [], ""updated_at"": ""2026-09-29T21:09:39+00:00"", ""edit_groups"": [], ""read_groups"": [], ""camera_model"": [], ""x_resolution"": [], ""y_resolution"": [], ""error_message"": [], ""bits_per_sample"": [], ""processing_note"": [], ""caption_language"": [], ""file_identifiers"": [{""id"": ""pyramidal-derivatives-shrine://d3/3d/0d/d33d0d07dd594ba681a924f6ff426f92/intermediate_file.tif""}], ""internal_resource"": ""FileMetadata"", ""original_filename"": [""intermediate_file.tif""], ""source_media_type"": [], ""date_of_digitization"": [], ""preservation_copy_of_id"": null, ""original_language_caption"": null}], ""service_targets"": [], ""cached_parent_id"": [{""id"": ""b7f6f438-4363-4003-8b74-779b5e31f210""}], ""processing_status"": [""processed""], ""optimistic_lock_token"": [{""token"": ""3"", ""adapter_id"": {""id"": ""746f06acf4d573bebd8c8a500b398589""}}]}",2026-09-29 21:06:26.34444,2026-09-30 13:41:28.714238,FileSet,4
c721388a-282c-4cea-8cbe-5b17aec96524,"{""part"": [], ""side"": [], ""title"": [""00000158.tif""], ""barcode"": [], ""edit_users"": [], ""highlights"": [], ""member_ids"": [], ""read_users"": [], ""edit_groups"": [], ""read_groups"": [""public""], ""file_metadata"": [{""id"": {""id"": ""bc201415-9775-4517-bf3c-4206bdd67dbf""}, ""use"": [{""@id"": ""http://pcdm.org/use#OriginalFile""}], ""size"": [""59796536""], ""label"": [""00000158.tif""], ""width"": [""3680""], ""bounds"": [], ""height"": [""5411""], ""checksum"": [{""id"": null, ""md5"": ""40c7fdd2481448398d7583a23f5d1bd7"", ""sha1"": ""f1b9d463be064b100bf9dc0b194ace4992f27643"", ""sha256"": ""d52675c167459f00a3c41f92f5fe076422d18218b0ba9b4fe5cd8e77b025708b"", ""created_at"": null, ""new_record"": true, ""updated_at"": null, ""internal_resource"": ""MultiChecksum""}], ""duration"": [], ""geometry"": [], ""producer"": [], ""software"": [], ""mime_type"": [""image/tiff""], ""change_set"": null, ""created_at"": ""2026-09-29T21:06:11+00:00"", ""edit_users"": [], ""new_record"": true, ""page_count"": null, ""read_users"": [], ""updated_at"": ""2026-09-29T21:06:11+00:00"", ""edit_groups"": [], ""read_groups"": [], ""camera_model"": [], ""x_resolution"": [], ""y_resolution"": [], ""error_message"": [], ""bits_per_sample"": [], ""processing_note"": [], ""caption_language"": [], ""file_identifiers"": [{""id"": ""disk:///opt/repository/files/bc/20/14/bc20141597754517bf3c4206bdd67dbf/00000158.tif""}], ""internal_resource"": ""FileMetadata"", ""original_filename"": [""00000158.tif""], ""source_media_type"": [], ""date_of_digitization"": [], ""preservation_copy_of_id"": null, ""original_language_caption"": null}, {""id"": {""id"": ""51dd7c0c-296c-42f2-863c-55023fa79d25""}, ""use"": [{""@id"": ""http://pcdm.org/use#ServiceFile""}], ""size"": [], ""label"": [""intermediate_file.tif""], ""width"": [], ""bounds"": [], ""height"": [], ""checksum"": [], ""duration"": [], ""geometry"": [], ""producer"": [], ""software"": [], ""mime_type"": [""image/tiff""], ""change_set"": null, ""created_at"": ""2026-09-29T21:08:26+00:00"", ""edit_users"": [], ""new_record"": true, ""page_count"": null, ""read_users"": [], ""updated_at"": ""2026-09-29T21:08:26+00:00"", ""edit_groups"": [], ""read_groups"": [], ""camera_model"": [], ""x_resolution"": [], ""y_resolution"": [], ""error_message"": [], ""bits_per_sample"": [], ""processing_note"": [], ""caption_language"": [], ""file_identifiers"": [{""id"": ""pyramidal-derivatives-shrine://51/dd/7c/51dd7c0c296c42f2863c55023fa79d25/intermediate_file.tif""}], ""internal_resource"": ""FileMetadata"", ""original_filename"": [""intermediate_file.tif""], ""source_media_type"": [], ""date_of_digitization"": [], ""preservation_copy_of_id"": null, ""original_language_caption"": null}], ""service_targets"": [], ""cached_parent_id"": [{""id"": ""b7f6f438-4363-4003-8b74-779b5e31f210""}], ""processing_status"": [""processed""], ""optimistic_lock_token"": [{""token"": ""3"", ""adapter_id"": {""id"": ""746f06acf4d573bebd8c8a500b398589""}}]}",2026-09-29 21:06:26.348233,2026-09-30 13:41:28.72877,FileSet,4
b2aa1e22-84ea-4f72-8ab8-171a750e26c0,"{""part"": [], ""side"": [], ""title"": [""00000159.tif""], ""barcode"": [], ""edit_users"": [], ""highlights"": [], ""member_ids"": [], ""read_users"": [], ""edit_groups"": [], ""read_groups"": [""public""], ""file_metadata"": [{""id"": {""id"": ""f042b4ef-48c2-4082-b98e-bd414c17688c""}, ""use"": [{""@id"": ""http://pcdm.org/use#OriginalFile""}], ""size"": [""54805600""], ""label"": [""00000159.tif""], ""width"": [""3468""], ""bounds"": [], ""height"": [""5262""], ""checksum"": [{""id"": null, ""md5"": ""39c1e5ef12617ad1d5fddd1478512685"", ""sha1"": ""115719139f06e6f0a84720d9184d8e7ae5ffd36b"", ""sha256"": ""6b37931fd8c310e12aed60006bc8e77da2d7aa7cb1975225742e61fd2ad4a36c"", ""created_at"": null, ""new_record"": true, ""updated_at"": null, ""internal_resource"": ""MultiChecksum""}], ""duration"": [], ""geometry"": [], ""producer"": [], ""software"": [], ""mime_type"": [""image/tiff""], ""change_set"": null, ""created_at"": ""2026-09-29T21:06:15+00:00"", ""edit_users"": [], ""new_record"": true, ""page_count"": null, ""read_users"": [], ""updated_at"": ""2026-09-29T21:06:15+00:00"", ""edit_groups"": [], ""read_groups"": [], ""camera_model"": [], ""x_resolution"": [], ""y_resolution"": [], ""error_message"": [], ""bits_per_sample"": [], ""processing_note"": [], ""caption_language"": [], ""file_identifiers"": [{""id"": ""disk:///opt/repository/files/f0/42/b4/f042b4ef48c24082b98ebd414c17688c/00000159.tif""}], ""internal_resource"": ""FileMetadata"", ""original_filename"": [""00000159.tif""], ""source_media_type"": [], ""date_of_digitization"": [], ""preservation_copy_of_id"": null, ""original_language_caption"": null}, {""id"": {""id"": ""46d8fe3d-7296-4b3a-ba35-e3d2c324d9fb""}, ""use"": [{""@id"": ""http://pcdm.org/use#ServiceFile""}], ""size"": [], ""label"": [""intermediate_file.tif""], ""width"": [], ""bounds"": [], ""height"": [], ""checksum"": [], ""duration"": [], ""geometry"": [], ""producer"": [], ""software"": [], ""mime_type"": [""image/tiff""], ""change_set"": null, ""created_at"": ""2026-09-29T21:08:23+00:00"", ""edit_users"": [], ""new_record"": true, ""page_count"": null, ""read_users"": [], ""updated_at"": ""2026-09-29T21:08:23+00:00"", ""edit_groups"": [], ""read_groups"": [], ""camera_model"": [], ""x_resolution"": [], ""y_resolution"": [], ""error_message"": [], ""bits_per_sample"": [], ""processing_note"": [], ""caption_language"": [], ""file_identifiers"": [{""id"": ""pyramidal-derivatives-shrine://46/d8/fe/46d8fe3d72964b3aba35e3d2c324d9fb/intermediate_file.tif""}], ""internal_resource"": ""FileMetadata"", ""original_filename"": [""intermediate_file.tif""], ""source_media_type"": [], ""date_of_digitization"": [], ""preservation_copy_of_id"": null, ""original_language_caption"": null}], ""service_targets"": [], ""cached_parent_id"": [{""id"": ""b7f6f438-4363-4003-8b74-779b5e31f210""}], ""processing_status"": [""processed""], ""optimistic_lock_token"": [{""token"": ""3"", ""adapter_id"": {""id"": ""746f06acf4d573bebd8c8a500b398589""}}]}",2026-09-29 21:06:26.351541,2026-09-30 13:41:28.74667,FileSet,4
8abca68e-2656-4fba-971c-faab9a3aff28,"{""part"": [], ""side"": [], ""title"": [""00000160.tif""], ""barcode"": [], ""edit_users"": [], ""highlights"": [], ""member_ids"": [], ""read_users"": [], ""edit_groups"": [], ""read_groups"": [""public""], ""file_metadata"": [{""id"": {""id"": ""1ac152c2-d59b-4096-8ba2-f726559cc857""}, ""use"": [{""@id"": ""http://pcdm.org/use#OriginalFile""}], ""size"": [""59796536""], ""label"": [""00000160.tif""], ""width"": [""3680""], ""bounds"": [], ""height"": [""5411""], ""checksum"": [{""id"": null, ""md5"": ""ae3accc31a9f5bf5d7093dd5d43475c2"", ""sha1"": ""f2ee6ac0298bc59e36a6deb589468ad66a2b252b"", ""sha256"": ""b4d1e3692a23d980c1a03cd8dd6ae25c7a39649d4abf177a1197fd9ccdcf87ca"", ""created_at"": null, ""new_record"": true, ""updated_at"": null, ""internal_resource"": ""MultiChecksum""}], ""duration"": [], ""geometry"": [], ""producer"": [], ""software"": [], ""mime_type"": [""image/tiff""], ""change_set"": null, ""created_at"": ""2026-09-29T21:06:22+00:00"", ""edit_users"": [], ""new_record"": true, ""page_count"": null, ""read_users"": [], ""updated_at"": ""2026-09-29T21:06:22+00:00"", ""edit_groups"": [], ""read_groups"": [], ""camera_model"": [], ""x_resolution"": [], ""y_resolution"": [], ""error_message"": [], ""bits_per_sample"": [], ""processing_note"": [], ""caption_language"": [], ""file_identifiers"": [{""id"": ""disk:///opt/repository/files/1a/c1/52/1ac152c2d59b40968ba2f726559cc857/00000160.tif""}], ""internal_resource"": ""FileMetadata"", ""original_filename"": [""00000160.tif""], ""source_media_type"": [], ""date_of_digitization"": [], ""preservation_copy_of_id"": null, ""original_language_caption"": null}, {""id"": {""id"": ""7ea01889-10be-4ce0-a3e7-8d951011c87e""}, ""use"": [{""@id"": ""http://pcdm.org/use#ServiceFile""}], ""size"": [], ""label"": [""intermediate_file.tif""], ""width"": [], ""bounds"": [], ""height"": [], ""checksum"": [], ""duration"": [], ""geometry"": [], ""producer"": [], ""software"": [], ""mime_type"": [""image/tiff""], ""change_set"": null, ""created_at"": ""2026-09-29T21:08:25+00:00"", ""edit_users"": [], ""new_record"": true, ""page_count"": null, ""read_users"": [], ""updated_at"": ""2026-09-29T21:08:25+00:00"", ""edit_groups"": [], ""read_groups"": [], ""camera_model"": [], ""x_resolution"": [], ""y_resolution"": [], ""error_message"": [], ""bits_per_sample"": [], ""processing_note"": [], ""caption_language"": [], ""file_identifiers"": [{""id"": ""pyramidal-derivatives-shrine://7e/a0/18/7ea0188910be4ce0a3e78d951011c87e/intermediate_file.tif""}], ""internal_resource"": ""FileMetadata"", ""original_filename"": [""intermediate_file.tif""], ""source_media_type"": [], ""date_of_digitization"": [], ""preservation_copy_of_id"": null, ""original_language_caption"": null}], ""service_targets"": [], ""cached_parent_id"": [{""id"": ""b7f6f438-4363-4003-8b74-779b5e31f210""}], ""processing_status"": [""processed""], ""optimistic_lock_token"": [{""token"": ""3"", ""adapter_id"": {""id"": ""746f06acf4d573bebd8c8a500b398589""}}]}",2026-09-29 21:06:26.355917,2026-09-30 13:41:28.762516,FileSet,4
fc3b974a-a40e-4896-9231-5a4ff912310e,"{""part"": [], ""side"": [], ""title"": [""00000161.tif""], ""barcode"": [], ""edit_users"": [], ""highlights"": [], ""member_ids"": [], ""read_users"": [], ""edit_groups"": [], ""read_groups"": [""public""], ""file_metadata"": [{""id"": {""id"": ""323dc48e-edb4-41fe-817a-215e6f45ff0a""}, ""use"": [{""@id"": ""http://pcdm.org/use#OriginalFile""}], ""size"": [""54805600""], ""label"": [""00000161.tif""], ""width"": [""3468""], ""bounds"": [], ""height"": [""5262""], ""checksum"": [{""id"": null, ""md5"": ""f1c75d92805908591384a5c47ee317a1"", ""sha1"": ""ac3eeab84d43ebe261dd7a03e760e7d31825de1e"", ""sha256"": ""22ab4c0fa174832c22f45a5b29bb7ec5f7d69086e79fd1782ba25b98e6be958b"", ""created_at"": null, ""new_record"": true, ""updated_at"": null, ""internal_resource"": ""MultiChecksum""}], ""duration"": [], ""geometry"": [], ""producer"": [], ""software"": [], ""mime_type"": [""image/tiff""], ""change_set"": null, ""created_at"": ""2026-09-29T21:06:27+00:00"", ""edit_users"": [], ""new_record"": true, ""page_count"": null, ""read_users"": [], ""updated_at"": ""2026-09-29T21:06:27+00:00"", ""edit_groups"": [], ""read_groups"": [], ""camera_model"": [], ""x_resolution"": [], ""y_resolution"": [], ""error_message"": [], ""bits_per_sample"": [], ""processing_note"": [], ""caption_language"": [], ""file_identifiers"": [{""id"": ""disk:///opt/repository/files/32/3d/c4/323dc48eedb441fe817a215e6f45ff0a/00000161.tif""}], ""internal_resource"": ""FileMetadata"", ""original_filename"": [""00000161.tif""], ""source_media_type"": [], ""date_of_digitization"": [], ""preservation_copy_of_id"": null, ""original_language_caption"": null}, {""id"": {""id"": ""c4b72372-4147-4242-afa6-63f2ca7fde07""}, ""use"": [{""@id"": ""http://pcdm.org/use#ServiceFile""}], ""size"": [], ""label"": [""intermediate_file.tif""], ""width"": [], ""bounds"": [], ""height"": [], ""checksum"": [], ""duration"": [], ""geometry"": [], ""producer"": [], ""software"": [], ""mime_type"": [""image/tiff""], ""change_set"": null, ""created_at"": ""2026-09-29T21:08:51+00:00"", ""edit_users"": [], ""new_record"": true, ""page_count"": null, ""read_users"": [], ""updated_at"": ""2026-09-29T21:08:51+00:00"", ""edit_groups"": [], ""read_groups"": [], ""camera_model"": [], ""x_resolution"": [], ""y_resolution"": [], ""error_message"": [], ""bits_per_sample"": [], ""processing_note"": [], ""caption_language"": [], ""file_identifiers"": [{""id"": ""pyramidal-derivatives-shrine://c4/b7/23/c4b7237241474242afa663f2ca7fde07/intermediate_file.tif""}], ""internal_resource"": ""FileMetadata"", ""original_filename"": [""intermediate_file.tif""], ""source_media_type"": [], ""date_of_digitization"": [], ""preservation_copy_of_id"": null, ""original_language_caption"": null}], ""service_targets"": [], ""cached_parent_id"": [{""id"": ""b7f6f438-4363-4003-8b74-779b5e31f210""}], ""processing_status"": [""processed""], ""optimistic_lock_token"": [{""token"": ""3"", ""adapter_id"": {""id"": ""746f06acf4d573bebd8c8a500b398589""}}]}",2026-09-29 21:07:13.085387,2026-09-30 13:41:28.776182,FileSet,4
6cf7e2f3-6e61-4125-a7d1-ef48268d249c,"{""part"": [], ""side"": [], ""title"": [""00000162.tif""], ""barcode"": [], ""edit_users"": [], ""highlights"": [], ""member_ids"": [], ""read_users"": [], ""edit_groups"": [], ""read_groups"": [""public""], ""file_metadata"": [{""id"": {""id"": ""ed0e56ae-1b87-42df-a5b5-4c4dd60a5159""}, ""use"": [{""@id"": ""http://pcdm.org/use#OriginalFile""}], ""size"": [""59796536""], ""label"": [""00000162.tif""], ""width"": [""3680""], ""bounds"": [], ""height"": [""5411""], ""checksum"": [{""id"": null, ""md5"": ""cb13d0278e8cd129510c992aaffbfd5b"", ""sha1"": ""62e3f185319fb1f6d9ca9af896112c57f59f7c07"", ""sha256"": ""e0be2b7179a9a9ae27c47b38681a30e391fb8d3acb88a84cc378c8f84d447e6c"", ""created_at"": null, ""new_record"": true, ""updated_at"": null, ""internal_resource"": ""MultiChecksum""}], ""duration"": [], ""geometry"": [], ""producer"": [], ""software"": [], ""mime_type"": [""image/tiff""], ""change_set"": null, ""created_at"": ""2026-09-29T21:06:31+00:00"", ""edit_users"": [], ""new_record"": true, ""page_count"": null, ""read_users"": [], ""updated_at"": ""2026-09-29T21:06:31+00:00"", ""edit_groups"": [], ""read_groups"": [], ""camera_model"": [], ""x_resolution"": [], ""y_resolution"": [], ""error_message"": [], ""bits_per_sample"": [], ""processing_note"": [], ""caption_language"": [], ""file_identifiers"": [{""id"": ""disk:///opt/repository/files/ed/0e/56/ed0e56ae1b8742dfa5b54c4dd60a5159/00000162.tif""}], ""internal_resource"": ""FileMetadata"", ""original_filename"": [""00000162.tif""], ""source_media_type"": [], ""date_of_digitization"": [], ""preservation_copy_of_id"": null, ""original_language_caption"": null}, {""id"": {""id"": ""2bac62f9-825c-4fb5-b296-e9eb808bbe44""}, ""use"": [{""@id"": ""http://pcdm.org/use#ServiceFile""}], ""size"": [], ""label"": [""intermediate_file.tif""], ""width"": [], ""bounds"": [], ""height"": [], ""checksum"": [], ""duration"": [], ""geometry"": [], ""producer"": [], ""software"": [], ""mime_type"": [""image/tiff""], ""change_set"": null, ""created_at"": ""2026-09-29T21:09:10+00:00"", ""edit_users"": [], ""new_record"": true, ""page_count"": null, ""read_users"": [], ""updated_at"": ""2026-09-29T21:09:10+00:00"", ""edit_groups"": [], ""read_groups"": [], ""camera_model"": [], ""x_resolution"": [], ""y_resolution"": [], ""error_message"": [], ""bits_per_sample"": [], ""processing_note"": [], ""caption_language"": [], ""file_identifiers"": [{""id"": ""pyramidal-derivatives-shrine://2b/ac/62/2bac62f9825c4fb5b296e9eb808bbe44/intermediate_file.tif""}], ""internal_resource"": ""FileMetadata"", ""original_filename"": [""intermediate_file.tif""], ""source_media_type"": [], ""date_of_digitization"": [], ""preservation_copy_of_id"": null, ""original_language_caption"": null}], ""service_targets"": [], ""cached_parent_id"": [{""id"": ""b7f6f438-4363-4003-8b74-779b5e31f210""}], ""processing_status"": [""processed""], ""optimistic_lock_token"": [{""token"": ""3"", ""adapter_id"": {""id"": ""746f06acf4d573bebd8c8a500b398589""}}]}",2026-09-29 21:07:13.094874,2026-09-30 13:41:28.791691,FileSet,4
60e4f3f9-fc47-4925-ac6a-c92f7f0bbb31,"{""part"": [], ""side"": [], ""title"": [""00000163.tif""], ""barcode"": [], ""edit_users"": [], ""highlights"": [], ""member_ids"": [], ""read_users"": [], ""edit_groups"": [], ""read_groups"": [""public""], ""file_metadata"": [{""id"": {""id"": ""f89ab3c3-649a-438a-8018-835739d5a611""}, ""use"": [{""@id"": ""http://pcdm.org/use#OriginalFile""}], ""size"": [""54805600""], ""label"": [""00000163.tif""], ""width"": [""3468""], ""bounds"": [], ""height"": [""5262""], ""checksum"": [{""id"": null, ""md5"": ""ede04d5fd77309e8dd16614135faf566"", ""sha1"": ""17f77a94c462d4faaeffa74481feed57edf0fc64"", ""sha256"": ""4cb4bec50de4948f50cf8ed92ee609b8f948ea5c0e3bcc49b2c4a90561eb1ea6"", ""created_at"": null, ""new_record"": true, ""updated_at"": null, ""internal_resource"": ""MultiChecksum""}], ""duration"": [], ""geometry"": [], ""producer"": [], ""software"": [], ""mime_type"": [""image/tiff""], ""change_set"": null, ""created_at"": ""2026-09-29T21:06:35+00:00"", ""edit_users"": [], ""new_record"": true, ""page_count"": null, ""read_users"": [], ""updated_at"": ""2026-09-29T21:06:35+00:00"", ""edit_groups"": [], ""read_groups"": [], ""camera_model"": [], ""x_resolution"": [], ""y_resolution"": [], ""error_message"": [], ""bits_per_sample"": [], ""processing_note"": [], ""caption_language"": [], ""file_identifiers"": [{""id"": ""disk:///opt/repository/files/f8/9a/b3/f89ab3c3649a438a8018835739d5a611/00000163.tif""}], ""internal_resource"": ""FileMetadata"", ""original_filename"": [""00000163.tif""], ""source_media_type"": [], ""date_of_digitization"": [], ""preservation_copy_of_id"": null, ""original_language_caption"": null}, {""id"": {""id"": ""16d6e176-08df-413f-a8b1-7d8a7b0a14e2""}, ""use"": [{""@id"": ""http://pcdm.org/use#ServiceFile""}], ""size"": [], ""label"": [""intermediate_file.tif""], ""width"": [], ""bounds"": [], ""height"": [], ""checksum"": [], ""duration"": [], ""geometry"": [], ""producer"": [], ""software"": [], ""mime_type"": [""image/tiff""], ""change_set"": null, ""created_at"": ""2026-09-29T21:08:52+00:00"", ""edit_users"": [], ""new_record"": true, ""page_count"": null, ""read_users"": [], ""updated_at"": ""2026-09-29T21:08:52+00:00"", ""edit_groups"": [], ""read_groups"": [], ""camera_model"": [], ""x_resolution"": [], ""y_resolution"": [], ""error_message"": [], ""bits_per_sample"": [], ""processing_note"": [], ""caption_language"": [], ""file_identifiers"": [{""id"": ""pyramidal-derivatives-shrine://16/d6/e1/16d6e17608df413fa8b17d8a7b0a14e2/intermediate_file.tif""}], ""internal_resource"": ""FileMetadata"", ""original_filename"": [""intermediate_file.tif""], ""source_media_type"": [], ""date_of_digitization"": [], ""preservation_copy_of_id"": null, ""original_language_caption"": null}], ""service_targets"": [], ""cached_parent_id"": [{""id"": ""b7f6f438-4363-4003-8b74-779b5e31f210""}], ""processing_status"": [""processed""], ""optimistic_lock_token"": [{""token"": ""3"", ""adapter_id"": {""id"": ""746f06acf4d573bebd8c8a500b398589""}}]}",2026-09-29 21:07:13.104954,2026-09-30 13:41:28.805926,FileSet,4
dc868082-cb26-46e5-9cb1-7893714e387a,"{""part"": [], ""side"": [], ""title"": [""00000164.tif""], ""barcode"": [], ""edit_users"": [], ""highlights"": [], ""member_ids"": [], ""read_users"": [], ""edit_groups"": [], ""read_groups"": [""public""], ""file_metadata"": [{""id"": {""id"": ""2a4c664d-ed31-4c68-9586-6114da93a914""}, ""use"": [{""@id"": ""http://pcdm.org/use#OriginalFile""}], ""size"": [""59796536""], ""label"": [""00000164.tif""], ""width"": [""3680""], ""bounds"": [], ""height"": [""5411""], ""checksum"": [{""id"": null, ""md5"": ""deac7124cc14b084046c3452949bfc4c"", ""sha1"": ""69a6dea98aae1b8897d186caf748f73bfa456a82"", ""sha256"": ""c2165806687ed25a397199f96aace5123f25da029384e675d06636944d9f3032"", ""created_at"": null, ""new_record"": true, ""updated_at"": null, ""internal_resource"": ""MultiChecksum""}], ""duration"": [], ""geometry"": [], ""producer"": [], ""software"": [], ""mime_type"": [""image/tiff""], ""change_set"": null, ""created_at"": ""2026-09-29T21:06:40+00:00"", ""edit_users"": [], ""new_record"": true, ""page_count"": null, ""read_users"": [], ""updated_at"": ""2026-09-29T21:06:40+00:00"", ""edit_groups"": [], ""read_groups"": [], ""camera_model"": [], ""x_resolution"": [], ""y_resolution"": [], ""error_message"": [], ""bits_per_sample"": [], ""processing_note"": [], ""caption_language"": [], ""file_identifiers"": [{""id"": ""disk:///opt/repository/files/2a/4c/66/2a4c664ded314c6895866114da93a914/00000164.tif""}], ""internal_resource"": ""FileMetadata"", ""original_filename"": [""00000164.tif""], ""source_media_type"": [], ""date_of_digitization"": [], ""preservation_copy_of_id"": null, ""original_language_caption"": null}, {""id"": {""id"": ""d04bfdf9-351c-45c3-abe1-ee7fd3c8a453""}, ""use"": [{""@id"": ""http://pcdm.org/use#ServiceFile""}], ""size"": [], ""label"": [""intermediate_file.tif""], ""width"": [], ""bounds"": [], ""height"": [], ""checksum"": [], ""duration"": [], ""geometry"": [], ""producer"": [], ""software"": [], ""mime_type"": [""image/tiff""], ""change_set"": null, ""created_at"": ""2026-09-29T21:08:59+00:00"", ""edit_users"": [], ""new_record"": true, ""page_count"": null, ""read_users"": [], ""updated_at"": ""2026-09-29T21:08:59+00:00"", ""edit_groups"": [], ""read_groups"": [], ""camera_model"": [], ""x_resolution"": [], ""y_resolution"": [], ""error_message"": [], ""bits_per_sample"": [], ""processing_note"": [], ""caption_language"": [], ""file_identifiers"": [{""id"": ""pyramidal-derivatives-shrine://d0/4b/fd/d04bfdf9351c45c3abe1ee7fd3c8a453/intermediate_file.tif""}], ""internal_resource"": ""FileMetadata"", ""original_filename"": [""intermediate_file.tif""], ""source_media_type"": [], ""date_of_digitization"": [], ""preservation_copy_of_id"": null, ""original_language_caption"": null}], ""service_targets"": [], ""cached_parent_id"": [{""id"": ""b7f6f438-4363-4003-8b74-779b5e31f210""}], ""processing_status"": [""processed""], ""optimistic_lock_token"": [{""token"": ""3"", ""adapter_id"": {""id"": ""746f06acf4d573bebd8c8a500b398589""}}]}",2026-09-29 21:07:13.114821,2026-09-30 13:41:28.819802,FileSet,4
73a7ebac-1915-414c-93e7-c7d0be4bef5c,"{""part"": [], ""side"": [], ""title"": [""00000165.tif""], ""barcode"": [], ""edit_users"": [], ""highlights"": [], ""member_ids"": [], ""read_users"": [], ""edit_groups"": [], ""read_groups"": [""public""], ""file_metadata"": [{""id"": {""id"": ""a48fe461-cbb6-498e-942b-98e8c20add83""}, ""use"": [{""@id"": ""http://pcdm.org/use#OriginalFile""}], ""size"": [""54805600""], ""label"": [""00000165.tif""], ""width"": [""3468""], ""bounds"": [], ""height"": [""5262""], ""checksum"": [{""id"": null, ""md5"": ""9449b42283f1e68ff5b28e634a872406"", ""sha1"": ""0c8bfd5f3118201a3ff3e455114f9d016eed3c1d"", ""sha256"": ""b82362841b5d3f8024c5cbe1a9051a0f364a8d27da7b1b0fd0e4a26238a94855"", ""created_at"": null, ""new_record"": true, ""updated_at"": null, ""internal_resource"": ""MultiChecksum""}], ""duration"": [], ""geometry"": [], ""producer"": [], ""software"": [], ""mime_type"": [""image/tiff""], ""change_set"": null, ""created_at"": ""2026-09-29T21:06:42+00:00"", ""edit_users"": [], ""new_record"": true, ""page_count"": null, ""read_users"": [], ""updated_at"": ""2026-09-29T21:06:42+00:00"", ""edit_groups"": [], ""read_groups"": [], ""camera_model"": [], ""x_resolution"": [], ""y_resolution"": [], ""error_message"": [], ""bits_per_sample"": [], ""processing_note"": [], ""caption_language"": [], ""file_identifiers"": [{""id"": ""disk:///opt/repository/files/a4/8f/e4/a48fe461cbb6498e942b98e8c20add83/00000165.tif""}], ""internal_resource"": ""FileMetadata"", ""original_filename"": [""00000165.tif""], ""source_media_type"": [], ""date_of_digitization"": [], ""preservation_copy_of_id"": null, ""original_language_caption"": null}, {""id"": {""id"": ""7d80b62b-8199-405a-8d52-ac5a43ecfbd8""}, ""use"": [{""@id"": ""http://pcdm.org/use#ServiceFile""}], ""size"": [], ""label"": [""intermediate_file.tif""], ""width"": [], ""bounds"": [], ""height"": [], ""checksum"": [], ""duration"": [], ""geometry"": [], ""producer"": [], ""software"": [], ""mime_type"": [""image/tiff""], ""change_set"": null, ""created_at"": ""2026-09-29T21:08:55+00:00"", ""edit_users"": [], ""new_record"": true, ""page_count"": null, ""read_users"": [], ""updated_at"": ""2026-09-29T21:08:55+00:00"", ""edit_groups"": [], ""read_groups"": [], ""camera_model"": [], ""x_resolution"": [], ""y_resolution"": [], ""error_message"": [], ""bits_per_sample"": [], ""processing_note"": [], ""caption_language"": [], ""file_identifiers"": [{""id"": ""pyramidal-derivatives-shrine://7d/80/b6/7d80b62b8199405a8d52ac5a43ecfbd8/intermediate_file.tif""}], ""internal_resource"": ""FileMetadata"", ""original_filename"": [""intermediate_file.tif""], ""source_media_type"": [], ""date_of_digitization"": [], ""preservation_copy_of_id"": null, ""original_language_caption"": null}], ""service_targets"": [], ""cached_parent_id"": [{""id"": ""b7f6f438-4363-4003-8b74-779b5e31f210""}], ""processing_status"": [""processed""], ""optimistic_lock_token"": [{""token"": ""3"", ""adapter_id"": {""id"": ""746f06acf4d573bebd8c8a500b398589""}}]}",2026-09-29 21:07:13.121615,2026-09-30 13:41:28.833278,FileSet,4
83ddc698-2ae3-4432-a674-4986d98ffde1,"{""part"": [], ""side"": [], ""title"": [""00000166.tif""], ""barcode"": [], ""edit_users"": [], ""highlights"": [], ""member_ids"": [], ""read_users"": [], ""edit_groups"": [], ""read_groups"": [""public""], ""file_metadata"": [{""id"": {""id"": ""b98a418a-2ddf-4e74-be4f-47a6a348c3bc""}, ""use"": [{""@id"": ""http://pcdm.org/use#OriginalFile""}], ""size"": [""59796536""], ""label"": [""00000166.tif""], ""width"": [""3680""], ""bounds"": [], ""height"": [""5411""], ""checksum"": [{""id"": null, ""md5"": ""205d57a3e6502bcac055414dd31f4e91"", ""sha1"": ""38879a061ca4658d07955cecbc3984cebad0fd0f"", ""sha256"": ""4c68db47acc4f551b8110d8b3e5f189f6f4af86149ae32ed09cbb955e3e71f76"", ""created_at"": null, ""new_record"": true, ""updated_at"": null, ""internal_resource"": ""MultiChecksum""}], ""duration"": [], ""geometry"": [], ""producer"": [], ""software"": [], ""mime_type"": [""image/tiff""], ""change_set"": null, ""created_at"": ""2026-09-29T21:06:49+00:00"", ""edit_users"": [], ""new_record"": true, ""page_count"": null, ""read_users"": [], ""updated_at"": ""2026-09-29T21:06:49+00:00"", ""edit_groups"": [], ""read_groups"": [], ""camera_model"": [], ""x_resolution"": [], ""y_resolution"": [], ""error_message"": [], ""bits_per_sample"": [], ""processing_note"": [], ""caption_language"": [], ""file_identifiers"": [{""id"": ""disk:///opt/repository/files/b9/8a/41/b98a418a2ddf4e74be4f47a6a348c3bc/00000166.tif""}], ""internal_resource"": ""FileMetadata"", ""original_filename"": [""00000166.tif""], ""source_media_type"": [], ""date_of_digitization"": [], ""preservation_copy_of_id"": null, ""original_language_caption"": null}, {""id"": {""id"": ""cae753af-7045-4972-b4e3-d132fbc1dee9""}, ""use"": [{""@id"": ""http://pcdm.org/use#ServiceFile""}], ""size"": [], ""label"": [""intermediate_file.tif""], ""width"": [], ""bounds"": [], ""height"": [], ""checksum"": [], ""duration"": [], ""geometry"": [], ""producer"": [], ""software"": [], ""mime_type"": [""image/tiff""], ""change_set"": null, ""created_at"": ""2026-09-29T21:09:09+00:00"", ""edit_users"": [], ""new_record"": true, ""page_count"": null, ""read_users"": [], ""updated_at"": ""2026-09-29T21:09:09+00:00"", ""edit_groups"": [], ""read_groups"": [], ""camera_model"": [], ""x_resolution"": [], ""y_resolution"": [], ""error_message"": [], ""bits_per_sample"": [], ""processing_note"": [], ""caption_language"": [], ""file_identifiers"": [{""id"": ""pyramidal-derivatives-shrine://ca/e7/53/cae753af70454972b4e3d132fbc1dee9/intermediate_file.tif""}], ""internal_resource"": ""FileMetadata"", ""original_filename"": [""intermediate_file.tif""], ""source_media_type"": [], ""date_of_digitization"": [], ""preservation_copy_of_id"": null, ""original_language_caption"": null}], ""service_targets"": [], ""cached_parent_id"": [{""id"": ""b7f6f438-4363-4003-8b74-779b5e31f210""}], ""processing_status"": [""processed""], ""optimistic_lock_token"": [{""token"": ""3"", ""adapter_id"": {""id"": ""746f06acf4d573bebd8c8a500b398589""}}]}",2026-09-29 21:07:13.128731,2026-09-30 13:41:28.847432,FileSet,4
67fb0aa2-7d7f-4256-b1fd-b334f5bcb439,"{""part"": [], ""side"": [], ""title"": [""00000167.tif""], ""barcode"": [], ""edit_users"": [], ""highlights"": [], ""member_ids"": [], ""read_users"": [], ""edit_groups"": [], ""read_groups"": [""public""], ""file_metadata"": [{""id"": {""id"": ""6e032266-21dd-400f-8e74-0ab75155040f""}, ""use"": [{""@id"": ""http://pcdm.org/use#OriginalFile""}], ""size"": [""54805600""], ""label"": [""00000167.tif""], ""width"": [""3468""], ""bounds"": [], ""height"": [""5262""], ""checksum"": [{""id"": null, ""md5"": ""5d263270cd9fe3b968028f467dd192d1"", ""sha1"": ""2913a5174bf802322f757b9a8bf0f66f4366e0ea"", ""sha256"": ""11ce57bba5ad8e825288947d8914eaf2f976927d24140ace79c1d019e5e8ddcf"", ""created_at"": null, ""new_record"": true, ""updated_at"": null, ""internal_resource"": ""MultiChecksum""}], ""duration"": [], ""geometry"": [], ""producer"": [], ""software"": [], ""mime_type"": [""image/tiff""], ""change_set"": null, ""created_at"": ""2026-09-29T21:06:53+00:00"", ""edit_users"": [], ""new_record"": true, ""page_count"": null, ""read_users"": [], ""updated_at"": ""2026-09-29T21:06:53+00:00"", ""edit_groups"": [], ""read_groups"": [], ""camera_model"": [], ""x_resolution"": [], ""y_resolution"": [], ""error_message"": [], ""bits_per_sample"": [], ""processing_note"": [], ""caption_language"": [], ""file_identifiers"": [{""id"": ""disk:///opt/repository/files/6e/03/22/6e03226621dd400f8e740ab75155040f/00000167.tif""}], ""internal_resource"": ""FileMetadata"", ""original_filename"": [""00000167.tif""], ""source_media_type"": [], ""date_of_digitization"": [], ""preservation_copy_of_id"": null, ""original_language_caption"": null}, {""id"": {""id"": ""b6792bb9-724a-44d4-980a-2b36bfca7797""}, ""use"": [{""@id"": ""http://pcdm.org/use#ServiceFile""}], ""size"": [], ""label"": [""intermediate_file.tif""], ""width"": [], ""bounds"": [], ""height"": [], ""checksum"": [], ""duration"": [], ""geometry"": [], ""producer"": [], ""software"": [], ""mime_type"": [""image/tiff""], ""change_set"": null, ""created_at"": ""2026-09-29T21:08:57+00:00"", ""edit_users"": [], ""new_record"": true, ""page_count"": null, ""read_users"": [], ""updated_at"": ""2026-09-29T21:08:57+00:00"", ""edit_groups"": [], ""read_groups"": [], ""camera_model"": [], ""x_resolution"": [], ""y_resolution"": [], ""error_message"": [], ""bits_per_sample"": [], ""processing_note"": [], ""caption_language"": [], ""file_identifiers"": [{""id"": ""pyramidal-derivatives-shrine://b6/79/2b/b6792bb9724a44d4980a2b36bfca7797/intermediate_file.tif""}], ""internal_resource"": ""FileMetadata"", ""original_filename"": [""intermediate_file.tif""], ""source_media_type"": [], ""date_of_digitization"": [], ""preservation_copy_of_id"": null, ""original_language_caption"": null}], ""service_targets"": [], ""cached_parent_id"": [{""id"": ""b7f6f438-4363-4003-8b74-779b5e31f210""}], ""processing_status"": [""processed""], ""optimistic_lock_token"": [{""token"": ""3"", ""adapter_id"": {""id"": ""746f06acf4d573bebd8c8a500b398589""}}]}",2026-09-29 21:07:13.134821,2026-09-30 13:41:28.861393,FileSet,4
b5c12f4a-f152-4d5c-9cde-29e8a3f4faf7,"{""part"": [], ""side"": [], ""title"": [""00000168.tif""], ""barcode"": [], ""edit_users"": [], ""highlights"": [], ""member_ids"": [], ""read_users"": [], ""edit_groups"": [], ""read_groups"": [""public""], ""file_metadata"": [{""id"": {""id"": ""ea6465b6-f453-4095-aa6e-b4a398e3c070""}, ""use"": [{""@id"": ""http://pcdm.org/use#OriginalFile""}], ""size"": [""59796536""], ""label"": [""00000168.tif""], ""width"": [""3680""], ""bounds"": [], ""height"": [""5411""], ""checksum"": [{""id"": null, ""md5"": ""bd6c06a85f3671f49ea25a723871bbc2"", ""sha1"": ""9ce7a4e142b73d3b94ac5f32ecdb267b7ec5e187"", ""sha256"": ""2c2d687ad222295a87a1e5731ff2bf056fee5541204a596c6b19809a126ae44e"", ""created_at"": null, ""new_record"": true, ""updated_at"": null, ""internal_resource"": ""MultiChecksum""}], ""duration"": [], ""geometry"": [], ""producer"": [], ""software"": [], ""mime_type"": [""image/tiff""], ""change_set"": null, ""created_at"": ""2026-09-29T21:06:59+00:00"", ""edit_users"": [], ""new_record"": true, ""page_count"": null, ""read_users"": [], ""updated_at"": ""2026-09-29T21:06:59+00:00"", ""edit_groups"": [], ""read_groups"": [], ""camera_model"": [], ""x_resolution"": [], ""y_resolution"": [], ""error_message"": [], ""bits_per_sample"": [], ""processing_note"": [], ""caption_language"": [], ""file_identifiers"": [{""id"": ""disk:///opt/repository/files/ea/64/65/ea6465b6f4534095aa6eb4a398e3c070/00000168.tif""}], ""internal_resource"": ""FileMetadata"", ""original_filename"": [""00000168.tif""], ""source_media_type"": [], ""date_of_digitization"": [], ""preservation_copy_of_id"": null, ""original_language_caption"": null}, {""id"": {""id"": ""76b27577-9ddb-4a78-95c8-02a12c2dc5c5""}, ""use"": [{""@id"": ""http://pcdm.org/use#ServiceFile""}], ""size"": [], ""label"": [""intermediate_file.tif""], ""width"": [], ""bounds"": [], ""height"": [], ""checksum"": [], ""duration"": [], ""geometry"": [], ""producer"": [], ""software"": [], ""mime_type"": [""image/tiff""], ""change_set"": null, ""created_at"": ""2026-09-29T21:08:58+00:00"", ""edit_users"": [], ""new_record"": true, ""page_count"": null, ""read_users"": [], ""updated_at"": ""2026-09-29T21:08:58+00:00"", ""edit_groups"": [], ""read_groups"": [], ""camera_model"": [], ""x_resolution"": [], ""y_resolution"": [], ""error_message"": [], ""bits_per_sample"": [], ""processing_note"": [], ""caption_language"": [], ""file_identifiers"": [{""id"": ""pyramidal-derivatives-shrine://76/b2/75/76b275779ddb4a7895c802a12c2dc5c5/intermediate_file.tif""}], ""internal_resource"": ""FileMetadata"", ""original_filename"": [""intermediate_file.tif""], ""source_media_type"": [], ""date_of_digitization"": [], ""preservation_copy_of_id"": null, ""original_language_caption"": null}], ""service_targets"": [], ""cached_parent_id"": [{""id"": ""b7f6f438-4363-4003-8b74-779b5e31f210""}], ""processing_status"": [""processed""], ""optimistic_lock_token"": [{""token"": ""3"", ""adapter_id"": {""id"": ""746f06acf4d573bebd8c8a500b398589""}}]}",2026-09-29 21:07:13.140393,2026-09-30 13:41:28.877676,FileSet,4
c6b02e60-1094-4922-993a-fd7edbcf2e7f,"{""part"": [], ""side"": [], ""title"": [""00000169.tif""], ""barcode"": [], ""edit_users"": [], ""highlights"": [], ""member_ids"": [], ""read_users"": [], ""edit_groups"": [], ""read_groups"": [""public""], ""file_metadata"": [{""id"": {""id"": ""adffdeb1-df78-4649-94f6-92e94dabf19c""}, ""use"": [{""@id"": ""http://pcdm.org/use#OriginalFile""}], ""size"": [""54805600""], ""label"": [""00000169.tif""], ""width"": [""3468""], ""bounds"": [], ""height"": [""5262""], ""checksum"": [{""id"": null, ""md5"": ""cd8de56ee631d8a9094534210a9b3b5e"", ""sha1"": ""3e2e0f6556d2164712be02394585fb9ecd61c39b"", ""sha256"": ""e5c030f24a21ecfa42f832b944b6c01541ddb6a355503938b5d4719205f51fb6"", ""created_at"": null, ""new_record"": true, ""updated_at"": null, ""internal_resource"": ""MultiChecksum""}], ""duration"": [], ""geometry"": [], ""producer"": [], ""software"": [], ""mime_type"": [""image/tiff""], ""change_set"": null, ""created_at"": ""2026-09-29T21:07:03+00:00"", ""edit_users"": [], ""new_record"": true, ""page_count"": null, ""read_users"": [], ""updated_at"": ""2026-09-29T21:07:03+00:00"", ""edit_groups"": [], ""read_groups"": [], ""camera_model"": [], ""x_resolution"": [], ""y_resolution"": [], ""error_message"": [], ""bits_per_sample"": [], ""processing_note"": [], ""caption_language"": [], ""file_identifiers"": [{""id"": ""disk:///opt/repository/files/ad/ff/de/adffdeb1df78464994f692e94dabf19c/00000169.tif""}], ""internal_resource"": ""FileMetadata"", ""original_filename"": [""00000169.tif""], ""source_media_type"": [], ""date_of_digitization"": [], ""preservation_copy_of_id"": null, ""original_language_caption"": null}, {""id"": {""id"": ""5b37135d-af88-49b1-bc50-7a30b480dc80""}, ""use"": [{""@id"": ""http://pcdm.org/use#ServiceFile""}], ""size"": [], ""label"": [""intermediate_file.tif""], ""width"": [], ""bounds"": [], ""height"": [], ""checksum"": [], ""duration"": [], ""geometry"": [], ""producer"": [], ""software"": [], ""mime_type"": [""image/tiff""], ""change_set"": null, ""created_at"": ""2026-09-29T21:08:59+00:00"", ""edit_users"": [], ""new_record"": true, ""page_count"": null, ""read_users"": [], ""updated_at"": ""2026-09-29T21:08:59+00:00"", ""edit_groups"": [], ""read_groups"": [], ""camera_model"": [], ""x_resolution"": [], ""y_resolution"": [], ""error_message"": [], ""bits_per_sample"": [], ""processing_note"": [], ""caption_language"": [], ""file_identifiers"": [{""id"": ""pyramidal-derivatives-shrine://5b/37/13/5b37135daf8849b1bc507a30b480dc80/intermediate_file.tif""}], ""internal_resource"": ""FileMetadata"", ""original_filename"": [""intermediate_file.tif""], ""source_media_type"": [], ""date_of_digitization"": [], ""preservation_copy_of_id"": null, ""original_language_caption"": null}], ""service_targets"": [], ""cached_parent_id"": [{""id"": ""b7f6f438-4363-4003-8b74-779b5e31f210""}], ""processing_status"": [""processed""], ""optimistic_lock_token"": [{""token"": ""3"", ""adapter_id"": {""id"": ""746f06acf4d573bebd8c8a500b398589""}}]}",2026-09-29 21:07:13.145622,2026-09-30 13:41:28.894029,FileSet,4
ce2c4e66-56eb-4c2e-a59a-930d52d60ff1,"{""part"": [], ""side"": [], ""title"": [""00000170.tif""], ""barcode"": [], ""edit_users"": [], ""highlights"": [], ""member_ids"": [], ""read_users"": [], ""edit_groups"": [], ""read_groups"": [""public""], ""file_metadata"": [{""id"": {""id"": ""b45d6f5e-13e2-4189-92e0-ae393cdb4052""}, ""use"": [{""@id"": ""http://pcdm.org/use#OriginalFile""}], ""size"": [""59796536""], ""label"": [""00000170.tif""], ""width"": [""3680""], ""bounds"": [], ""height"": [""5411""], ""checksum"": [{""id"": null, ""md5"": ""ae388213a719c56ddd3093cb2acddb6f"", ""sha1"": ""4c51300bd9abdb48f6db3e4a635381f75e46de0f"", ""sha256"": ""a4dc9b1ab819eee25086fc0778dd95cc6e02286833bfa69165c0d5b4fd11b6f2"", ""created_at"": null, ""new_record"": true, ""updated_at"": null, ""internal_resource"": ""MultiChecksum""}], ""duration"": [], ""geometry"": [], ""producer"": [], ""software"": [], ""mime_type"": [""image/tiff""], ""change_set"": null, ""created_at"": ""2026-09-29T21:07:09+00:00"", ""edit_users"": [], ""new_record"": true, ""page_count"": null, ""read_users"": [], ""updated_at"": ""2026-09-29T21:07:09+00:00"", ""edit_groups"": [], ""read_groups"": [], ""camera_model"": [], ""x_resolution"": [], ""y_resolution"": [], ""error_message"": [], ""bits_per_sample"": [], ""processing_note"": [], ""caption_language"": [], ""file_identifiers"": [{""id"": ""disk:///opt/repository/files/b4/5d/6f/b45d6f5e13e2418992e0ae393cdb4052/00000170.tif""}], ""internal_resource"": ""FileMetadata"", ""original_filename"": [""00000170.tif""], ""source_media_type"": [], ""date_of_digitization"": [], ""preservation_copy_of_id"": null, ""original_language_caption"": null}, {""id"": {""id"": ""c910f64f-4271-4fed-b2a1-52abc509c6d9""}, ""use"": [{""@id"": ""http://pcdm.org/use#ServiceFile""}], ""size"": [], ""label"": [""intermediate_file.tif""], ""width"": [], ""bounds"": [], ""height"": [], ""checksum"": [], ""duration"": [], ""geometry"": [], ""producer"": [], ""software"": [], ""mime_type"": [""image/tiff""], ""change_set"": null, ""created_at"": ""2026-09-29T21:09:08+00:00"", ""edit_users"": [], ""new_record"": true, ""page_count"": null, ""read_users"": [], ""updated_at"": ""2026-09-29T21:09:08+00:00"", ""edit_groups"": [], ""read_groups"": [], ""camera_model"": [], ""x_resolution"": [], ""y_resolution"": [], ""error_message"": [], ""bits_per_sample"": [], ""processing_note"": [], ""caption_language"": [], ""file_identifiers"": [{""id"": ""pyramidal-derivatives-shrine://c9/10/f6/c910f64f42714fedb2a152abc509c6d9/intermediate_file.tif""}], ""internal_resource"": ""FileMetadata"", ""original_filename"": [""intermediate_file.tif""], ""source_media_type"": [], ""date_of_digitization"": [], ""preservation_copy_of_id"": null, ""original_language_caption"": null}], ""service_targets"": [], ""cached_parent_id"": [{""id"": ""b7f6f438-4363-4003-8b74-779b5e31f210""}], ""processing_status"": [""processed""], ""optimistic_lock_token"": [{""token"": ""3"", ""adapter_id"": {""id"": ""746f06acf4d573bebd8c8a500b398589""}}]}",2026-09-29 21:07:13.150711,2026-09-30 13:41:28.90943,FileSet,4
25c09d19-0f6a-4e3e-a3a6-4d8bf901c40c,"{""part"": [], ""side"": [], ""title"": [""00000171.tif""], ""barcode"": [], ""edit_users"": [], ""highlights"": [], ""member_ids"": [], ""read_users"": [], ""edit_groups"": [], ""read_groups"": [""public""], ""file_metadata"": [{""id"": {""id"": ""74b6abee-9560-4315-99c5-0de3e65760d6""}, ""use"": [{""@id"": ""http://pcdm.org/use#OriginalFile""}], ""size"": [""54805600""], ""label"": [""00000171.tif""], ""width"": [""3468""], ""bounds"": [], ""height"": [""5262""], ""checksum"": [{""id"": null, ""md5"": ""9a596419ad361457bd18ff38d804aec4"", ""sha1"": ""e630df3d2e82094dff59f381426675863a6f88e5"", ""sha256"": ""942258a85309a42a1e781a2bc0d613282c40762a0b08877ecfecd2d96274d07d"", ""created_at"": null, ""new_record"": true, ""updated_at"": null, ""internal_resource"": ""MultiChecksum""}], ""duration"": [], ""geometry"": [], ""producer"": [], ""software"": [], ""mime_type"": [""image/tiff""], ""change_set"": null, ""created_at"": ""2026-09-29T21:07:13+00:00"", ""edit_users"": [], ""new_record"": true, ""page_count"": null, ""read_users"": [], ""updated_at"": ""2026-09-29T21:07:13+00:00"", ""edit_groups"": [], ""read_groups"": [], ""camera_model"": [], ""x_resolution"": [], ""y_resolution"": [], ""error_message"": [], ""bits_per_sample"": [], ""processing_note"": [], ""caption_language"": [], ""file_identifiers"": [{""id"": ""disk:///opt/repository/files/74/b6/ab/74b6abee9560431599c50de3e65760d6/00000171.tif""}], ""internal_resource"": ""FileMetadata"", ""original_filename"": [""00000171.tif""], ""source_media_type"": [], ""date_of_digitization"": [], ""preservation_copy_of_id"": null, ""original_language_caption"": null}, {""id"": {""id"": ""fe4ae2c5-c60a-4ece-a0d2-c0e9c956dd18""}, ""use"": [{""@id"": ""http://pcdm.org/use#ServiceFile""}], ""size"": [], ""label"": [""intermediate_file.tif""], ""width"": [], ""bounds"": [], ""height"": [], ""checksum"": [], ""duration"": [], ""geometry"": [], ""producer"": [], ""software"": [], ""mime_type"": [""image/tiff""], ""change_set"": null, ""created_at"": ""2026-09-29T21:08:34+00:00"", ""edit_users"": [], ""new_record"": true, ""page_count"": null, ""read_users"": [], ""updated_at"": ""2026-09-29T21:08:34+00:00"", ""edit_groups"": [], ""read_groups"": [], ""camera_model"": [], ""x_resolution"": [], ""y_resolution"": [], ""error_message"": [], ""bits_per_sample"": [], ""processing_note"": [], ""caption_language"": [], ""file_identifiers"": [{""id"": ""pyramidal-derivatives-shrine://fe/4a/e2/fe4ae2c5c60a4ecea0d2c0e9c956dd18/intermediate_file.tif""}], ""internal_resource"": ""FileMetadata"", ""original_filename"": [""intermediate_file.tif""], ""source_media_type"": [], ""date_of_digitization"": [], ""preservation_copy_of_id"": null, ""original_language_caption"": null}], ""service_targets"": [], ""cached_parent_id"": [{""id"": ""b7f6f438-4363-4003-8b74-779b5e31f210""}], ""processing_status"": [""processed""], ""optimistic_lock_token"": [{""token"": ""3"", ""adapter_id"": {""id"": ""746f06acf4d573bebd8c8a500b398589""}}]}",2026-09-29 21:08:04.318284,2026-09-30 13:41:28.923763,FileSet,4
08670662-6a0d-4d52-9f38-e0906d6e4bcb,"{""part"": [], ""side"": [], ""title"": [""00000172.tif""], ""barcode"": [], ""edit_users"": [], ""highlights"": [], ""member_ids"": [], ""read_users"": [], ""edit_groups"": [], ""read_groups"": [""public""], ""file_metadata"": [{""id"": {""id"": ""694a95dd-a158-4197-b067-60937f584269""}, ""use"": [{""@id"": ""http://pcdm.org/use#OriginalFile""}], ""size"": [""59796536""], ""label"": [""00000172.tif""], ""width"": [""3680""], ""bounds"": [], ""height"": [""5411""], ""checksum"": [{""id"": null, ""md5"": ""bd8cd60f57da78764539ca10b434e1c5"", ""sha1"": ""575063f8705e2704a9897091fc9eebc115b4ed20"", ""sha256"": ""33fd63835b613b506c4684c28a5191466f181bacb6445920f5da3d07edd58e6b"", ""created_at"": null, ""new_record"": true, ""updated_at"": null, ""internal_resource"": ""MultiChecksum""}], ""duration"": [], ""geometry"": [], ""producer"": [], ""software"": [], ""mime_type"": [""image/tiff""], ""change_set"": null, ""created_at"": ""2026-09-29T21:07:18+00:00"", ""edit_users"": [], ""new_record"": true, ""page_count"": null, ""read_users"": [], ""updated_at"": ""2026-09-29T21:07:18+00:00"", ""edit_groups"": [], ""read_groups"": [], ""camera_model"": [], ""x_resolution"": [], ""y_resolution"": [], ""error_message"": [], ""bits_per_sample"": [], ""processing_note"": [], ""caption_language"": [], ""file_identifiers"": [{""id"": ""disk:///opt/repository/files/69/4a/95/694a95dda1584197b06760937f584269/00000172.tif""}], ""internal_resource"": ""FileMetadata"", ""original_filename"": [""00000172.tif""], ""source_media_type"": [], ""date_of_digitization"": [], ""preservation_copy_of_id"": null, ""original_language_caption"": null}, {""id"": {""id"": ""367062cd-2d1b-4942-829d-8db42177399a""}, ""use"": [{""@id"": ""http://pcdm.org/use#ServiceFile""}], ""size"": [], ""label"": [""intermediate_file.tif""], ""width"": [], ""bounds"": [], ""height"": [], ""checksum"": [], ""duration"": [], ""geometry"": [], ""producer"": [], ""software"": [], ""mime_type"": [""image/tiff""], ""change_set"": null, ""created_at"": ""2026-09-29T21:08:38+00:00"", ""edit_users"": [], ""new_record"": true, ""page_count"": null, ""read_users"": [], ""updated_at"": ""2026-09-29T21:08:38+00:00"", ""edit_groups"": [], ""read_groups"": [], ""camera_model"": [], ""x_resolution"": [], ""y_resolution"": [], ""error_message"": [], ""bits_per_sample"": [], ""processing_note"": [], ""caption_language"": [], ""file_identifiers"": [{""id"": ""pyramidal-derivatives-shrine://36/70/62/367062cd2d1b4942829d8db42177399a/intermediate_file.tif""}], ""internal_resource"": ""FileMetadata"", ""original_filename"": [""intermediate_file.tif""], ""source_media_type"": [], ""date_of_digitization"": [], ""preservation_copy_of_id"": null, ""original_language_caption"": null}], ""service_targets"": [], ""cached_parent_id"": [{""id"": ""b7f6f438-4363-4003-8b74-779b5e31f210""}], ""processing_status"": [""processed""], ""optimistic_lock_token"": [{""token"": ""3"", ""adapter_id"": {""id"": ""746f06acf4d573bebd8c8a500b398589""}}]}",2026-09-29 21:08:04.324866,2026-09-30 13:41:28.937402,FileSet,4
0a613b39-9322-438f-8c38-f423c75d139d,"{""part"": [], ""side"": [], ""title"": [""00000173.tif""], ""barcode"": [], ""edit_users"": [], ""highlights"": [], ""member_ids"": [], ""read_users"": [], ""edit_groups"": [], ""read_groups"": [""public""], ""file_metadata"": [{""id"": {""id"": ""23848eb0-af03-400f-98c8-40013cdc3ba4""}, ""use"": [{""@id"": ""http://pcdm.org/use#OriginalFile""}], ""size"": [""54805600""], ""label"": [""00000173.tif""], ""width"": [""3468""], ""bounds"": [], ""height"": [""5262""], ""checksum"": [{""id"": null, ""md5"": ""c0b54be71269f5e1f982d80c0c0e103f"", ""sha1"": ""684608958a58f17e8042be7c7ad84a766f57ee66"", ""sha256"": ""1240f9154fb341ac86a329ea1dfad546f4bf8e256545cab91d9f24368e30bdc2"", ""created_at"": null, ""new_record"": true, ""updated_at"": null, ""internal_resource"": ""MultiChecksum""}], ""duration"": [], ""geometry"": [], ""producer"": [], ""software"": [], ""mime_type"": [""image/tiff""], ""change_set"": null, ""created_at"": ""2026-09-29T21:07:21+00:00"", ""edit_users"": [], ""new_record"": true, ""page_count"": null, ""read_users"": [], ""updated_at"": ""2026-09-29T21:07:21+00:00"", ""edit_groups"": [], ""read_groups"": [], ""camera_model"": [], ""x_resolution"": [], ""y_resolution"": [], ""error_message"": [], ""bits_per_sample"": [], ""processing_note"": [], ""caption_language"": [], ""file_identifiers"": [{""id"": ""disk:///opt/repository/files/23/84/8e/23848eb0af03400f98c840013cdc3ba4/00000173.tif""}], ""internal_resource"": ""FileMetadata"", ""original_filename"": [""00000173.tif""], ""source_media_type"": [], ""date_of_digitization"": [], ""preservation_copy_of_id"": null, ""original_language_caption"": null}, {""id"": {""id"": ""9f53ddcc-bc01-49cb-9632-564280ab79fd""}, ""use"": [{""@id"": ""http://pcdm.org/use#ServiceFile""}], ""size"": [], ""label"": [""intermediate_file.tif""], ""width"": [], ""bounds"": [], ""height"": [], ""checksum"": [], ""duration"": [], ""geometry"": [], ""producer"": [], ""software"": [], ""mime_type"": [""image/tiff""], ""change_set"": null, ""created_at"": ""2026-09-29T21:08:33+00:00"", ""edit_users"": [], ""new_record"": true, ""page_count"": null, ""read_users"": [], ""updated_at"": ""2026-09-29T21:08:33+00:00"", ""edit_groups"": [], ""read_groups"": [], ""camera_model"": [], ""x_resolution"": [], ""y_resolution"": [], ""error_message"": [], ""bits_per_sample"": [], ""processing_note"": [], ""caption_language"": [], ""file_identifiers"": [{""id"": ""pyramidal-derivatives-shrine://9f/53/dd/9f53ddccbc0149cb9632564280ab79fd/intermediate_file.tif""}], ""internal_resource"": ""FileMetadata"", ""original_filename"": [""intermediate_file.tif""], ""source_media_type"": [], ""date_of_digitization"": [], ""preservation_copy_of_id"": null, ""original_language_caption"": null}], ""service_targets"": [], ""cached_parent_id"": [{""id"": ""b7f6f438-4363-4003-8b74-779b5e31f210""}], ""processing_status"": [""processed""], ""optimistic_lock_token"": [{""token"": ""3"", ""adapter_id"": {""id"": ""746f06acf4d573bebd8c8a500b398589""}}]}",2026-09-29 21:08:04.330761,2026-09-30 13:41:28.95328,FileSet,4
e97a069b-2c27-4117-b029-7bf92887409e,"{""part"": [], ""side"": [], ""title"": [""00000174.tif""], ""barcode"": [], ""edit_users"": [], ""highlights"": [], ""member_ids"": [], ""read_users"": [], ""edit_groups"": [], ""read_groups"": [""public""], ""file_metadata"": [{""id"": {""id"": ""f50a90df-8eb7-4762-8840-24b1f9ad3f7b""}, ""use"": [{""@id"": ""http://pcdm.org/use#OriginalFile""}], ""size"": [""59796536""], ""label"": [""00000174.tif""], ""width"": [""3680""], ""bounds"": [], ""height"": [""5411""], ""checksum"": [{""id"": null, ""md5"": ""6933f904e90bd0203543e2ce266d5dd4"", ""sha1"": ""4b481d198f4b2cf7d617b947acaa8611dcce332a"", ""sha256"": ""09f9f36a804ed04f100445eae2197c2a89fea9846cf0257733fe1d8d5bbaf169"", ""created_at"": null, ""new_record"": true, ""updated_at"": null, ""internal_resource"": ""MultiChecksum""}], ""duration"": [], ""geometry"": [], ""producer"": [], ""software"": [], ""mime_type"": [""image/tiff""], ""change_set"": null, ""created_at"": ""2026-09-29T21:07:27+00:00"", ""edit_users"": [], ""new_record"": true, ""page_count"": null, ""read_users"": [], ""updated_at"": ""2026-09-29T21:07:27+00:00"", ""edit_groups"": [], ""read_groups"": [], ""camera_model"": [], ""x_resolution"": [], ""y_resolution"": [], ""error_message"": [], ""bits_per_sample"": [], ""processing_note"": [], ""caption_language"": [], ""file_identifiers"": [{""id"": ""disk:///opt/repository/files/f5/0a/90/f50a90df8eb74762884024b1f9ad3f7b/00000174.tif""}], ""internal_resource"": ""FileMetadata"", ""original_filename"": [""00000174.tif""], ""source_media_type"": [], ""date_of_digitization"": [], ""preservation_copy_of_id"": null, ""original_language_caption"": null}, {""id"": {""id"": ""a3c4a5d0-6b24-45bf-9e73-922e406eb4c8""}, ""use"": [{""@id"": ""http://pcdm.org/use#ServiceFile""}], ""size"": [], ""label"": [""intermediate_file.tif""], ""width"": [], ""bounds"": [], ""height"": [], ""checksum"": [], ""duration"": [], ""geometry"": [], ""producer"": [], ""software"": [], ""mime_type"": [""image/tiff""], ""change_set"": null, ""created_at"": ""2026-09-29T21:08:38+00:00"", ""edit_users"": [], ""new_record"": true, ""page_count"": null, ""read_users"": [], ""updated_at"": ""2026-09-29T21:08:38+00:00"", ""edit_groups"": [], ""read_groups"": [], ""camera_model"": [], ""x_resolution"": [], ""y_resolution"": [], ""error_message"": [], ""bits_per_sample"": [], ""processing_note"": [], ""caption_language"": [], ""file_identifiers"": [{""id"": ""pyramidal-derivatives-shrine://a3/c4/a5/a3c4a5d06b2445bf9e73922e406eb4c8/intermediate_file.tif""}], ""internal_resource"": ""FileMetadata"", ""original_filename"": [""intermediate_file.tif""], ""source_media_type"": [], ""date_of_digitization"": [], ""preservation_copy_of_id"": null, ""original_language_caption"": null}], ""service_targets"": [], ""cached_parent_id"": [{""id"": ""b7f6f438-4363-4003-8b74-779b5e31f210""}], ""processing_status"": [""processed""], ""optimistic_lock_token"": [{""token"": ""3"", ""adapter_id"": {""id"": ""746f06acf4d573bebd8c8a500b398589""}}]}",2026-09-29 21:08:04.337048,2026-09-30 13:41:28.967845,FileSet,4
417f8bba-895b-421a-93a1-58e8e7175f0e,"{""part"": [], ""side"": [], ""title"": [""00000175.tif""], ""barcode"": [], ""edit_users"": [], ""highlights"": [], ""member_ids"": [], ""read_users"": [], ""edit_groups"": [], ""read_groups"": [""public""], ""file_metadata"": [{""id"": {""id"": ""b5721fba-e7dd-4b35-8c2d-5cc9888185d1""}, ""use"": [{""@id"": ""http://pcdm.org/use#OriginalFile""}], ""size"": [""54805600""], ""label"": [""00000175.tif""], ""width"": [""3468""], ""bounds"": [], ""height"": [""5262""], ""checksum"": [{""id"": null, ""md5"": ""e59ea651927d28ef0984d3e97efe4057"", ""sha1"": ""a4178c4122a08a576a97bfa4c7634bbebe43a52a"", ""sha256"": ""d3d5ea00509622e753dafa11c0f3f2fdb109b066ef79f4834008d5dcad53ebc7"", ""created_at"": null, ""new_record"": true, ""updated_at"": null, ""internal_resource"": ""MultiChecksum""}], ""duration"": [], ""geometry"": [], ""producer"": [], ""software"": [], ""mime_type"": [""image/tiff""], ""change_set"": null, ""created_at"": ""2026-09-29T21:07:31+00:00"", ""edit_users"": [], ""new_record"": true, ""page_count"": null, ""read_users"": [], ""updated_at"": ""2026-09-29T21:07:31+00:00"", ""edit_groups"": [], ""read_groups"": [], ""camera_model"": [], ""x_resolution"": [], ""y_resolution"": [], ""error_message"": [], ""bits_per_sample"": [], ""processing_note"": [], ""caption_language"": [], ""file_identifiers"": [{""id"": ""disk:///opt/repository/files/b5/72/1f/b5721fbae7dd4b358c2d5cc9888185d1/00000175.tif""}], ""internal_resource"": ""FileMetadata"", ""original_filename"": [""00000175.tif""], ""source_media_type"": [], ""date_of_digitization"": [], ""preservation_copy_of_id"": null, ""original_language_caption"": null}, {""id"": {""id"": ""a136c1f5-f8bb-4f5e-b473-556550d42a11""}, ""use"": [{""@id"": ""http://pcdm.org/use#ServiceFile""}], ""size"": [], ""label"": [""intermediate_file.tif""], ""width"": [], ""bounds"": [], ""height"": [], ""checksum"": [], ""duration"": [], ""geometry"": [], ""producer"": [], ""software"": [], ""mime_type"": [""image/tiff""], ""change_set"": null, ""created_at"": ""2026-09-29T21:08:35+00:00"", ""edit_users"": [], ""new_record"": true, ""page_count"": null, ""read_users"": [], ""updated_at"": ""2026-09-29T21:08:35+00:00"", ""edit_groups"": [], ""read_groups"": [], ""camera_model"": [], ""x_resolution"": [], ""y_resolution"": [], ""error_message"": [], ""bits_per_sample"": [], ""processing_note"": [], ""caption_language"": [], ""file_identifiers"": [{""id"": ""pyramidal-derivatives-shrine://a1/36/c1/a136c1f5f8bb4f5eb473556550d42a11/intermediate_file.tif""}], ""internal_resource"": ""FileMetadata"", ""original_filename"": [""intermediate_file.tif""], ""source_media_type"": [], ""date_of_digitization"": [], ""preservation_copy_of_id"": null, ""original_language_caption"": null}], ""service_targets"": [], ""cached_parent_id"": [{""id"": ""b7f6f438-4363-4003-8b74-779b5e31f210""}], ""processing_status"": [""processed""], ""optimistic_lock_token"": [{""token"": ""3"", ""adapter_id"": {""id"": ""746f06acf4d573bebd8c8a500b398589""}}]}",2026-09-29 21:08:04.341732,2026-09-30 13:41:29.008337,FileSet,4
71f97e1e-09fa-4269-921c-87f80abaaa47,"{""part"": [], ""side"": [], ""title"": [""00000176.tif""], ""barcode"": [], ""edit_users"": [], ""highlights"": [], ""member_ids"": [], ""read_users"": [], ""edit_groups"": [], ""read_groups"": [""public""], ""file_metadata"": [{""id"": {""id"": ""4bc0580b-e740-452b-9c01-e1130df833d4""}, ""use"": [{""@id"": ""http://pcdm.org/use#OriginalFile""}], ""size"": [""59796536""], ""label"": [""00000176.tif""], ""width"": [""3680""], ""bounds"": [], ""height"": [""5411""], ""checksum"": [{""id"": null, ""md5"": ""9b162464aa5d4cdcbb597368867189e3"", ""sha1"": ""889f0cf833e054b59f1a477d2e5f9b62a0246524"", ""sha256"": ""fba4ad631cd7539340f498392c455def58c5e9bcb8a0ccc3035c16dc3149bf65"", ""created_at"": null, ""new_record"": true, ""updated_at"": null, ""internal_resource"": ""MultiChecksum""}], ""duration"": [], ""geometry"": [], ""producer"": [], ""software"": [], ""mime_type"": [""image/tiff""], ""change_set"": null, ""created_at"": ""2026-09-29T21:07:36+00:00"", ""edit_users"": [], ""new_record"": true, ""page_count"": null, ""read_users"": [], ""updated_at"": ""2026-09-29T21:07:36+00:00"", ""edit_groups"": [], ""read_groups"": [], ""camera_model"": [], ""x_resolution"": [], ""y_resolution"": [], ""error_message"": [], ""bits_per_sample"": [], ""processing_note"": [], ""caption_language"": [], ""file_identifiers"": [{""id"": ""disk:///opt/repository/files/4b/c0/58/4bc0580be740452b9c01e1130df833d4/00000176.tif""}], ""internal_resource"": ""FileMetadata"", ""original_filename"": [""00000176.tif""], ""source_media_type"": [], ""date_of_digitization"": [], ""preservation_copy_of_id"": null, ""original_language_caption"": null}, {""id"": {""id"": ""8a0e7f2c-f455-48c8-b2ce-d0942d31de9f""}, ""use"": [{""@id"": ""http://pcdm.org/use#ServiceFile""}], ""size"": [], ""label"": [""intermediate_file.tif""], ""width"": [], ""bounds"": [], ""height"": [], ""checksum"": [], ""duration"": [], ""geometry"": [], ""producer"": [], ""software"": [], ""mime_type"": [""image/tiff""], ""change_set"": null, ""created_at"": ""2026-09-29T21:08:38+00:00"", ""edit_users"": [], ""new_record"": true, ""page_count"": null, ""read_users"": [], ""updated_at"": ""2026-09-29T21:08:38+00:00"", ""edit_groups"": [], ""read_groups"": [], ""camera_model"": [], ""x_resolution"": [], ""y_resolution"": [], ""error_message"": [], ""bits_per_sample"": [], ""processing_note"": [], ""caption_language"": [], ""file_identifiers"": [{""id"": ""pyramidal-derivatives-shrine://8a/0e/7f/8a0e7f2cf45548c8b2ced0942d31de9f/intermediate_file.tif""}], ""internal_resource"": ""FileMetadata"", ""original_filename"": [""intermediate_file.tif""], ""source_media_type"": [], ""date_of_digitization"": [], ""preservation_copy_of_id"": null, ""original_language_caption"": null}], ""service_targets"": [], ""cached_parent_id"": [{""id"": ""b7f6f438-4363-4003-8b74-779b5e31f210""}], ""processing_status"": [""processed""], ""optimistic_lock_token"": [{""token"": ""3"", ""adapter_id"": {""id"": ""746f06acf4d573bebd8c8a500b398589""}}]}",2026-09-29 21:08:04.347969,2026-09-30 13:41:29.031153,FileSet,4
25a9d165-ea5e-42ba-80f2-89af39f0e1a9,"{""part"": [], ""side"": [], ""title"": [""00000177.tif""], ""barcode"": [], ""edit_users"": [], ""highlights"": [], ""member_ids"": [], ""read_users"": [], ""edit_groups"": [], ""read_groups"": [""public""], ""file_metadata"": [{""id"": {""id"": ""7fad0f7e-2ae5-4ad5-ab7c-eff557384b2e""}, ""use"": [{""@id"": ""http://pcdm.org/use#OriginalFile""}], ""size"": [""54805600""], ""label"": [""00000177.tif""], ""width"": [""3468""], ""bounds"": [], ""height"": [""5262""], ""checksum"": [{""id"": null, ""md5"": ""a583812663b604b6b2de77c381a868de"", ""sha1"": ""221df4adc7f665810ed2711df9bec056f7040666"", ""sha256"": ""e97e8b08a5049517925f010ba2627526c0df6d30c35ee870b583ca2ab3762421"", ""created_at"": null, ""new_record"": true, ""updated_at"": null, ""internal_resource"": ""MultiChecksum""}], ""duration"": [], ""geometry"": [], ""producer"": [], ""software"": [], ""mime_type"": [""image/tiff""], ""change_set"": null, ""created_at"": ""2026-09-29T21:07:40+00:00"", ""edit_users"": [], ""new_record"": true, ""page_count"": null, ""read_users"": [], ""updated_at"": ""2026-09-29T21:07:40+00:00"", ""edit_groups"": [], ""read_groups"": [], ""camera_model"": [], ""x_resolution"": [], ""y_resolution"": [], ""error_message"": [], ""bits_per_sample"": [], ""processing_note"": [], ""caption_language"": [], ""file_identifiers"": [{""id"": ""disk:///opt/repository/files/7f/ad/0f/7fad0f7e2ae54ad5ab7ceff557384b2e/00000177.tif""}], ""internal_resource"": ""FileMetadata"", ""original_filename"": [""00000177.tif""], ""source_media_type"": [], ""date_of_digitization"": [], ""preservation_copy_of_id"": null, ""original_language_caption"": null}, {""id"": {""id"": ""cd87fc33-0ad0-4a03-8a76-c28868d18202""}, ""use"": [{""@id"": ""http://pcdm.org/use#ServiceFile""}], ""size"": [], ""label"": [""intermediate_file.tif""], ""width"": [], ""bounds"": [], ""height"": [], ""checksum"": [], ""duration"": [], ""geometry"": [], ""producer"": [], ""software"": [], ""mime_type"": [""image/tiff""], ""change_set"": null, ""created_at"": ""2026-09-29T21:08:34+00:00"", ""edit_users"": [], ""new_record"": true, ""page_count"": null, ""read_users"": [], ""updated_at"": ""2026-09-29T21:08:34+00:00"", ""edit_groups"": [], ""read_groups"": [], ""camera_model"": [], ""x_resolution"": [], ""y_resolution"": [], ""error_message"": [], ""bits_per_sample"": [], ""processing_note"": [], ""caption_language"": [], ""file_identifiers"": [{""id"": ""pyramidal-derivatives-shrine://cd/87/fc/cd87fc330ad04a038a76c28868d18202/intermediate_file.tif""}], ""internal_resource"": ""FileMetadata"", ""original_filename"": [""intermediate_file.tif""], ""source_media_type"": [], ""date_of_digitization"": [], ""preservation_copy_of_id"": null, ""original_language_caption"": null}], ""service_targets"": [], ""cached_parent_id"": [{""id"": ""b7f6f438-4363-4003-8b74-779b5e31f210""}], ""processing_status"": [""processed""], ""optimistic_lock_token"": [{""token"": ""3"", ""adapter_id"": {""id"": ""746f06acf4d573bebd8c8a500b398589""}}]}",2026-09-29 21:08:04.352055,2026-09-30 13:41:29.056433,FileSet,4
f5152774-c007-407d-ab78-03c2a9bba036,"{""part"": [], ""side"": [], ""title"": [""00000178.tif""], ""barcode"": [], ""edit_users"": [], ""highlights"": [], ""member_ids"": [], ""read_users"": [], ""edit_groups"": [], ""read_groups"": [""public""], ""file_metadata"": [{""id"": {""id"": ""4d215586-23c2-48b6-87da-0a7f7d152814""}, ""use"": [{""@id"": ""http://pcdm.org/use#OriginalFile""}], ""size"": [""59796536""], ""label"": [""00000178.tif""], ""width"": [""3680""], ""bounds"": [], ""height"": [""5411""], ""checksum"": [{""id"": null, ""md5"": ""5277cf59d5d1d31d953aefa70c556fd2"", ""sha1"": ""fa940a9e204211d146b101bf69a3bdc35c82501a"", ""sha256"": ""5764b2c20833a301895c8947267cb23da3d3ed2eb0ea49d0d78a00d2b62ac124"", ""created_at"": null, ""new_record"": true, ""updated_at"": null, ""internal_resource"": ""MultiChecksum""}], ""duration"": [], ""geometry"": [], ""producer"": [], ""software"": [], ""mime_type"": [""image/tiff""], ""change_set"": null, ""created_at"": ""2026-09-29T21:07:45+00:00"", ""edit_users"": [], ""new_record"": true, ""page_count"": null, ""read_users"": [], ""updated_at"": ""2026-09-29T21:07:45+00:00"", ""edit_groups"": [], ""read_groups"": [], ""camera_model"": [], ""x_resolution"": [], ""y_resolution"": [], ""error_message"": [], ""bits_per_sample"": [], ""processing_note"": [], ""caption_language"": [], ""file_identifiers"": [{""id"": ""disk:///opt/repository/files/4d/21/55/4d21558623c248b687da0a7f7d152814/00000178.tif""}], ""internal_resource"": ""FileMetadata"", ""original_filename"": [""00000178.tif""], ""source_media_type"": [], ""date_of_digitization"": [], ""preservation_copy_of_id"": null, ""original_language_caption"": null}, {""id"": {""id"": ""98c80398-8110-4399-93e4-9103035e426b""}, ""use"": [{""@id"": ""http://pcdm.org/use#ServiceFile""}], ""size"": [], ""label"": [""intermediate_file.tif""], ""width"": [], ""bounds"": [], ""height"": [], ""checksum"": [], ""duration"": [], ""geometry"": [], ""producer"": [], ""software"": [], ""mime_type"": [""image/tiff""], ""change_set"": null, ""created_at"": ""2026-09-29T21:08:38+00:00"", ""edit_users"": [], ""new_record"": true, ""page_count"": null, ""read_users"": [], ""updated_at"": ""2026-09-29T21:08:38+00:00"", ""edit_groups"": [], ""read_groups"": [], ""camera_model"": [], ""x_resolution"": [], ""y_resolution"": [], ""error_message"": [], ""bits_per_sample"": [], ""processing_note"": [], ""caption_language"": [], ""file_identifiers"": [{""id"": ""pyramidal-derivatives-shrine://98/c8/03/98c803988110439993e49103035e426b/intermediate_file.tif""}], ""internal_resource"": ""FileMetadata"", ""original_filename"": [""intermediate_file.tif""], ""source_media_type"": [], ""date_of_digitization"": [], ""preservation_copy_of_id"": null, ""original_language_caption"": null}], ""service_targets"": [], ""cached_parent_id"": [{""id"": ""b7f6f438-4363-4003-8b74-779b5e31f210""}], ""processing_status"": [""processed""], ""optimistic_lock_token"": [{""token"": ""3"", ""adapter_id"": {""id"": ""746f06acf4d573bebd8c8a500b398589""}}]}",2026-09-29 21:08:04.35834,2026-09-30 13:41:29.080806,FileSet,4
91cc83c1-590b-4a9b-b233-1d331fd5a418,"{""part"": [], ""side"": [], ""title"": [""00000179.tif""], ""barcode"": [], ""edit_users"": [], ""highlights"": [], ""member_ids"": [], ""read_users"": [], ""edit_groups"": [], ""read_groups"": [""public""], ""file_metadata"": [{""id"": {""id"": ""ac0d9c76-5408-4cc9-b245-62273593c974""}, ""use"": [{""@id"": ""http://pcdm.org/use#OriginalFile""}], ""size"": [""54805600""], ""label"": [""00000179.tif""], ""width"": [""3468""], ""bounds"": [], ""height"": [""5262""], ""checksum"": [{""id"": null, ""md5"": ""ae077499dc71608225d9953caa3697fe"", ""sha1"": ""b27248e309e025c9218ecf30fc2f91bef9f846cc"", ""sha256"": ""cf3f07916c12eb1848064a4360d24d21c2d5674ff49d223ae637cf81e37fdc0e"", ""created_at"": null, ""new_record"": true, ""updated_at"": null, ""internal_resource"": ""MultiChecksum""}], ""duration"": [], ""geometry"": [], ""producer"": [], ""software"": [], ""mime_type"": [""image/tiff""], ""change_set"": null, ""created_at"": ""2026-09-29T21:07:49+00:00"", ""edit_users"": [], ""new_record"": true, ""page_count"": null, ""read_users"": [], ""updated_at"": ""2026-09-29T21:07:49+00:00"", ""edit_groups"": [], ""read_groups"": [], ""camera_model"": [], ""x_resolution"": [], ""y_resolution"": [], ""error_message"": [], ""bits_per_sample"": [], ""processing_note"": [], ""caption_language"": [], ""file_identifiers"": [{""id"": ""disk:///opt/repository/files/ac/0d/9c/ac0d9c7654084cc9b24562273593c974/00000179.tif""}], ""internal_resource"": ""FileMetadata"", ""original_filename"": [""00000179.tif""], ""source_media_type"": [], ""date_of_digitization"": [], ""preservation_copy_of_id"": null, ""original_language_caption"": null}, {""id"": {""id"": ""bef3e6b5-1e1e-4abf-9baf-8f511d422021""}, ""use"": [{""@id"": ""http://pcdm.org/use#ServiceFile""}], ""size"": [], ""label"": [""intermediate_file.tif""], ""width"": [], ""bounds"": [], ""height"": [], ""checksum"": [], ""duration"": [], ""geometry"": [], ""producer"": [], ""software"": [], ""mime_type"": [""image/tiff""], ""change_set"": null, ""created_at"": ""2026-09-29T21:08:34+00:00"", ""edit_users"": [], ""new_record"": true, ""page_count"": null, ""read_users"": [], ""updated_at"": ""2026-09-29T21:08:34+00:00"", ""edit_groups"": [], ""read_groups"": [], ""camera_model"": [], ""x_resolution"": [], ""y_resolution"": [], ""error_message"": [], ""bits_per_sample"": [], ""processing_note"": [], ""caption_language"": [], ""file_identifiers"": [{""id"": ""pyramidal-derivatives-shrine://be/f3/e6/bef3e6b51e1e4abf9baf8f511d422021/intermediate_file.tif""}], ""internal_resource"": ""FileMetadata"", ""original_filename"": [""intermediate_file.tif""], ""source_media_type"": [], ""date_of_digitization"": [], ""preservation_copy_of_id"": null, ""original_language_caption"": null}], ""service_targets"": [], ""cached_parent_id"": [{""id"": ""b7f6f438-4363-4003-8b74-779b5e31f210""}], ""processing_status"": [""processed""], ""optimistic_lock_token"": [{""token"": ""3"", ""adapter_id"": {""id"": ""746f06acf4d573bebd8c8a500b398589""}}]}",2026-09-29 21:08:04.362107,2026-09-30 13:41:29.09903,FileSet,4
5ffbb23f-0898-4354-a3d3-377626769797,"{""part"": [], ""side"": [], ""title"": [""00000180.tif""], ""barcode"": [], ""edit_users"": [], ""highlights"": [], ""member_ids"": [], ""read_users"": [], ""edit_groups"": [], ""read_groups"": [""public""], ""file_metadata"": [{""id"": {""id"": ""7b44bc42-fc7e-497a-8b25-6f8dda447ac4""}, ""use"": [{""@id"": ""http://pcdm.org/use#OriginalFile""}], ""size"": [""59796536""], ""label"": [""00000180.tif""], ""width"": [""3680""], ""bounds"": [], ""height"": [""5411""], ""checksum"": [{""id"": null, ""md5"": ""a9eb360417b78fbfdd562068218324a1"", ""sha1"": ""05265f8879c1753b38c973843a87d9f18a401370"", ""sha256"": ""c1d95156a9f9f4f4e49c43663f1e3a37afc259bb2d9274650cdab74709d4a33d"", ""created_at"": null, ""new_record"": true, ""updated_at"": null, ""internal_resource"": ""MultiChecksum""}], ""duration"": [], ""geometry"": [], ""producer"": [], ""software"": [], ""mime_type"": [""image/tiff""], ""change_set"": null, ""created_at"": ""2026-09-29T21:07:55+00:00"", ""edit_users"": [], ""new_record"": true, ""page_count"": null, ""read_users"": [], ""updated_at"": ""2026-09-29T21:07:55+00:00"", ""edit_groups"": [], ""read_groups"": [], ""camera_model"": [], ""x_resolution"": [], ""y_resolution"": [], ""error_message"": [], ""bits_per_sample"": [], ""processing_note"": [], ""caption_language"": [], ""file_identifiers"": [{""id"": ""disk:///opt/repository/files/7b/44/bc/7b44bc42fc7e497a8b256f8dda447ac4/00000180.tif""}], ""internal_resource"": ""FileMetadata"", ""original_filename"": [""00000180.tif""], ""source_media_type"": [], ""date_of_digitization"": [], ""preservation_copy_of_id"": null, ""original_language_caption"": null}, {""id"": {""id"": ""b89428d1-76db-46b6-8aed-887a2abb4dc6""}, ""use"": [{""@id"": ""http://pcdm.org/use#ServiceFile""}], ""size"": [], ""label"": [""intermediate_file.tif""], ""width"": [], ""bounds"": [], ""height"": [], ""checksum"": [], ""duration"": [], ""geometry"": [], ""producer"": [], ""software"": [], ""mime_type"": [""image/tiff""], ""change_set"": null, ""created_at"": ""2026-09-29T21:08:38+00:00"", ""edit_users"": [], ""new_record"": true, ""page_count"": null, ""read_users"": [], ""updated_at"": ""2026-09-29T21:08:38+00:00"", ""edit_groups"": [], ""read_groups"": [], ""camera_model"": [], ""x_resolution"": [], ""y_resolution"": [], ""error_message"": [], ""bits_per_sample"": [], ""processing_note"": [], ""caption_language"": [], ""file_identifiers"": [{""id"": ""pyramidal-derivatives-shrine://b8/94/28/b89428d176db46b68aed887a2abb4dc6/intermediate_file.tif""}], ""internal_resource"": ""FileMetadata"", ""original_filename"": [""intermediate_file.tif""], ""source_media_type"": [], ""date_of_digitization"": [], ""preservation_copy_of_id"": null, ""original_language_caption"": null}], ""service_targets"": [], ""cached_parent_id"": [{""id"": ""b7f6f438-4363-4003-8b74-779b5e31f210""}], ""processing_status"": [""processed""], ""optimistic_lock_token"": [{""token"": ""3"", ""adapter_id"": {""id"": ""746f06acf4d573bebd8c8a500b398589""}}]}",2026-09-29 21:08:04.367441,2026-09-30 13:41:29.124262,FileSet,4
9a8ae06e-1c0d-4820-9e76-eb25f85b867c,"{""part"": [], ""side"": [], ""title"": [""00000181.tif""], ""barcode"": [], ""edit_users"": [], ""highlights"": [], ""member_ids"": [], ""read_users"": [], ""edit_groups"": [], ""read_groups"": [""public""], ""file_metadata"": [{""id"": {""id"": ""83ea8d4c-899a-40f6-8cc3-f0e4c1ccd997""}, ""use"": [{""@id"": ""http://pcdm.org/use#OriginalFile""}], ""size"": [""54805600""], ""label"": [""00000181.tif""], ""width"": [""3468""], ""bounds"": [], ""height"": [""5262""], ""checksum"": [{""id"": null, ""md5"": ""631b5619a074f4c5017dc4b7dacdabba"", ""sha1"": ""70a50c13c067d2a06c09c0682472a8b48e5863b0"", ""sha256"": ""1f1c663e1dbd6baafac33526522e074e32b7f5c14d6760316f77351efa9cbf55"", ""created_at"": null, ""new_record"": true, ""updated_at"": null, ""internal_resource"": ""MultiChecksum""}], ""duration"": [], ""geometry"": [], ""producer"": [], ""software"": [], ""mime_type"": [""image/tiff""], ""change_set"": null, ""created_at"": ""2026-09-29T21:08:05+00:00"", ""edit_users"": [], ""new_record"": true, ""page_count"": null, ""read_users"": [], ""updated_at"": ""2026-09-29T21:08:05+00:00"", ""edit_groups"": [], ""read_groups"": [], ""camera_model"": [], ""x_resolution"": [], ""y_resolution"": [], ""error_message"": [], ""bits_per_sample"": [], ""processing_note"": [], ""caption_language"": [], ""file_identifiers"": [{""id"": ""disk:///opt/repository/files/83/ea/8d/83ea8d4c899a40f68cc3f0e4c1ccd997/00000181.tif""}], ""internal_resource"": ""FileMetadata"", ""original_filename"": [""00000181.tif""], ""source_media_type"": [], ""date_of_digitization"": [], ""preservation_copy_of_id"": null, ""original_language_caption"": null}, {""id"": {""id"": ""7d7920b1-7104-496b-9363-b91cde3cd427""}, ""use"": [{""@id"": ""http://pcdm.org/use#ServiceFile""}], ""size"": [], ""label"": [""intermediate_file.tif""], ""width"": [], ""bounds"": [], ""height"": [], ""checksum"": [], ""duration"": [], ""geometry"": [], ""producer"": [], ""software"": [], ""mime_type"": [""image/tiff""], ""change_set"": null, ""created_at"": ""2026-09-29T21:09:38+00:00"", ""edit_users"": [], ""new_record"": true, ""page_count"": null, ""read_users"": [], ""updated_at"": ""2026-09-29T21:09:38+00:00"", ""edit_groups"": [], ""read_groups"": [], ""camera_model"": [], ""x_resolution"": [], ""y_resolution"": [], ""error_message"": [], ""bits_per_sample"": [], ""processing_note"": [], ""caption_language"": [], ""file_identifiers"": [{""id"": ""pyramidal-derivatives-shrine://7d/79/20/7d7920b17104496b9363b91cde3cd427/intermediate_file.tif""}], ""internal_resource"": ""FileMetadata"", ""original_filename"": [""intermediate_file.tif""], ""source_media_type"": [], ""date_of_digitization"": [], ""preservation_copy_of_id"": null, ""original_language_caption"": null}], ""service_targets"": [], ""cached_parent_id"": [{""id"": ""b7f6f438-4363-4003-8b74-779b5e31f210""}], ""processing_status"": [""processed""], ""optimistic_lock_token"": [{""token"": ""3"", ""adapter_id"": {""id"": ""746f06acf4d573bebd8c8a500b398589""}}]}",2026-09-29 21:08:58.639813,2026-09-30 13:41:29.142691,FileSet,4
f450ce89-d845-4bdb-ba71-623c26733247,"{""part"": [], ""side"": [], ""title"": [""00000182.tif""], ""barcode"": [], ""edit_users"": [], ""highlights"": [], ""member_ids"": [], ""read_users"": [], ""edit_groups"": [], ""read_groups"": [""public""], ""file_metadata"": [{""id"": {""id"": ""118cc63a-608c-4914-9abc-ada9cdd9b6bd""}, ""use"": [{""@id"": ""http://pcdm.org/use#OriginalFile""}], ""size"": [""59796536""], ""label"": [""00000182.tif""], ""width"": [""3680""], ""bounds"": [], ""height"": [""5411""], ""checksum"": [{""id"": null, ""md5"": ""b0f75ec15baad673ba9a08236cb48cea"", ""sha1"": ""6877a03a3ea953b0ac9d9a8b4e0b57060e9b11a0"", ""sha256"": ""c67eb70efa71e05e940da9d3dbf8ab0aa627b8e2c170c6daac0769bf656a7a72"", ""created_at"": null, ""new_record"": true, ""updated_at"": null, ""internal_resource"": ""MultiChecksum""}], ""duration"": [], ""geometry"": [], ""producer"": [], ""software"": [], ""mime_type"": [""image/tiff""], ""change_set"": null, ""created_at"": ""2026-09-29T21:08:07+00:00"", ""edit_users"": [], ""new_record"": true, ""page_count"": null, ""read_users"": [], ""updated_at"": ""2026-09-29T21:08:07+00:00"", ""edit_groups"": [], ""read_groups"": [], ""camera_model"": [], ""x_resolution"": [], ""y_resolution"": [], ""error_message"": [], ""bits_per_sample"": [], ""processing_note"": [], ""caption_language"": [], ""file_identifiers"": [{""id"": ""disk:///opt/repository/files/11/8c/c6/118cc63a608c49149abcada9cdd9b6bd/00000182.tif""}], ""internal_resource"": ""FileMetadata"", ""original_filename"": [""00000182.tif""], ""source_media_type"": [], ""date_of_digitization"": [], ""preservation_copy_of_id"": null, ""original_language_caption"": null}, {""id"": {""id"": ""ff0d0b4d-0682-4686-bfc9-a006450845ca""}, ""use"": [{""@id"": ""http://pcdm.org/use#ServiceFile""}], ""size"": [], ""label"": [""intermediate_file.tif""], ""width"": [], ""bounds"": [], ""height"": [], ""checksum"": [], ""duration"": [], ""geometry"": [], ""producer"": [], ""software"": [], ""mime_type"": [""image/tiff""], ""change_set"": null, ""created_at"": ""2026-09-29T21:10:25+00:00"", ""edit_users"": [], ""new_record"": true, ""page_count"": null, ""read_users"": [], ""updated_at"": ""2026-09-29T21:10:25+00:00"", ""edit_groups"": [], ""read_groups"": [], ""camera_model"": [], ""x_resolution"": [], ""y_resolution"": [], ""error_message"": [], ""bits_per_sample"": [], ""processing_note"": [], ""caption_language"": [], ""file_identifiers"": [{""id"": ""pyramidal-derivatives-shrine://ff/0d/0b/ff0d0b4d06824686bfc9a006450845ca/intermediate_file.tif""}], ""internal_resource"": ""FileMetadata"", ""original_filename"": [""intermediate_file.tif""], ""source_media_type"": [], ""date_of_digitization"": [], ""preservation_copy_of_id"": null, ""original_language_caption"": null}], ""service_targets"": [], ""cached_parent_id"": [{""id"": ""b7f6f438-4363-4003-8b74-779b5e31f210""}], ""processing_status"": [""processed""], ""optimistic_lock_token"": [{""token"": ""3"", ""adapter_id"": {""id"": ""746f06acf4d573bebd8c8a500b398589""}}]}",2026-09-29 21:08:58.646285,2026-09-30 13:41:29.160031,FileSet,4
4b1ab721-b937-4d8c-8c41-36f2590babd4,"{""part"": [], ""side"": [], ""title"": [""00000183.tif""], ""barcode"": [], ""edit_users"": [], ""highlights"": [], ""member_ids"": [], ""read_users"": [], ""edit_groups"": [], ""read_groups"": [""public""], ""file_metadata"": [{""id"": {""id"": ""644c5069-330a-4f57-b640-6b3ecce0faed""}, ""use"": [{""@id"": ""http://pcdm.org/use#OriginalFile""}], ""size"": [""54805600""], ""label"": [""00000183.tif""], ""width"": [""3468""], ""bounds"": [], ""height"": [""5262""], ""checksum"": [{""id"": null, ""md5"": ""d04006a8c7ba597e7f1db80490a4fd17"", ""sha1"": ""c94c7182e251a780ed3809ce6050a025a992a8f8"", ""sha256"": ""edb44d1b3d6e89c20b8490b6989d82251a92f7b77beac366878fef04b46adcf7"", ""created_at"": null, ""new_record"": true, ""updated_at"": null, ""internal_resource"": ""MultiChecksum""}], ""duration"": [], ""geometry"": [], ""producer"": [], ""software"": [], ""mime_type"": [""image/tiff""], ""change_set"": null, ""created_at"": ""2026-09-29T21:08:15+00:00"", ""edit_users"": [], ""new_record"": true, ""page_count"": null, ""read_users"": [], ""updated_at"": ""2026-09-29T21:08:15+00:00"", ""edit_groups"": [], ""read_groups"": [], ""camera_model"": [], ""x_resolution"": [], ""y_resolution"": [], ""error_message"": [], ""bits_per_sample"": [], ""processing_note"": [], ""caption_language"": [], ""file_identifiers"": [{""id"": ""disk:///opt/repository/files/64/4c/50/644c5069330a4f57b6406b3ecce0faed/00000183.tif""}], ""internal_resource"": ""FileMetadata"", ""original_filename"": [""00000183.tif""], ""source_media_type"": [], ""date_of_digitization"": [], ""preservation_copy_of_id"": null, ""original_language_caption"": null}, {""id"": {""id"": ""53bd6010-5557-4826-b20c-2c36b95aded5""}, ""use"": [{""@id"": ""http://pcdm.org/use#ServiceFile""}], ""size"": [], ""label"": [""intermediate_file.tif""], ""width"": [], ""bounds"": [], ""height"": [], ""checksum"": [], ""duration"": [], ""geometry"": [], ""producer"": [], ""software"": [], ""mime_type"": [""image/tiff""], ""change_set"": null, ""created_at"": ""2026-09-29T21:11:33+00:00"", ""edit_users"": [], ""new_record"": true, ""page_count"": null, ""read_users"": [], ""updated_at"": ""2026-09-29T21:11:33+00:00"", ""edit_groups"": [], ""read_groups"": [], ""camera_model"": [], ""x_resolution"": [], ""y_resolution"": [], ""error_message"": [], ""bits_per_sample"": [], ""processing_note"": [], ""caption_language"": [], ""file_identifiers"": [{""id"": ""pyramidal-derivatives-shrine://53/bd/60/53bd601055574826b20c2c36b95aded5/intermediate_file.tif""}], ""internal_resource"": ""FileMetadata"", ""original_filename"": [""intermediate_file.tif""], ""source_media_type"": [], ""date_of_digitization"": [], ""preservation_copy_of_id"": null, ""original_language_caption"": null}], ""service_targets"": [], ""cached_parent_id"": [{""id"": ""b7f6f438-4363-4003-8b74-779b5e31f210""}], ""processing_status"": [""processed""], ""optimistic_lock_token"": [{""token"": ""3"", ""adapter_id"": {""id"": ""746f06acf4d573bebd8c8a500b398589""}}]}",2026-09-29 21:08:58.651463,2026-09-30 13:41:29.177738,FileSet,4
489ef1f0-c3cf-4353-ae31-f64731a48676,"{""part"": [], ""side"": [], ""title"": [""00000184.tif""], ""barcode"": [], ""edit_users"": [], ""highlights"": [], ""member_ids"": [], ""read_users"": [], ""edit_groups"": [], ""read_groups"": [""public""], ""file_metadata"": [{""id"": {""id"": ""7a94929e-ad5c-4af8-9c0b-09f389916624""}, ""use"": [{""@id"": ""http://pcdm.org/use#OriginalFile""}], ""size"": [""59796536""], ""label"": [""00000184.tif""], ""width"": [""3680""], ""bounds"": [], ""height"": [""5411""], ""checksum"": [{""id"": null, ""md5"": ""960a5f686f0e633b3fa7ffba349736ff"", ""sha1"": ""9d9edcdc1618f90f804ca31647e512ffdf46ac1b"", ""sha256"": ""92a3b17af019d6a0d2ab2cfc515542063306365e8567c64fc7a0522c1e3dfd7c"", ""created_at"": null, ""new_record"": true, ""updated_at"": null, ""internal_resource"": ""MultiChecksum""}], ""duration"": [], ""geometry"": [], ""producer"": [], ""software"": [], ""mime_type"": [""image/tiff""], ""change_set"": null, ""created_at"": ""2026-09-29T21:08:22+00:00"", ""edit_users"": [], ""new_record"": true, ""page_count"": null, ""read_users"": [], ""updated_at"": ""2026-09-29T21:08:22+00:00"", ""edit_groups"": [], ""read_groups"": [], ""camera_model"": [], ""x_resolution"": [], ""y_resolution"": [], ""error_message"": [], ""bits_per_sample"": [], ""processing_note"": [], ""caption_language"": [], ""file_identifiers"": [{""id"": ""disk:///opt/repository/files/7a/94/92/7a94929ead5c4af89c0b09f389916624/00000184.tif""}], ""internal_resource"": ""FileMetadata"", ""original_filename"": [""00000184.tif""], ""source_media_type"": [], ""date_of_digitization"": [], ""preservation_copy_of_id"": null, ""original_language_caption"": null}, {""id"": {""id"": ""906cebe2-4ad3-4f5c-9d6d-dba1105abd2d""}, ""use"": [{""@id"": ""http://pcdm.org/use#ServiceFile""}], ""size"": [], ""label"": [""intermediate_file.tif""], ""width"": [], ""bounds"": [], ""height"": [], ""checksum"": [], ""duration"": [], ""geometry"": [], ""producer"": [], ""software"": [], ""mime_type"": [""image/tiff""], ""change_set"": null, ""created_at"": ""2026-09-29T21:09:41+00:00"", ""edit_users"": [], ""new_record"": true, ""page_count"": null, ""read_users"": [], ""updated_at"": ""2026-09-29T21:09:41+00:00"", ""edit_groups"": [], ""read_groups"": [], ""camera_model"": [], ""x_resolution"": [], ""y_resolution"": [], ""error_message"": [], ""bits_per_sample"": [], ""processing_note"": [], ""caption_language"": [], ""file_identifiers"": [{""id"": ""pyramidal-derivatives-shrine://90/6c/eb/906cebe24ad34f5c9d6ddba1105abd2d/intermediate_file.tif""}], ""internal_resource"": ""FileMetadata"", ""original_filename"": [""intermediate_file.tif""], ""source_media_type"": [], ""date_of_digitization"": [], ""preservation_copy_of_id"": null, ""original_language_caption"": null}], ""service_targets"": [], ""cached_parent_id"": [{""id"": ""b7f6f438-4363-4003-8b74-779b5e31f210""}], ""processing_status"": [""processed""], ""optimistic_lock_token"": [{""token"": ""3"", ""adapter_id"": {""id"": ""746f06acf4d573bebd8c8a500b398589""}}]}",2026-09-29 21:08:58.65635,2026-09-30 13:41:29.194262,FileSet,4
57ae640b-1160-4d5f-9eac-7b3d9e191cfd,"{""part"": [], ""side"": [], ""title"": [""00000185.tif""], ""barcode"": [], ""edit_users"": [], ""highlights"": [], ""member_ids"": [], ""read_users"": [], ""edit_groups"": [], ""read_groups"": [""public""], ""file_metadata"": [{""id"": {""id"": ""3daa297a-37ad-4968-a9a1-0b8558718e94""}, ""use"": [{""@id"": ""http://pcdm.org/use#OriginalFile""}], ""size"": [""54805600""], ""label"": [""00000185.tif""], ""width"": [""3468""], ""bounds"": [], ""height"": [""5262""], ""checksum"": [{""id"": null, ""md5"": ""04f7a9143c3e3a04837765fd3b6a7ea1"", ""sha1"": ""85984f1fec8fd3d20c93c5503de9c4672c49a8d5"", ""sha256"": ""185a78dbcafb8070cd616e740bf2082b2f0992e49338412b9747f6b3c999bf65"", ""created_at"": null, ""new_record"": true, ""updated_at"": null, ""internal_resource"": ""MultiChecksum""}], ""duration"": [], ""geometry"": [], ""producer"": [], ""software"": [], ""mime_type"": [""image/tiff""], ""change_set"": null, ""created_at"": ""2026-09-29T21:08:25+00:00"", ""edit_users"": [], ""new_record"": true, ""page_count"": null, ""read_users"": [], ""updated_at"": ""2026-09-29T21:08:25+00:00"", ""edit_groups"": [], ""read_groups"": [], ""camera_model"": [], ""x_resolution"": [], ""y_resolution"": [], ""error_message"": [], ""bits_per_sample"": [], ""processing_note"": [], ""caption_language"": [], ""file_identifiers"": [{""id"": ""disk:///opt/repository/files/3d/aa/29/3daa297a37ad4968a9a10b8558718e94/00000185.tif""}], ""internal_resource"": ""FileMetadata"", ""original_filename"": [""00000185.tif""], ""source_media_type"": [], ""date_of_digitization"": [], ""preservation_copy_of_id"": null, ""original_language_caption"": null}, {""id"": {""id"": ""a23806da-7060-4b4a-9239-76d87a416c14""}, ""use"": [{""@id"": ""http://pcdm.org/use#ServiceFile""}], ""size"": [], ""label"": [""intermediate_file.tif""], ""width"": [], ""bounds"": [], ""height"": [], ""checksum"": [], ""duration"": [], ""geometry"": [], ""producer"": [], ""software"": [], ""mime_type"": [""image/tiff""], ""change_set"": null, ""created_at"": ""2026-09-29T21:11:31+00:00"", ""edit_users"": [], ""new_record"": true, ""page_count"": null, ""read_users"": [], ""updated_at"": ""2026-09-29T21:11:31+00:00"", ""edit_groups"": [], ""read_groups"": [], ""camera_model"": [], ""x_resolution"": [], ""y_resolution"": [], ""error_message"": [], ""bits_per_sample"": [], ""processing_note"": [], ""caption_language"": [], ""file_identifiers"": [{""id"": ""pyramidal-derivatives-shrine://a2/38/06/a23806da70604b4a923976d87a416c14/intermediate_file.tif""}], ""internal_resource"": ""FileMetadata"", ""original_filename"": [""intermediate_file.tif""], ""source_media_type"": [], ""date_of_digitization"": [], ""preservation_copy_of_id"": null, ""original_language_caption"": null}], ""service_targets"": [], ""cached_parent_id"": [{""id"": ""b7f6f438-4363-4003-8b74-779b5e31f210""}], ""processing_status"": [""processed""], ""optimistic_lock_token"": [{""token"": ""3"", ""adapter_id"": {""id"": ""746f06acf4d573bebd8c8a500b398589""}}]}",2026-09-29 21:08:58.661409,2026-09-30 13:41:29.2121,FileSet,4
37df831c-0f7c-4485-8fc4-478dca7239bc,"{""part"": [], ""side"": [], ""title"": [""00000186.tif""], ""barcode"": [], ""edit_users"": [], ""highlights"": [], ""member_ids"": [], ""read_users"": [], ""edit_groups"": [], ""read_groups"": [""public""], ""file_metadata"": [{""id"": {""id"": ""3a63731a-e339-4cfd-81fc-3e8ff757a90b""}, ""use"": [{""@id"": ""http://pcdm.org/use#OriginalFile""}], ""size"": [""59796536""], ""label"": [""00000186.tif""], ""width"": [""3680""], ""bounds"": [], ""height"": [""5411""], ""checksum"": [{""id"": null, ""md5"": ""281f6ec882da835a2f2d503372f79eb9"", ""sha1"": ""b1d5d14d670c753e8a13565af43b45f277b5c86d"", ""sha256"": ""788c23c405860f0f9d3ca9308284033cbd678fc300b5c67e76f8b9969ffbe043"", ""created_at"": null, ""new_record"": true, ""updated_at"": null, ""internal_resource"": ""MultiChecksum""}], ""duration"": [], ""geometry"": [], ""producer"": [], ""software"": [], ""mime_type"": [""image/tiff""], ""change_set"": null, ""created_at"": ""2026-09-29T21:08:33+00:00"", ""edit_users"": [], ""new_record"": true, ""page_count"": null, ""read_users"": [], ""updated_at"": ""2026-09-29T21:08:33+00:00"", ""edit_groups"": [], ""read_groups"": [], ""camera_model"": [], ""x_resolution"": [], ""y_resolution"": [], ""error_message"": [], ""bits_per_sample"": [], ""processing_note"": [], ""caption_language"": [], ""file_identifiers"": [{""id"": ""disk:///opt/repository/files/3a/63/73/3a63731ae3394cfd81fc3e8ff757a90b/00000186.tif""}], ""internal_resource"": ""FileMetadata"", ""original_filename"": [""00000186.tif""], ""source_media_type"": [], ""date_of_digitization"": [], ""preservation_copy_of_id"": null, ""original_language_caption"": null}, {""id"": {""id"": ""8c51977d-184d-4277-896a-dd9f326b894e""}, ""use"": [{""@id"": ""http://pcdm.org/use#ServiceFile""}], ""size"": [], ""label"": [""intermediate_file.tif""], ""width"": [], ""bounds"": [], ""height"": [], ""checksum"": [], ""duration"": [], ""geometry"": [], ""producer"": [], ""software"": [], ""mime_type"": [""image/tiff""], ""change_set"": null, ""created_at"": ""2026-09-29T21:09:39+00:00"", ""edit_users"": [], ""new_record"": true, ""page_count"": null, ""read_users"": [], ""updated_at"": ""2026-09-29T21:09:39+00:00"", ""edit_groups"": [], ""read_groups"": [], ""camera_model"": [], ""x_resolution"": [], ""y_resolution"": [], ""error_message"": [], ""bits_per_sample"": [], ""processing_note"": [], ""caption_language"": [], ""file_identifiers"": [{""id"": ""pyramidal-derivatives-shrine://8c/51/97/8c51977d184d4277896add9f326b894e/intermediate_file.tif""}], ""internal_resource"": ""FileMetadata"", ""original_filename"": [""intermediate_file.tif""], ""source_media_type"": [], ""date_of_digitization"": [], ""preservation_copy_of_id"": null, ""original_language_caption"": null}], ""service_targets"": [], ""cached_parent_id"": [{""id"": ""b7f6f438-4363-4003-8b74-779b5e31f210""}], ""processing_status"": [""processed""], ""optimistic_lock_token"": [{""token"": ""3"", ""adapter_id"": {""id"": ""746f06acf4d573bebd8c8a500b398589""}}]}",2026-09-29 21:08:58.665816,2026-09-30 13:41:29.234131,FileSet,4
45b8996b-67e6-4dc9-8186-7a83dade6251,"{""part"": [], ""side"": [], ""title"": [""00000187.tif""], ""barcode"": [], ""edit_users"": [], ""highlights"": [], ""member_ids"": [], ""read_users"": [], ""edit_groups"": [], ""read_groups"": [""public""], ""file_metadata"": [{""id"": {""id"": ""cc5613fe-d1c7-4897-8dd0-34466a3c1c66""}, ""use"": [{""@id"": ""http://pcdm.org/use#OriginalFile""}], ""size"": [""54805600""], ""label"": [""00000187.tif""], ""width"": [""3468""], ""bounds"": [], ""height"": [""5262""], ""checksum"": [{""id"": null, ""md5"": ""87f1f454a1fd87af143f7f32848c5435"", ""sha1"": ""655b46ecc8e4603c61eef6dda20a0cb91975e9d5"", ""sha256"": ""523441c88177f4038dcca62cae4b320a29bc59042f8ccf41add8547472ffffdb"", ""created_at"": null, ""new_record"": true, ""updated_at"": null, ""internal_resource"": ""MultiChecksum""}], ""duration"": [], ""geometry"": [], ""producer"": [], ""software"": [], ""mime_type"": [""image/tiff""], ""change_set"": null, ""created_at"": ""2026-09-29T21:08:37+00:00"", ""edit_users"": [], ""new_record"": true, ""page_count"": null, ""read_users"": [], ""updated_at"": ""2026-09-29T21:08:37+00:00"", ""edit_groups"": [], ""read_groups"": [], ""camera_model"": [], ""x_resolution"": [], ""y_resolution"": [], ""error_message"": [], ""bits_per_sample"": [], ""processing_note"": [], ""caption_language"": [], ""file_identifiers"": [{""id"": ""disk:///opt/repository/files/cc/56/13/cc5613fed1c748978dd034466a3c1c66/00000187.tif""}], ""internal_resource"": ""FileMetadata"", ""original_filename"": [""00000187.tif""], ""source_media_type"": [], ""date_of_digitization"": [], ""preservation_copy_of_id"": null, ""original_language_caption"": null}, {""id"": {""id"": ""020eab4f-c801-438b-b9cc-a7e90563f791""}, ""use"": [{""@id"": ""http://pcdm.org/use#ServiceFile""}], ""size"": [], ""label"": [""intermediate_file.tif""], ""width"": [], ""bounds"": [], ""height"": [], ""checksum"": [], ""duration"": [], ""geometry"": [], ""producer"": [], ""software"": [], ""mime_type"": [""image/tiff""], ""change_set"": null, ""created_at"": ""2026-09-29T21:09:37+00:00"", ""edit_users"": [], ""new_record"": true, ""page_count"": null, ""read_users"": [], ""updated_at"": ""2026-09-29T21:09:37+00:00"", ""edit_groups"": [], ""read_groups"": [], ""camera_model"": [], ""x_resolution"": [], ""y_resolution"": [], ""error_message"": [], ""bits_per_sample"": [], ""processing_note"": [], ""caption_language"": [], ""file_identifiers"": [{""id"": ""pyramidal-derivatives-shrine://02/0e/ab/020eab4fc801438bb9cca7e90563f791/intermediate_file.tif""}], ""internal_resource"": ""FileMetadata"", ""original_filename"": [""intermediate_file.tif""], ""source_media_type"": [], ""date_of_digitization"": [], ""preservation_copy_of_id"": null, ""original_language_caption"": null}], ""service_targets"": [], ""cached_parent_id"": [{""id"": ""b7f6f438-4363-4003-8b74-779b5e31f210""}], ""processing_status"": [""processed""], ""optimistic_lock_token"": [{""token"": ""3"", ""adapter_id"": {""id"": ""746f06acf4d573bebd8c8a500b398589""}}]}",2026-09-29 21:08:58.67043,2026-09-30 13:41:29.249045,FileSet,4
29e87a0f-4433-4f38-ac8e-e2dc5ed8fcc9,"{""part"": [], ""side"": [], ""title"": [""00000188.tif""], ""barcode"": [], ""edit_users"": [], ""highlights"": [], ""member_ids"": [], ""read_users"": [], ""edit_groups"": [], ""read_groups"": [""public""], ""file_metadata"": [{""id"": {""id"": ""faf54ed5-099c-4e13-85fc-27cfd9ee5731""}, ""use"": [{""@id"": ""http://pcdm.org/use#OriginalFile""}], ""size"": [""59796536""], ""label"": [""00000188.tif""], ""width"": [""3680""], ""bounds"": [], ""height"": [""5411""], ""checksum"": [{""id"": null, ""md5"": ""23049f134ac9258aaf64e074fd1264f4"", ""sha1"": ""ea82421449f97bec4d6d76ad712c8c781b4b5999"", ""sha256"": ""459ef54754f580191d9ab0e9de412daf69f685a6d50f365036dccad41f338c30"", ""created_at"": null, ""new_record"": true, ""updated_at"": null, ""internal_resource"": ""MultiChecksum""}], ""duration"": [], ""geometry"": [], ""producer"": [], ""software"": [], ""mime_type"": [""image/tiff""], ""change_set"": null, ""created_at"": ""2026-09-29T21:08:41+00:00"", ""edit_users"": [], ""new_record"": true, ""page_count"": null, ""read_users"": [], ""updated_at"": ""2026-09-29T21:08:41+00:00"", ""edit_groups"": [], ""read_groups"": [], ""camera_model"": [], ""x_resolution"": [], ""y_resolution"": [], ""error_message"": [], ""bits_per_sample"": [], ""processing_note"": [], ""caption_language"": [], ""file_identifiers"": [{""id"": ""disk:///opt/repository/files/fa/f5/4e/faf54ed5099c4e1385fc27cfd9ee5731/00000188.tif""}], ""internal_resource"": ""FileMetadata"", ""original_filename"": [""00000188.tif""], ""source_media_type"": [], ""date_of_digitization"": [], ""preservation_copy_of_id"": null, ""original_language_caption"": null}, {""id"": {""id"": ""49c338ec-b046-45a8-b3a6-ff0559f67691""}, ""use"": [{""@id"": ""http://pcdm.org/use#ServiceFile""}], ""size"": [], ""label"": [""intermediate_file.tif""], ""width"": [], ""bounds"": [], ""height"": [], ""checksum"": [], ""duration"": [], ""geometry"": [], ""producer"": [], ""software"": [], ""mime_type"": [""image/tiff""], ""change_set"": null, ""created_at"": ""2026-09-29T21:09:41+00:00"", ""edit_users"": [], ""new_record"": true, ""page_count"": null, ""read_users"": [], ""updated_at"": ""2026-09-29T21:09:41+00:00"", ""edit_groups"": [], ""read_groups"": [], ""camera_model"": [], ""x_resolution"": [], ""y_resolution"": [], ""error_message"": [], ""bits_per_sample"": [], ""processing_note"": [], ""caption_language"": [], ""file_identifiers"": [{""id"": ""pyramidal-derivatives-shrine://49/c3/38/49c338ecb04645a8b3a6ff0559f67691/intermediate_file.tif""}], ""internal_resource"": ""FileMetadata"", ""original_filename"": [""intermediate_file.tif""], ""source_media_type"": [], ""date_of_digitization"": [], ""preservation_copy_of_id"": null, ""original_language_caption"": null}], ""service_targets"": [], ""cached_parent_id"": [{""id"": ""b7f6f438-4363-4003-8b74-779b5e31f210""}], ""processing_status"": [""processed""], ""optimistic_lock_token"": [{""token"": ""3"", ""adapter_id"": {""id"": ""746f06acf4d573bebd8c8a500b398589""}}]}",2026-09-29 21:08:58.675456,2026-09-30 13:41:29.264638,FileSet,4
971dec17-24ec-4379-982f-335d55231cfd,"{""part"": [], ""side"": [], ""title"": [""00000189.tif""], ""barcode"": [], ""edit_users"": [], ""highlights"": [], ""member_ids"": [], ""read_users"": [], ""edit_groups"": [], ""read_groups"": [""public""], ""file_metadata"": [{""id"": {""id"": ""0d8677ee-17ca-4162-997e-f9d0994b98e3""}, ""use"": [{""@id"": ""http://pcdm.org/use#OriginalFile""}], ""size"": [""54805600""], ""label"": [""00000189.tif""], ""width"": [""3468""], ""bounds"": [], ""height"": [""5262""], ""checksum"": [{""id"": null, ""md5"": ""b44b76601405ace06ea665f2537cf40e"", ""sha1"": ""6a2d5fa53cd70e9ac140ff371a00d84c2b5fff14"", ""sha256"": ""aa21afede6f6712abffca43e355d1a9b855954a29ea1fb5ffbc5351534ad7150"", ""created_at"": null, ""new_record"": true, ""updated_at"": null, ""internal_resource"": ""MultiChecksum""}], ""duration"": [], ""geometry"": [], ""producer"": [], ""software"": [], ""mime_type"": [""image/tiff""], ""change_set"": null, ""created_at"": ""2026-09-29T21:08:46+00:00"", ""edit_users"": [], ""new_record"": true, ""page_count"": null, ""read_users"": [], ""updated_at"": ""2026-09-29T21:08:46+00:00"", ""edit_groups"": [], ""read_groups"": [], ""camera_model"": [], ""x_resolution"": [], ""y_resolution"": [], ""error_message"": [], ""bits_per_sample"": [], ""processing_note"": [], ""caption_language"": [], ""file_identifiers"": [{""id"": ""disk:///opt/repository/files/0d/86/77/0d8677ee17ca4162997ef9d0994b98e3/00000189.tif""}], ""internal_resource"": ""FileMetadata"", ""original_filename"": [""00000189.tif""], ""source_media_type"": [], ""date_of_digitization"": [], ""preservation_copy_of_id"": null, ""original_language_caption"": null}, {""id"": {""id"": ""289f1ea1-978c-4b8d-b4ed-9f5bc5511ba8""}, ""use"": [{""@id"": ""http://pcdm.org/use#ServiceFile""}], ""size"": [], ""label"": [""intermediate_file.tif""], ""width"": [], ""bounds"": [], ""height"": [], ""checksum"": [], ""duration"": [], ""geometry"": [], ""producer"": [], ""software"": [], ""mime_type"": [""image/tiff""], ""change_set"": null, ""created_at"": ""2026-09-29T21:10:20+00:00"", ""edit_users"": [], ""new_record"": true, ""page_count"": null, ""read_users"": [], ""updated_at"": ""2026-09-29T21:10:20+00:00"", ""edit_groups"": [], ""read_groups"": [], ""camera_model"": [], ""x_resolution"": [], ""y_resolution"": [], ""error_message"": [], ""bits_per_sample"": [], ""processing_note"": [], ""caption_language"": [], ""file_identifiers"": [{""id"": ""pyramidal-derivatives-shrine://28/9f/1e/289f1ea1978c4b8db4ed9f5bc5511ba8/intermediate_file.tif""}], ""internal_resource"": ""FileMetadata"", ""original_filename"": [""intermediate_file.tif""], ""source_media_type"": [], ""date_of_digitization"": [], ""preservation_copy_of_id"": null, ""original_language_caption"": null}], ""service_targets"": [], ""cached_parent_id"": [{""id"": ""b7f6f438-4363-4003-8b74-779b5e31f210""}], ""processing_status"": [""processed""], ""optimistic_lock_token"": [{""token"": ""3"", ""adapter_id"": {""id"": ""746f06acf4d573bebd8c8a500b398589""}}]}",2026-09-29 21:08:58.680051,2026-09-30 13:41:29.28011,FileSet,4
5df88389-58df-4a8f-8e63-1c1d2f4a0b34,"{""part"": [], ""side"": [], ""title"": [""00000190.tif""], ""barcode"": [], ""edit_users"": [], ""highlights"": [], ""member_ids"": [], ""read_users"": [], ""edit_groups"": [], ""read_groups"": [""public""], ""file_metadata"": [{""id"": {""id"": ""f6e4289e-806b-4a4c-837c-d2e0324d8486""}, ""use"": [{""@id"": ""http://pcdm.org/use#OriginalFile""}], ""size"": [""59796536""], ""label"": [""00000190.tif""], ""width"": [""3680""], ""bounds"": [], ""height"": [""5411""], ""checksum"": [{""id"": null, ""md5"": ""b04938175f4410d4d1e1adfb3abe22bf"", ""sha1"": ""ad6d045b0fd7ebcc716e9a2a6fc7ea26e830c6b6"", ""sha256"": ""ca25c8662dc47fb4c538cec4100d7158ea82cd804de0bbcf2a4f60f5c6b10fd5"", ""created_at"": null, ""new_record"": true, ""updated_at"": null, ""internal_resource"": ""MultiChecksum""}], ""duration"": [], ""geometry"": [], ""producer"": [], ""software"": [], ""mime_type"": [""image/tiff""], ""change_set"": null, ""created_at"": ""2026-09-29T21:08:51+00:00"", ""edit_users"": [], ""new_record"": true, ""page_count"": null, ""read_users"": [], ""updated_at"": ""2026-09-29T21:08:51+00:00"", ""edit_groups"": [], ""read_groups"": [], ""camera_model"": [], ""x_resolution"": [], ""y_resolution"": [], ""error_message"": [], ""bits_per_sample"": [], ""processing_note"": [], ""caption_language"": [], ""file_identifiers"": [{""id"": ""disk:///opt/repository/files/f6/e4/28/f6e4289e806b4a4c837cd2e0324d8486/00000190.tif""}], ""internal_resource"": ""FileMetadata"", ""original_filename"": [""00000190.tif""], ""source_media_type"": [], ""date_of_digitization"": [], ""preservation_copy_of_id"": null, ""original_language_caption"": null}, {""id"": {""id"": ""579ed481-ccc2-4b18-8ee3-84027355ebde""}, ""use"": [{""@id"": ""http://pcdm.org/use#ServiceFile""}], ""size"": [], ""label"": [""intermediate_file.tif""], ""width"": [], ""bounds"": [], ""height"": [], ""checksum"": [], ""duration"": [], ""geometry"": [], ""producer"": [], ""software"": [], ""mime_type"": [""image/tiff""], ""change_set"": null, ""created_at"": ""2026-09-29T21:11:43+00:00"", ""edit_users"": [], ""new_record"": true, ""page_count"": null, ""read_users"": [], ""updated_at"": ""2026-09-29T21:11:43+00:00"", ""edit_groups"": [], ""read_groups"": [], ""camera_model"": [], ""x_resolution"": [], ""y_resolution"": [], ""error_message"": [], ""bits_per_sample"": [], ""processing_note"": [], ""caption_language"": [], ""file_identifiers"": [{""id"": ""pyramidal-derivatives-shrine://57/9e/d4/579ed481ccc24b188ee384027355ebde/intermediate_file.tif""}], ""internal_resource"": ""FileMetadata"", ""original_filename"": [""intermediate_file.tif""], ""source_media_type"": [], ""date_of_digitization"": [], ""preservation_copy_of_id"": null, ""original_language_caption"": null}], ""service_targets"": [], ""cached_parent_id"": [{""id"": ""b7f6f438-4363-4003-8b74-779b5e31f210""}], ""processing_status"": [""processed""], ""optimistic_lock_token"": [{""token"": ""3"", ""adapter_id"": {""id"": ""746f06acf4d573bebd8c8a500b398589""}}]}",2026-09-29 21:08:58.684536,2026-09-30 13:41:29.315684,FileSet,4
1a477fa1-d936-4fc8-9790-2589420d857d,"{""part"": [], ""side"": [], ""title"": [""00000191.tif""], ""barcode"": [], ""edit_users"": [], ""highlights"": [], ""member_ids"": [], ""read_users"": [], ""edit_groups"": [], ""read_groups"": [""public""], ""file_metadata"": [{""id"": {""id"": ""f82f0236-6c58-40dd-9997-1dfef27d6416""}, ""use"": [{""@id"": ""http://pcdm.org/use#OriginalFile""}], ""size"": [""54805600""], ""label"": [""00000191.tif""], ""width"": [""3468""], ""bounds"": [], ""height"": [""5262""], ""checksum"": [{""id"": null, ""md5"": ""3bec2bae1a380140a5d20ecdd8b351f3"", ""sha1"": ""d9db0f94eae6f438f5a274a401913b562407d307"", ""sha256"": ""34bfffc1c36fd62eba9b475f9e0071588d7eb3a53fa60386f559237540f8eafa"", ""created_at"": null, ""new_record"": true, ""updated_at"": null, ""internal_resource"": ""MultiChecksum""}], ""duration"": [], ""geometry"": [], ""producer"": [], ""software"": [], ""mime_type"": [""image/tiff""], ""change_set"": null, ""created_at"": ""2026-09-29T21:08:59+00:00"", ""edit_users"": [], ""new_record"": true, ""page_count"": null, ""read_users"": [], ""updated_at"": ""2026-09-29T21:08:59+00:00"", ""edit_groups"": [], ""read_groups"": [], ""camera_model"": [], ""x_resolution"": [], ""y_resolution"": [], ""error_message"": [], ""bits_per_sample"": [], ""processing_note"": [], ""caption_language"": [], ""file_identifiers"": [{""id"": ""disk:///opt/repository/files/f8/2f/02/f82f02366c5840dd99971dfef27d6416/00000191.tif""}], ""internal_resource"": ""FileMetadata"", ""original_filename"": [""00000191.tif""], ""source_media_type"": [], ""date_of_digitization"": [], ""preservation_copy_of_id"": null, ""original_language_caption"": null}, {""id"": {""id"": ""ee0891eb-19a2-403a-96ea-f895fca9c9d1""}, ""use"": [{""@id"": ""http://pcdm.org/use#ServiceFile""}], ""size"": [], ""label"": [""intermediate_file.tif""], ""width"": [], ""bounds"": [], ""height"": [], ""checksum"": [], ""duration"": [], ""geometry"": [], ""producer"": [], ""software"": [], ""mime_type"": [""image/tiff""], ""change_set"": null, ""created_at"": ""2026-09-29T21:10:13+00:00"", ""edit_users"": [], ""new_record"": true, ""page_count"": null, ""read_users"": [], ""updated_at"": ""2026-09-29T21:10:13+00:00"", ""edit_groups"": [], ""read_groups"": [], ""camera_model"": [], ""x_resolution"": [], ""y_resolution"": [], ""error_message"": [], ""bits_per_sample"": [], ""processing_note"": [], ""caption_language"": [], ""file_identifiers"": [{""id"": ""pyramidal-derivatives-shrine://ee/08/91/ee0891eb19a2403a96eaf895fca9c9d1/intermediate_file.tif""}], ""internal_resource"": ""FileMetadata"", ""original_filename"": [""intermediate_file.tif""], ""source_media_type"": [], ""date_of_digitization"": [], ""preservation_copy_of_id"": null, ""original_language_caption"": null}], ""service_targets"": [], ""cached_parent_id"": [{""id"": ""b7f6f438-4363-4003-8b74-779b5e31f210""}], ""processing_status"": [""processed""], ""optimistic_lock_token"": [{""token"": ""3"", ""adapter_id"": {""id"": ""746f06acf4d573bebd8c8a500b398589""}}]}",2026-09-29 21:09:45.001058,2026-09-30 13:41:29.330337,FileSet,4
a92f40fe-4e1e-4894-96f4-1594325f4363,"{""part"": [], ""side"": [], ""title"": [""00000192.tif""], ""barcode"": [], ""edit_users"": [], ""highlights"": [], ""member_ids"": [], ""read_users"": [], ""edit_groups"": [], ""read_groups"": [""public""], ""file_metadata"": [{""id"": {""id"": ""a7129eb6-3853-4641-8775-91b08ae5a693""}, ""use"": [{""@id"": ""http://pcdm.org/use#OriginalFile""}], ""size"": [""59796536""], ""label"": [""00000192.tif""], ""width"": [""3680""], ""bounds"": [], ""height"": [""5411""], ""checksum"": [{""id"": null, ""md5"": ""7a57afcfd6d4c1a115c1cc6a9684fdd7"", ""sha1"": ""622bc368873a690b36652e657112fb9e374b6a60"", ""sha256"": ""9f9d1a7e5923239944f3a2cda1e1ccf9e99a3a1c2af58995dad6f55824bfece8"", ""created_at"": null, ""new_record"": true, ""updated_at"": null, ""internal_resource"": ""MultiChecksum""}], ""duration"": [], ""geometry"": [], ""producer"": [], ""software"": [], ""mime_type"": [""image/tiff""], ""change_set"": null, ""created_at"": ""2026-09-29T21:09:00+00:00"", ""edit_users"": [], ""new_record"": true, ""page_count"": null, ""read_users"": [], ""updated_at"": ""2026-09-29T21:09:00+00:00"", ""edit_groups"": [], ""read_groups"": [], ""camera_model"": [], ""x_resolution"": [], ""y_resolution"": [], ""error_message"": [], ""bits_per_sample"": [], ""processing_note"": [], ""caption_language"": [], ""file_identifiers"": [{""id"": ""disk:///opt/repository/files/a7/12/9e/a7129eb638534641877591b08ae5a693/00000192.tif""}], ""internal_resource"": ""FileMetadata"", ""original_filename"": [""00000192.tif""], ""source_media_type"": [], ""date_of_digitization"": [], ""preservation_copy_of_id"": null, ""original_language_caption"": null}, {""id"": {""id"": ""52a74e38-d76d-49a4-a919-1cebfcda5900""}, ""use"": [{""@id"": ""http://pcdm.org/use#ServiceFile""}], ""size"": [], ""label"": [""intermediate_file.tif""], ""width"": [], ""bounds"": [], ""height"": [], ""checksum"": [], ""duration"": [], ""geometry"": [], ""producer"": [], ""software"": [], ""mime_type"": [""image/tiff""], ""change_set"": null, ""created_at"": ""2026-09-29T21:10:15+00:00"", ""edit_users"": [], ""new_record"": true, ""page_count"": null, ""read_users"": [], ""updated_at"": ""2026-09-29T21:10:15+00:00"", ""edit_groups"": [], ""read_groups"": [], ""camera_model"": [], ""x_resolution"": [], ""y_resolution"": [], ""error_message"": [], ""bits_per_sample"": [], ""processing_note"": [], ""caption_language"": [], ""file_identifiers"": [{""id"": ""pyramidal-derivatives-shrine://52/a7/4e/52a74e38d76d49a4a9191cebfcda5900/intermediate_file.tif""}], ""internal_resource"": ""FileMetadata"", ""original_filename"": [""intermediate_file.tif""], ""source_media_type"": [], ""date_of_digitization"": [], ""preservation_copy_of_id"": null, ""original_language_caption"": null}], ""service_targets"": [], ""cached_parent_id"": [{""id"": ""b7f6f438-4363-4003-8b74-779b5e31f210""}], ""processing_status"": [""processed""], ""optimistic_lock_token"": [{""token"": ""3"", ""adapter_id"": {""id"": ""746f06acf4d573bebd8c8a500b398589""}}]}",2026-09-29 21:09:45.007985,2026-09-30 13:41:29.344713,FileSet,4
dc0a7409-4ba4-4727-8196-a65f56667f59,"{""part"": [], ""side"": [], ""title"": [""00000193.tif""], ""barcode"": [], ""edit_users"": [], ""highlights"": [], ""member_ids"": [], ""read_users"": [], ""edit_groups"": [], ""read_groups"": [""public""], ""file_metadata"": [{""id"": {""id"": ""7cd9cd9a-78e2-4123-bfeb-6cc424ab526d""}, ""use"": [{""@id"": ""http://pcdm.org/use#OriginalFile""}], ""size"": [""54805600""], ""label"": [""00000193.tif""], ""width"": [""3468""], ""bounds"": [], ""height"": [""5262""], ""checksum"": [{""id"": null, ""md5"": ""5f3128e0ee52662100651319133788ff"", ""sha1"": ""46e718424dc4df61ad605d483bf58d0776f34f13"", ""sha256"": ""83cb188e74d9f51632b3f18a3309e3dfd6adb1ebc83e9c00a2a86f10bafc121a"", ""created_at"": null, ""new_record"": true, ""updated_at"": null, ""internal_resource"": ""MultiChecksum""}], ""duration"": [], ""geometry"": [], ""producer"": [], ""software"": [], ""mime_type"": [""image/tiff""], ""change_set"": null, ""created_at"": ""2026-09-29T21:09:04+00:00"", ""edit_users"": [], ""new_record"": true, ""page_count"": null, ""read_users"": [], ""updated_at"": ""2026-09-29T21:09:04+00:00"", ""edit_groups"": [], ""read_groups"": [], ""camera_model"": [], ""x_resolution"": [], ""y_resolution"": [], ""error_message"": [], ""bits_per_sample"": [], ""processing_note"": [], ""caption_language"": [], ""file_identifiers"": [{""id"": ""disk:///opt/repository/files/7c/d9/cd/7cd9cd9a78e24123bfeb6cc424ab526d/00000193.tif""}], ""internal_resource"": ""FileMetadata"", ""original_filename"": [""00000193.tif""], ""source_media_type"": [], ""date_of_digitization"": [], ""preservation_copy_of_id"": null, ""original_language_caption"": null}, {""id"": {""id"": ""48a39753-8c2e-4e7b-8f89-d3fc62485015""}, ""use"": [{""@id"": ""http://pcdm.org/use#ServiceFile""}], ""size"": [], ""label"": [""intermediate_file.tif""], ""width"": [], ""bounds"": [], ""height"": [], ""checksum"": [], ""duration"": [], ""geometry"": [], ""producer"": [], ""software"": [], ""mime_type"": [""image/tiff""], ""change_set"": null, ""created_at"": ""2026-09-29T21:10:13+00:00"", ""edit_users"": [], ""new_record"": true, ""page_count"": null, ""read_users"": [], ""updated_at"": ""2026-09-29T21:10:13+00:00"", ""edit_groups"": [], ""read_groups"": [], ""camera_model"": [], ""x_resolution"": [], ""y_resolution"": [], ""error_message"": [], ""bits_per_sample"": [], ""processing_note"": [], ""caption_language"": [], ""file_identifiers"": [{""id"": ""pyramidal-derivatives-shrine://48/a3/97/48a397538c2e4e7b8f89d3fc62485015/intermediate_file.tif""}], ""internal_resource"": ""FileMetadata"", ""original_filename"": [""intermediate_file.tif""], ""source_media_type"": [], ""date_of_digitization"": [], ""preservation_copy_of_id"": null, ""original_language_caption"": null}], ""service_targets"": [], ""cached_parent_id"": [{""id"": ""b7f6f438-4363-4003-8b74-779b5e31f210""}], ""processing_status"": [""processed""], ""optimistic_lock_token"": [{""token"": ""3"", ""adapter_id"": {""id"": ""746f06acf4d573bebd8c8a500b398589""}}]}",2026-09-29 21:09:45.013162,2026-09-30 13:41:29.361041,FileSet,4
7d46ef03-3034-49f9-b555-32afce4ccb41,"{""part"": [], ""side"": [], ""title"": [""00000194.tif""], ""barcode"": [], ""edit_users"": [], ""highlights"": [], ""member_ids"": [], ""read_users"": [], ""edit_groups"": [], ""read_groups"": [""public""], ""file_metadata"": [{""id"": {""id"": ""e1f327f3-e216-4522-9aea-c4a2140390da""}, ""use"": [{""@id"": ""http://pcdm.org/use#OriginalFile""}], ""size"": [""59796536""], ""label"": [""00000194.tif""], ""width"": [""3680""], ""bounds"": [], ""height"": [""5411""], ""checksum"": [{""id"": null, ""md5"": ""25cfdb7583978bb2709bb88300c865dc"", ""sha1"": ""f7a22e083dab8a60b4996f63d524adbe67508a31"", ""sha256"": ""ce1b32305cd048b412bdb502d959e49939665425fe17d8d1976bf6e5c1d93fe5"", ""created_at"": null, ""new_record"": true, ""updated_at"": null, ""internal_resource"": ""MultiChecksum""}], ""duration"": [], ""geometry"": [], ""producer"": [], ""software"": [], ""mime_type"": [""image/tiff""], ""change_set"": null, ""created_at"": ""2026-09-29T21:09:09+00:00"", ""edit_users"": [], ""new_record"": true, ""page_count"": null, ""read_users"": [], ""updated_at"": ""2026-09-29T21:09:09+00:00"", ""edit_groups"": [], ""read_groups"": [], ""camera_model"": [], ""x_resolution"": [], ""y_resolution"": [], ""error_message"": [], ""bits_per_sample"": [], ""processing_note"": [], ""caption_language"": [], ""file_identifiers"": [{""id"": ""disk:///opt/repository/files/e1/f3/27/e1f327f3e21645229aeac4a2140390da/00000194.tif""}], ""internal_resource"": ""FileMetadata"", ""original_filename"": [""00000194.tif""], ""source_media_type"": [], ""date_of_digitization"": [], ""preservation_copy_of_id"": null, ""original_language_caption"": null}, {""id"": {""id"": ""f0b41d30-26a6-4a6b-88e9-562f9f3dca5a""}, ""use"": [{""@id"": ""http://pcdm.org/use#ServiceFile""}], ""size"": [], ""label"": [""intermediate_file.tif""], ""width"": [], ""bounds"": [], ""height"": [], ""checksum"": [], ""duration"": [], ""geometry"": [], ""producer"": [], ""software"": [], ""mime_type"": [""image/tiff""], ""change_set"": null, ""created_at"": ""2026-09-29T21:10:18+00:00"", ""edit_users"": [], ""new_record"": true, ""page_count"": null, ""read_users"": [], ""updated_at"": ""2026-09-29T21:10:18+00:00"", ""edit_groups"": [], ""read_groups"": [], ""camera_model"": [], ""x_resolution"": [], ""y_resolution"": [], ""error_message"": [], ""bits_per_sample"": [], ""processing_note"": [], ""caption_language"": [], ""file_identifiers"": [{""id"": ""pyramidal-derivatives-shrine://f0/b4/1d/f0b41d3026a64a6b88e9562f9f3dca5a/intermediate_file.tif""}], ""internal_resource"": ""FileMetadata"", ""original_filename"": [""intermediate_file.tif""], ""source_media_type"": [], ""date_of_digitization"": [], ""preservation_copy_of_id"": null, ""original_language_caption"": null}], ""service_targets"": [], ""cached_parent_id"": [{""id"": ""b7f6f438-4363-4003-8b74-779b5e31f210""}], ""processing_status"": [""processed""], ""optimistic_lock_token"": [{""token"": ""3"", ""adapter_id"": {""id"": ""746f06acf4d573bebd8c8a500b398589""}}]}",2026-09-29 21:09:45.017752,2026-09-30 13:41:29.38208,FileSet,4
5ef9dbd9-9eb1-442b-aa51-f83926966f0d,"{""part"": [], ""side"": [], ""title"": [""00000195.tif""], ""barcode"": [], ""edit_users"": [], ""highlights"": [], ""member_ids"": [], ""read_users"": [], ""edit_groups"": [], ""read_groups"": [""public""], ""file_metadata"": [{""id"": {""id"": ""3ec7e53f-e5c0-4645-9e00-fbeb8cb09c54""}, ""use"": [{""@id"": ""http://pcdm.org/use#OriginalFile""}], ""size"": [""54805600""], ""label"": [""00000195.tif""], ""width"": [""3468""], ""bounds"": [], ""height"": [""5262""], ""checksum"": [{""id"": null, ""md5"": ""b318c0532631e98354756aced8d858b8"", ""sha1"": ""98c0ba148a127dda4322ec84a7882734fa2f0708"", ""sha256"": ""248df187d8cfb913c8d9529257dd63cbdb30fe2db20dcd02edfcc807c9a0b9c2"", ""created_at"": null, ""new_record"": true, ""updated_at"": null, ""internal_resource"": ""MultiChecksum""}], ""duration"": [], ""geometry"": [], ""producer"": [], ""software"": [], ""mime_type"": [""image/tiff""], ""change_set"": null, ""created_at"": ""2026-09-29T21:09:13+00:00"", ""edit_users"": [], ""new_record"": true, ""page_count"": null, ""read_users"": [], ""updated_at"": ""2026-09-29T21:09:13+00:00"", ""edit_groups"": [], ""read_groups"": [], ""camera_model"": [], ""x_resolution"": [], ""y_resolution"": [], ""error_message"": [], ""bits_per_sample"": [], ""processing_note"": [], ""caption_language"": [], ""file_identifiers"": [{""id"": ""disk:///opt/repository/files/3e/c7/e5/3ec7e53fe5c046459e00fbeb8cb09c54/00000195.tif""}], ""internal_resource"": ""FileMetadata"", ""original_filename"": [""00000195.tif""], ""source_media_type"": [], ""date_of_digitization"": [], ""preservation_copy_of_id"": null, ""original_language_caption"": null}, {""id"": {""id"": ""6c4d3bbe-a0c6-45cd-abba-d6404a806399""}, ""use"": [{""@id"": ""http://pcdm.org/use#ServiceFile""}], ""size"": [], ""label"": [""intermediate_file.tif""], ""width"": [], ""bounds"": [], ""height"": [], ""checksum"": [], ""duration"": [], ""geometry"": [], ""producer"": [], ""software"": [], ""mime_type"": [""image/tiff""], ""change_set"": null, ""created_at"": ""2026-09-29T21:12:04+00:00"", ""edit_users"": [], ""new_record"": true, ""page_count"": null, ""read_users"": [], ""updated_at"": ""2026-09-29T21:12:04+00:00"", ""edit_groups"": [], ""read_groups"": [], ""camera_model"": [], ""x_resolution"": [], ""y_resolution"": [], ""error_message"": [], ""bits_per_sample"": [], ""processing_note"": [], ""caption_language"": [], ""file_identifiers"": [{""id"": ""pyramidal-derivatives-shrine://6c/4d/3b/6c4d3bbea0c645cdabbad6404a806399/intermediate_file.tif""}], ""internal_resource"": ""FileMetadata"", ""original_filename"": [""intermediate_file.tif""], ""source_media_type"": [], ""date_of_digitization"": [], ""preservation_copy_of_id"": null, ""original_language_caption"": null}], ""service_targets"": [], ""cached_parent_id"": [{""id"": ""b7f6f438-4363-4003-8b74-779b5e31f210""}], ""processing_status"": [""processed""], ""optimistic_lock_token"": [{""token"": ""3"", ""adapter_id"": {""id"": ""746f06acf4d573bebd8c8a500b398589""}}]}",2026-09-29 21:09:45.022094,2026-09-30 13:41:29.398873,FileSet,4
9ca867b2-0b43-4434-a0c3-59594f0dd702,"{""part"": [], ""side"": [], ""title"": [""00000196.tif""], ""barcode"": [], ""edit_users"": [], ""highlights"": [], ""member_ids"": [], ""read_users"": [], ""edit_groups"": [], ""read_groups"": [""public""], ""file_metadata"": [{""id"": {""id"": ""d3b7b607-cc5f-4821-825a-9089ca3532d3""}, ""use"": [{""@id"": ""http://pcdm.org/use#OriginalFile""}], ""size"": [""59796536""], ""label"": [""00000196.tif""], ""width"": [""3680""], ""bounds"": [], ""height"": [""5411""], ""checksum"": [{""id"": null, ""md5"": ""0607fd25f76e28a06f5a6ede50cd3458"", ""sha1"": ""a3a4327d39bdfce279ce7599266a0bf737b5f40f"", ""sha256"": ""e6b942583009c3bd74b3f83e503c624480c8872275bfb92747e6ee04220b7f62"", ""created_at"": null, ""new_record"": true, ""updated_at"": null, ""internal_resource"": ""MultiChecksum""}], ""duration"": [], ""geometry"": [], ""producer"": [], ""software"": [], ""mime_type"": [""image/tiff""], ""change_set"": null, ""created_at"": ""2026-09-29T21:09:21+00:00"", ""edit_users"": [], ""new_record"": true, ""page_count"": null, ""read_users"": [], ""updated_at"": ""2026-09-29T21:09:21+00:00"", ""edit_groups"": [], ""read_groups"": [], ""camera_model"": [], ""x_resolution"": [], ""y_resolution"": [], ""error_message"": [], ""bits_per_sample"": [], ""processing_note"": [], ""caption_language"": [], ""file_identifiers"": [{""id"": ""disk:///opt/repository/files/d3/b7/b6/d3b7b607cc5f4821825a9089ca3532d3/00000196.tif""}], ""internal_resource"": ""FileMetadata"", ""original_filename"": [""00000196.tif""], ""source_media_type"": [], ""date_of_digitization"": [], ""preservation_copy_of_id"": null, ""original_language_caption"": null}, {""id"": {""id"": ""36415449-9c20-4a2d-87d2-da666594d3e5""}, ""use"": [{""@id"": ""http://pcdm.org/use#ServiceFile""}], ""size"": [], ""label"": [""intermediate_file.tif""], ""width"": [], ""bounds"": [], ""height"": [], ""checksum"": [], ""duration"": [], ""geometry"": [], ""producer"": [], ""software"": [], ""mime_type"": [""image/tiff""], ""change_set"": null, ""created_at"": ""2026-09-29T21:12:14+00:00"", ""edit_users"": [], ""new_record"": true, ""page_count"": null, ""read_users"": [], ""updated_at"": ""2026-09-29T21:12:14+00:00"", ""edit_groups"": [], ""read_groups"": [], ""camera_model"": [], ""x_resolution"": [], ""y_resolution"": [], ""error_message"": [], ""bits_per_sample"": [], ""processing_note"": [], ""caption_language"": [], ""file_identifiers"": [{""id"": ""pyramidal-derivatives-shrine://36/41/54/364154499c204a2d87d2da666594d3e5/intermediate_file.tif""}], ""internal_resource"": ""FileMetadata"", ""original_filename"": [""intermediate_file.tif""], ""source_media_type"": [], ""date_of_digitization"": [], ""preservation_copy_of_id"": null, ""original_language_caption"": null}], ""service_targets"": [], ""cached_parent_id"": [{""id"": ""b7f6f438-4363-4003-8b74-779b5e31f210""}], ""processing_status"": [""processed""], ""optimistic_lock_token"": [{""token"": ""3"", ""adapter_id"": {""id"": ""746f06acf4d573bebd8c8a500b398589""}}]}",2026-09-29 21:09:45.026261,2026-09-30 13:41:29.41363,FileSet,4
5d439f41-2e85-426f-a8ca-0e29c0705134,"{""part"": [], ""side"": [], ""title"": [""00000197.tif""], ""barcode"": [], ""edit_users"": [], ""highlights"": [], ""member_ids"": [], ""read_users"": [], ""edit_groups"": [], ""read_groups"": [""public""], ""file_metadata"": [{""id"": {""id"": ""0069c36a-34f3-488e-8cf6-d2994539bd6e""}, ""use"": [{""@id"": ""http://pcdm.org/use#OriginalFile""}], ""size"": [""54805600""], ""label"": [""00000197.tif""], ""width"": [""3468""], ""bounds"": [], ""height"": [""5262""], ""checksum"": [{""id"": null, ""md5"": ""d04124109c48ecee89658d7e4aaab661"", ""sha1"": ""9640236a194f69d51323047f99e9b821fc160be0"", ""sha256"": ""6f941f84df15e04d083a6e595c38813bfb7e75029b415fd3be75dbebdba82ebe"", ""created_at"": null, ""new_record"": true, ""updated_at"": null, ""internal_resource"": ""MultiChecksum""}], ""duration"": [], ""geometry"": [], ""producer"": [], ""software"": [], ""mime_type"": [""image/tiff""], ""change_set"": null, ""created_at"": ""2026-09-29T21:09:25+00:00"", ""edit_users"": [], ""new_record"": true, ""page_count"": null, ""read_users"": [], ""updated_at"": ""2026-09-29T21:09:25+00:00"", ""edit_groups"": [], ""read_groups"": [], ""camera_model"": [], ""x_resolution"": [], ""y_resolution"": [], ""error_message"": [], ""bits_per_sample"": [], ""processing_note"": [], ""caption_language"": [], ""file_identifiers"": [{""id"": ""disk:///opt/repository/files/00/69/c3/0069c36a34f3488e8cf6d2994539bd6e/00000197.tif""}], ""internal_resource"": ""FileMetadata"", ""original_filename"": [""00000197.tif""], ""source_media_type"": [], ""date_of_digitization"": [], ""preservation_copy_of_id"": null, ""original_language_caption"": null}, {""id"": {""id"": ""84bfa9a2-201d-4892-aaf8-f6541864e2b8""}, ""use"": [{""@id"": ""http://pcdm.org/use#ServiceFile""}], ""size"": [], ""label"": [""intermediate_file.tif""], ""width"": [], ""bounds"": [], ""height"": [], ""checksum"": [], ""duration"": [], ""geometry"": [], ""producer"": [], ""software"": [], ""mime_type"": [""image/tiff""], ""change_set"": null, ""created_at"": ""2026-09-29T21:12:04+00:00"", ""edit_users"": [], ""new_record"": true, ""page_count"": null, ""read_users"": [], ""updated_at"": ""2026-09-29T21:12:04+00:00"", ""edit_groups"": [], ""read_groups"": [], ""camera_model"": [], ""x_resolution"": [], ""y_resolution"": [], ""error_message"": [], ""bits_per_sample"": [], ""processing_note"": [], ""caption_language"": [], ""file_identifiers"": [{""id"": ""pyramidal-derivatives-shrine://84/bf/a9/84bfa9a2201d4892aaf8f6541864e2b8/intermediate_file.tif""}], ""internal_resource"": ""FileMetadata"", ""original_filename"": [""intermediate_file.tif""], ""source_media_type"": [], ""date_of_digitization"": [], ""preservation_copy_of_id"": null, ""original_language_caption"": null}], ""service_targets"": [], ""cached_parent_id"": [{""id"": ""b7f6f438-4363-4003-8b74-779b5e31f210""}], ""processing_status"": [""processed""], ""optimistic_lock_token"": [{""token"": ""3"", ""adapter_id"": {""id"": ""746f06acf4d573bebd8c8a500b398589""}}]}",2026-09-29 21:09:45.030552,2026-09-30 13:41:29.427647,FileSet,4
f21de198-b207-41b3-a310-5be6c99539c4,"{""part"": [], ""side"": [], ""title"": [""00000198.tif""], ""barcode"": [], ""edit_users"": [], ""highlights"": [], ""member_ids"": [], ""read_users"": [], ""edit_groups"": [], ""read_groups"": [""public""], ""file_metadata"": [{""id"": {""id"": ""2057dc1e-12fa-4e2d-bec7-a9063f0ea410""}, ""use"": [{""@id"": ""http://pcdm.org/use#OriginalFile""}], ""size"": [""59796536""], ""label"": [""00000198.tif""], ""width"": [""3680""], ""bounds"": [], ""height"": [""5411""], ""checksum"": [{""id"": null, ""md5"": ""1b878801d5b2ff038fad06bd7edc04db"", ""sha1"": ""898564f617c8d742afa6fefb5233c25fd2233a24"", ""sha256"": ""55431d0deeb68a879f4ddca82a1cfed7de4968af5f31c450797e5ce1e652cdbb"", ""created_at"": null, ""new_record"": true, ""updated_at"": null, ""internal_resource"": ""MultiChecksum""}], ""duration"": [], ""geometry"": [], ""producer"": [], ""software"": [], ""mime_type"": [""image/tiff""], ""change_set"": null, ""created_at"": ""2026-09-29T21:09:31+00:00"", ""edit_users"": [], ""new_record"": true, ""page_count"": null, ""read_users"": [], ""updated_at"": ""2026-09-29T21:09:31+00:00"", ""edit_groups"": [], ""read_groups"": [], ""camera_model"": [], ""x_resolution"": [], ""y_resolution"": [], ""error_message"": [], ""bits_per_sample"": [], ""processing_note"": [], ""caption_language"": [], ""file_identifiers"": [{""id"": ""disk:///opt/repository/files/20/57/dc/2057dc1e12fa4e2dbec7a9063f0ea410/00000198.tif""}], ""internal_resource"": ""FileMetadata"", ""original_filename"": [""00000198.tif""], ""source_media_type"": [], ""date_of_digitization"": [], ""preservation_copy_of_id"": null, ""original_language_caption"": null}, {""id"": {""id"": ""55e6001a-1e31-4a9f-988e-33ae59f3e51c""}, ""use"": [{""@id"": ""http://pcdm.org/use#ServiceFile""}], ""size"": [], ""label"": [""intermediate_file.tif""], ""width"": [], ""bounds"": [], ""height"": [], ""checksum"": [], ""duration"": [], ""geometry"": [], ""producer"": [], ""software"": [], ""mime_type"": [""image/tiff""], ""change_set"": null, ""created_at"": ""2026-09-29T21:10:14+00:00"", ""edit_users"": [], ""new_record"": true, ""page_count"": null, ""read_users"": [], ""updated_at"": ""2026-09-29T21:10:14+00:00"", ""edit_groups"": [], ""read_groups"": [], ""camera_model"": [], ""x_resolution"": [], ""y_resolution"": [], ""error_message"": [], ""bits_per_sample"": [], ""processing_note"": [], ""caption_language"": [], ""file_identifiers"": [{""id"": ""pyramidal-derivatives-shrine://55/e6/00/55e6001a1e314a9f988e33ae59f3e51c/intermediate_file.tif""}], ""internal_resource"": ""FileMetadata"", ""original_filename"": [""intermediate_file.tif""], ""source_media_type"": [], ""date_of_digitization"": [], ""preservation_copy_of_id"": null, ""original_language_caption"": null}], ""service_targets"": [], ""cached_parent_id"": [{""id"": ""b7f6f438-4363-4003-8b74-779b5e31f210""}], ""processing_status"": [""processed""], ""optimistic_lock_token"": [{""token"": ""3"", ""adapter_id"": {""id"": ""746f06acf4d573bebd8c8a500b398589""}}]}",2026-09-29 21:09:45.035009,2026-09-30 13:41:29.441421,FileSet,4
f3821372-cda0-413c-b6c4-b5ed7e711152,"{""part"": [], ""side"": [], ""title"": [""00000199.tif""], ""barcode"": [], ""edit_users"": [], ""highlights"": [], ""member_ids"": [], ""read_users"": [], ""edit_groups"": [], ""read_groups"": [""public""], ""file_metadata"": [{""id"": {""id"": ""72386de4-0ff5-4bf7-b5c6-8dad7326926f""}, ""use"": [{""@id"": ""http://pcdm.org/use#OriginalFile""}], ""size"": [""54805600""], ""label"": [""00000199.tif""], ""width"": [""3468""], ""bounds"": [], ""height"": [""5262""], ""checksum"": [{""id"": null, ""md5"": ""26997bccd19f7013b07082d708cabf00"", ""sha1"": ""89d544384c56abf40e8b97a0643f0e4f96d80bce"", ""sha256"": ""097af805635ff718493c0fd5424cd9ae82206a35bfccbd6675824a7cfe912632"", ""created_at"": null, ""new_record"": true, ""updated_at"": null, ""internal_resource"": ""MultiChecksum""}], ""duration"": [], ""geometry"": [], ""producer"": [], ""software"": [], ""mime_type"": [""image/tiff""], ""change_set"": null, ""created_at"": ""2026-09-29T21:09:35+00:00"", ""edit_users"": [], ""new_record"": true, ""page_count"": null, ""read_users"": [], ""updated_at"": ""2026-09-29T21:09:35+00:00"", ""edit_groups"": [], ""read_groups"": [], ""camera_model"": [], ""x_resolution"": [], ""y_resolution"": [], ""error_message"": [], ""bits_per_sample"": [], ""processing_note"": [], ""caption_language"": [], ""file_identifiers"": [{""id"": ""disk:///opt/repository/files/72/38/6d/72386de40ff54bf7b5c68dad7326926f/00000199.tif""}], ""internal_resource"": ""FileMetadata"", ""original_filename"": [""00000199.tif""], ""source_media_type"": [], ""date_of_digitization"": [], ""preservation_copy_of_id"": null, ""original_language_caption"": null}, {""id"": {""id"": ""bc41841c-9909-4ade-896c-c141ca6eddcd""}, ""use"": [{""@id"": ""http://pcdm.org/use#ServiceFile""}], ""size"": [], ""label"": [""intermediate_file.tif""], ""width"": [], ""bounds"": [], ""height"": [], ""checksum"": [], ""duration"": [], ""geometry"": [], ""producer"": [], ""software"": [], ""mime_type"": [""image/tiff""], ""change_set"": null, ""created_at"": ""2026-09-29T21:11:05+00:00"", ""edit_users"": [], ""new_record"": true, ""page_count"": null, ""read_users"": [], ""updated_at"": ""2026-09-29T21:11:05+00:00"", ""edit_groups"": [], ""read_groups"": [], ""camera_model"": [], ""x_resolution"": [], ""y_resolution"": [], ""error_message"": [], ""bits_per_sample"": [], ""processing_note"": [], ""caption_language"": [], ""file_identifiers"": [{""id"": ""pyramidal-derivatives-shrine://bc/41/84/bc41841c99094ade896cc141ca6eddcd/intermediate_file.tif""}], ""internal_resource"": ""FileMetadata"", ""original_filename"": [""intermediate_file.tif""], ""source_media_type"": [], ""date_of_digitization"": [], ""preservation_copy_of_id"": null, ""original_language_caption"": null}], ""service_targets"": [], ""cached_parent_id"": [{""id"": ""b7f6f438-4363-4003-8b74-779b5e31f210""}], ""processing_status"": [""processed""], ""optimistic_lock_token"": [{""token"": ""3"", ""adapter_id"": {""id"": ""746f06acf4d573bebd8c8a500b398589""}}]}",2026-09-29 21:09:45.039135,2026-09-30 13:41:29.463569,FileSet,4
c06256f6-2a85-4ea5-a618-47413d9c57e1,"{""part"": [], ""side"": [], ""title"": [""00000200.tif""], ""barcode"": [], ""edit_users"": [], ""highlights"": [], ""member_ids"": [], ""read_users"": [], ""edit_groups"": [], ""read_groups"": [""public""], ""file_metadata"": [{""id"": {""id"": ""34800aea-e72a-4b55-8c93-92a4e6a9d2f2""}, ""use"": [{""@id"": ""http://pcdm.org/use#OriginalFile""}], ""size"": [""59796536""], ""label"": [""00000200.tif""], ""width"": [""3680""], ""bounds"": [], ""height"": [""5411""], ""checksum"": [{""id"": null, ""md5"": ""456de68c356ec34ad1053ba850271069"", ""sha1"": ""7452ffab39de8b23e7a7ffec5f1d21bbd3f1156b"", ""sha256"": ""df3c0d3af79bf2abf76ee4f6a9a8235c6ab198340bd6a7abef035476b4311ea3"", ""created_at"": null, ""new_record"": true, ""updated_at"": null, ""internal_resource"": ""MultiChecksum""}], ""duration"": [], ""geometry"": [], ""producer"": [], ""software"": [], ""mime_type"": [""image/tiff""], ""change_set"": null, ""created_at"": ""2026-09-29T21:09:40+00:00"", ""edit_users"": [], ""new_record"": true, ""page_count"": null, ""read_users"": [], ""updated_at"": ""2026-09-29T21:09:40+00:00"", ""edit_groups"": [], ""read_groups"": [], ""camera_model"": [], ""x_resolution"": [], ""y_resolution"": [], ""error_message"": [], ""bits_per_sample"": [], ""processing_note"": [], ""caption_language"": [], ""file_identifiers"": [{""id"": ""disk:///opt/repository/files/34/80/0a/34800aeae72a4b558c9392a4e6a9d2f2/00000200.tif""}], ""internal_resource"": ""FileMetadata"", ""original_filename"": [""00000200.tif""], ""source_media_type"": [], ""date_of_digitization"": [], ""preservation_copy_of_id"": null, ""original_language_caption"": null}, {""id"": {""id"": ""2ea1448c-3bb3-4736-92cf-a462cc9ae8f2""}, ""use"": [{""@id"": ""http://pcdm.org/use#ServiceFile""}], ""size"": [], ""label"": [""intermediate_file.tif""], ""width"": [], ""bounds"": [], ""height"": [], ""checksum"": [], ""duration"": [], ""geometry"": [], ""producer"": [], ""software"": [], ""mime_type"": [""image/tiff""], ""change_set"": null, ""created_at"": ""2026-09-29T21:11:14+00:00"", ""edit_users"": [], ""new_record"": true, ""page_count"": null, ""read_users"": [], ""updated_at"": ""2026-09-29T21:11:14+00:00"", ""edit_groups"": [], ""read_groups"": [], ""camera_model"": [], ""x_resolution"": [], ""y_resolution"": [], ""error_message"": [], ""bits_per_sample"": [], ""processing_note"": [], ""caption_language"": [], ""file_identifiers"": [{""id"": ""pyramidal-derivatives-shrine://2e/a1/44/2ea1448c3bb3473692cfa462cc9ae8f2/intermediate_file.tif""}], ""internal_resource"": ""FileMetadata"", ""original_filename"": [""intermediate_file.tif""], ""source_media_type"": [], ""date_of_digitization"": [], ""preservation_copy_of_id"": null, ""original_language_caption"": null}], ""service_targets"": [], ""cached_parent_id"": [{""id"": ""b7f6f438-4363-4003-8b74-779b5e31f210""}], ""processing_status"": [""processed""], ""optimistic_lock_token"": [{""token"": ""3"", ""adapter_id"": {""id"": ""746f06acf4d573bebd8c8a500b398589""}}]}",2026-09-29 21:09:45.043234,2026-09-30 13:41:29.485613,FileSet,4
5cfc4092-0a38-416e-9953-7afdc4ed7479,"{""part"": [], ""side"": [], ""title"": [""00000201.tif""], ""barcode"": [], ""edit_users"": [], ""highlights"": [], ""member_ids"": [], ""read_users"": [], ""edit_groups"": [], ""read_groups"": [""public""], ""file_metadata"": [{""id"": {""id"": ""cb7b535e-401d-4445-b561-6f77be4769a6""}, ""use"": [{""@id"": ""http://pcdm.org/use#OriginalFile""}], ""size"": [""55769506""], ""label"": [""00000201.tif""], ""width"": [""3529""], ""bounds"": [], ""height"": [""5262""], ""checksum"": [{""id"": null, ""md5"": ""a6ffc3f6135879ebca966a75c28ad3fb"", ""sha1"": ""edde59a46732b31b22b28ab1e41ccb78ce0a959e"", ""sha256"": ""a396fcd1c66477ae8f2331cb69a338f4814fab677ba3f8595ca6ae424939414b"", ""created_at"": null, ""new_record"": true, ""updated_at"": null, ""internal_resource"": ""MultiChecksum""}], ""duration"": [], ""geometry"": [], ""producer"": [], ""software"": [], ""mime_type"": [""image/tiff""], ""change_set"": null, ""created_at"": ""2026-09-29T21:09:45+00:00"", ""edit_users"": [], ""new_record"": true, ""page_count"": null, ""read_users"": [], ""updated_at"": ""2026-09-29T21:09:45+00:00"", ""edit_groups"": [], ""read_groups"": [], ""camera_model"": [], ""x_resolution"": [], ""y_resolution"": [], ""error_message"": [], ""bits_per_sample"": [], ""processing_note"": [], ""caption_language"": [], ""file_identifiers"": [{""id"": ""disk:///opt/repository/files/cb/7b/53/cb7b535e401d4445b5616f77be4769a6/00000201.tif""}], ""internal_resource"": ""FileMetadata"", ""original_filename"": [""00000201.tif""], ""source_media_type"": [], ""date_of_digitization"": [], ""preservation_copy_of_id"": null, ""original_language_caption"": null}, {""id"": {""id"": ""b18fa1a5-a21d-42e6-a9be-77d27ce74c34""}, ""use"": [{""@id"": ""http://pcdm.org/use#ServiceFile""}], ""size"": [], ""label"": [""intermediate_file.tif""], ""width"": [], ""bounds"": [], ""height"": [], ""checksum"": [], ""duration"": [], ""geometry"": [], ""producer"": [], ""software"": [], ""mime_type"": [""image/tiff""], ""change_set"": null, ""created_at"": ""2026-09-29T21:11:15+00:00"", ""edit_users"": [], ""new_record"": true, ""page_count"": null, ""read_users"": [], ""updated_at"": ""2026-09-29T21:11:15+00:00"", ""edit_groups"": [], ""read_groups"": [], ""camera_model"": [], ""x_resolution"": [], ""y_resolution"": [], ""error_message"": [], ""bits_per_sample"": [], ""processing_note"": [], ""caption_language"": [], ""file_identifiers"": [{""id"": ""pyramidal-derivatives-shrine://b1/8f/a1/b18fa1a5a21d42e6a9be77d27ce74c34/intermediate_file.tif""}], ""internal_resource"": ""FileMetadata"", ""original_filename"": [""intermediate_file.tif""], ""source_media_type"": [], ""date_of_digitization"": [], ""preservation_copy_of_id"": null, ""original_language_caption"": null}], ""service_targets"": [], ""cached_parent_id"": [{""id"": ""b7f6f438-4363-4003-8b74-779b5e31f210""}], ""processing_status"": [""processed""], ""optimistic_lock_token"": [{""token"": ""3"", ""adapter_id"": {""id"": ""746f06acf4d573bebd8c8a500b398589""}}]}",2026-09-29 21:10:38.08379,2026-09-30 13:41:29.500329,FileSet,4
5859bf2f-3797-42d7-a4bd-b03dba9929a8,"{""part"": [], ""side"": [], ""title"": [""00000202.tif""], ""barcode"": [], ""edit_users"": [], ""highlights"": [], ""member_ids"": [], ""read_users"": [], ""edit_groups"": [], ""read_groups"": [""public""], ""file_metadata"": [{""id"": {""id"": ""8db7b7a9-656d-4764-95ff-163be9e059d9""}, ""use"": [{""@id"": ""http://pcdm.org/use#OriginalFile""}], ""size"": [""59796536""], ""label"": [""00000202.tif""], ""width"": [""3680""], ""bounds"": [], ""height"": [""5411""], ""checksum"": [{""id"": null, ""md5"": ""6db6334f7273f129827b3ce1d5c11b54"", ""sha1"": ""7d56f9fdb15bb501bc70444e0bf9f7be945718fd"", ""sha256"": ""9ef97355ce7f1b8570509b6b842e9589bbfa1cb4e4779c31ed72ff6eb8858b51"", ""created_at"": null, ""new_record"": true, ""updated_at"": null, ""internal_resource"": ""MultiChecksum""}], ""duration"": [], ""geometry"": [], ""producer"": [], ""software"": [], ""mime_type"": [""image/tiff""], ""change_set"": null, ""created_at"": ""2026-09-29T21:09:50+00:00"", ""edit_users"": [], ""new_record"": true, ""page_count"": null, ""read_users"": [], ""updated_at"": ""2026-09-29T21:09:50+00:00"", ""edit_groups"": [], ""read_groups"": [], ""camera_model"": [], ""x_resolution"": [], ""y_resolution"": [], ""error_message"": [], ""bits_per_sample"": [], ""processing_note"": [], ""caption_language"": [], ""file_identifiers"": [{""id"": ""disk:///opt/repository/files/8d/b7/b7/8db7b7a9656d476495ff163be9e059d9/00000202.tif""}], ""internal_resource"": ""FileMetadata"", ""original_filename"": [""00000202.tif""], ""source_media_type"": [], ""date_of_digitization"": [], ""preservation_copy_of_id"": null, ""original_language_caption"": null}, {""id"": {""id"": ""c17087fa-6201-401b-b0c8-2e9ecc8dd9aa""}, ""use"": [{""@id"": ""http://pcdm.org/use#ServiceFile""}], ""size"": [], ""label"": [""intermediate_file.tif""], ""width"": [], ""bounds"": [], ""height"": [], ""checksum"": [], ""duration"": [], ""geometry"": [], ""producer"": [], ""software"": [], ""mime_type"": [""image/tiff""], ""change_set"": null, ""created_at"": ""2026-09-29T21:12:34+00:00"", ""edit_users"": [], ""new_record"": true, ""page_count"": null, ""read_users"": [], ""updated_at"": ""2026-09-29T21:12:34+00:00"", ""edit_groups"": [], ""read_groups"": [], ""camera_model"": [], ""x_resolution"": [], ""y_resolution"": [], ""error_message"": [], ""bits_per_sample"": [], ""processing_note"": [], ""caption_language"": [], ""file_identifiers"": [{""id"": ""pyramidal-derivatives-shrine://c1/70/87/c17087fa6201401bb0c82e9ecc8dd9aa/intermediate_file.tif""}], ""internal_resource"": ""FileMetadata"", ""original_filename"": [""intermediate_file.tif""], ""source_media_type"": [], ""date_of_digitization"": [], ""preservation_copy_of_id"": null, ""original_language_caption"": null}], ""service_targets"": [], ""cached_parent_id"": [{""id"": ""b7f6f438-4363-4003-8b74-779b5e31f210""}], ""processing_status"": [""processed""], ""optimistic_lock_token"": [{""token"": ""3"", ""adapter_id"": {""id"": ""746f06acf4d573bebd8c8a500b398589""}}]}",2026-09-29 21:10:38.091582,2026-09-30 13:41:29.523064,FileSet,4
12d801d6-abcc-4a7d-ab00-5c5b8f278c58,"{""part"": [], ""side"": [], ""title"": [""00000203.tif""], ""barcode"": [], ""edit_users"": [], ""highlights"": [], ""member_ids"": [], ""read_users"": [], ""edit_groups"": [], ""read_groups"": [""public""], ""file_metadata"": [{""id"": {""id"": ""9af2e8f6-84de-419c-9e61-6b9ab24884fd""}, ""use"": [{""@id"": ""http://pcdm.org/use#OriginalFile""}], ""size"": [""55769506""], ""label"": [""00000203.tif""], ""width"": [""3529""], ""bounds"": [], ""height"": [""5262""], ""checksum"": [{""id"": null, ""md5"": ""1f47f1eb808953ac09936be02c83eec1"", ""sha1"": ""36e3f2d7b8f1ca34514d3e6bb04849ea0aceb293"", ""sha256"": ""e42fe47c1db6dc2ac0b2c60af337f2df6ec6a94b7f60676828a66265ed227eae"", ""created_at"": null, ""new_record"": true, ""updated_at"": null, ""internal_resource"": ""MultiChecksum""}], ""duration"": [], ""geometry"": [], ""producer"": [], ""software"": [], ""mime_type"": [""image/tiff""], ""change_set"": null, ""created_at"": ""2026-09-29T21:09:54+00:00"", ""edit_users"": [], ""new_record"": true, ""page_count"": null, ""read_users"": [], ""updated_at"": ""2026-09-29T21:09:54+00:00"", ""edit_groups"": [], ""read_groups"": [], ""camera_model"": [], ""x_resolution"": [], ""y_resolution"": [], ""error_message"": [], ""bits_per_sample"": [], ""processing_note"": [], ""caption_language"": [], ""file_identifiers"": [{""id"": ""disk:///opt/repository/files/9a/f2/e8/9af2e8f684de419c9e616b9ab24884fd/00000203.tif""}], ""internal_resource"": ""FileMetadata"", ""original_filename"": [""00000203.tif""], ""source_media_type"": [], ""date_of_digitization"": [], ""preservation_copy_of_id"": null, ""original_language_caption"": null}, {""id"": {""id"": ""7573ddfb-9dcc-4b2e-b043-3d12608f9ff3""}, ""use"": [{""@id"": ""http://pcdm.org/use#ServiceFile""}], ""size"": [], ""label"": [""intermediate_file.tif""], ""width"": [], ""bounds"": [], ""height"": [], ""checksum"": [], ""duration"": [], ""geometry"": [], ""producer"": [], ""software"": [], ""mime_type"": [""image/tiff""], ""change_set"": null, ""created_at"": ""2026-09-29T21:12:26+00:00"", ""edit_users"": [], ""new_record"": true, ""page_count"": null, ""read_users"": [], ""updated_at"": ""2026-09-29T21:12:26+00:00"", ""edit_groups"": [], ""read_groups"": [], ""camera_model"": [], ""x_resolution"": [], ""y_resolution"": [], ""error_message"": [], ""bits_per_sample"": [], ""processing_note"": [], ""caption_language"": [], ""file_identifiers"": [{""id"": ""pyramidal-derivatives-shrine://75/73/dd/7573ddfb9dcc4b2eb0433d12608f9ff3/intermediate_file.tif""}], ""internal_resource"": ""FileMetadata"", ""original_filename"": [""intermediate_file.tif""], ""source_media_type"": [], ""date_of_digitization"": [], ""preservation_copy_of_id"": null, ""original_language_caption"": null}], ""service_targets"": [], ""cached_parent_id"": [{""id"": ""b7f6f438-4363-4003-8b74-779b5e31f210""}], ""processing_status"": [""processed""], ""optimistic_lock_token"": [{""token"": ""3"", ""adapter_id"": {""id"": ""746f06acf4d573bebd8c8a500b398589""}}]}",2026-09-29 21:10:38.097806,2026-09-30 13:41:29.540924,FileSet,4
08f82e1d-a4fd-464c-bb1c-0422bb54d52a,"{""part"": [], ""side"": [], ""title"": [""00000204.tif""], ""barcode"": [], ""edit_users"": [], ""highlights"": [], ""member_ids"": [], ""read_users"": [], ""edit_groups"": [], ""read_groups"": [""public""], ""file_metadata"": [{""id"": {""id"": ""37162fa7-34e8-4f09-a21c-aaf062b4f532""}, ""use"": [{""@id"": ""http://pcdm.org/use#OriginalFile""}], ""size"": [""59796536""], ""label"": [""00000204.tif""], ""width"": [""3680""], ""bounds"": [], ""height"": [""5411""], ""checksum"": [{""id"": null, ""md5"": ""548bd9677a31508a14bf71b85adbecb2"", ""sha1"": ""c64175a332b97efe2779b1a90f21e4b01d8772df"", ""sha256"": ""e7c73d6f881b13dc90527a0b1c7345eb0421f49e9b1bba3eb44e123a2a9280dd"", ""created_at"": null, ""new_record"": true, ""updated_at"": null, ""internal_resource"": ""MultiChecksum""}], ""duration"": [], ""geometry"": [], ""producer"": [], ""software"": [], ""mime_type"": [""image/tiff""], ""change_set"": null, ""created_at"": ""2026-09-29T21:09:59+00:00"", ""edit_users"": [], ""new_record"": true, ""page_count"": null, ""read_users"": [], ""updated_at"": ""2026-09-29T21:09:59+00:00"", ""edit_groups"": [], ""read_groups"": [], ""camera_model"": [], ""x_resolution"": [], ""y_resolution"": [], ""error_message"": [], ""bits_per_sample"": [], ""processing_note"": [], ""caption_language"": [], ""file_identifiers"": [{""id"": ""disk:///opt/repository/files/37/16/2f/37162fa734e84f09a21caaf062b4f532/00000204.tif""}], ""internal_resource"": ""FileMetadata"", ""original_filename"": [""00000204.tif""], ""source_media_type"": [], ""date_of_digitization"": [], ""preservation_copy_of_id"": null, ""original_language_caption"": null}, {""id"": {""id"": ""b31cf2a2-fb62-400d-acde-e07be64b3f53""}, ""use"": [{""@id"": ""http://pcdm.org/use#ServiceFile""}], ""size"": [], ""label"": [""intermediate_file.tif""], ""width"": [], ""bounds"": [], ""height"": [], ""checksum"": [], ""duration"": [], ""geometry"": [], ""producer"": [], ""software"": [], ""mime_type"": [""image/tiff""], ""change_set"": null, ""created_at"": ""2026-09-29T21:11:15+00:00"", ""edit_users"": [], ""new_record"": true, ""page_count"": null, ""read_users"": [], ""updated_at"": ""2026-09-29T21:11:15+00:00"", ""edit_groups"": [], ""read_groups"": [], ""camera_model"": [], ""x_resolution"": [], ""y_resolution"": [], ""error_message"": [], ""bits_per_sample"": [], ""processing_note"": [], ""caption_language"": [], ""file_identifiers"": [{""id"": ""pyramidal-derivatives-shrine://b3/1c/f2/b31cf2a2fb62400dacdee07be64b3f53/intermediate_file.tif""}], ""internal_resource"": ""FileMetadata"", ""original_filename"": [""intermediate_file.tif""], ""source_media_type"": [], ""date_of_digitization"": [], ""preservation_copy_of_id"": null, ""original_language_caption"": null}], ""service_targets"": [], ""cached_parent_id"": [{""id"": ""b7f6f438-4363-4003-8b74-779b5e31f210""}], ""processing_status"": [""processed""], ""optimistic_lock_token"": [{""token"": ""3"", ""adapter_id"": {""id"": ""746f06acf4d573bebd8c8a500b398589""}}]}",2026-09-29 21:10:38.102708,2026-09-30 13:41:29.555932,FileSet,4
88ee1728-4f2e-4cda-b238-10066a27eb8a,"{""part"": [], ""side"": [], ""title"": [""00000205.tif""], ""barcode"": [], ""edit_users"": [], ""highlights"": [], ""member_ids"": [], ""read_users"": [], ""edit_groups"": [], ""read_groups"": [""public""], ""file_metadata"": [{""id"": {""id"": ""8e4c98d7-b075-46ec-a908-5ebda0913d7d""}, ""use"": [{""@id"": ""http://pcdm.org/use#OriginalFile""}], ""size"": [""55769506""], ""label"": [""00000205.tif""], ""width"": [""3529""], ""bounds"": [], ""height"": [""5262""], ""checksum"": [{""id"": null, ""md5"": ""8cd3e0508709342a3e5da11fd5a80e97"", ""sha1"": ""aa2e5d0060a3cf007e5aaf71104c85138a898f82"", ""sha256"": ""5bb41f918886a9fcf800b834a360ead5e55772987444ceb9c9504d9a25e967c1"", ""created_at"": null, ""new_record"": true, ""updated_at"": null, ""internal_resource"": ""MultiChecksum""}], ""duration"": [], ""geometry"": [], ""producer"": [], ""software"": [], ""mime_type"": [""image/tiff""], ""change_set"": null, ""created_at"": ""2026-09-29T21:10:03+00:00"", ""edit_users"": [], ""new_record"": true, ""page_count"": null, ""read_users"": [], ""updated_at"": ""2026-09-29T21:10:03+00:00"", ""edit_groups"": [], ""read_groups"": [], ""camera_model"": [], ""x_resolution"": [], ""y_resolution"": [], ""error_message"": [], ""bits_per_sample"": [], ""processing_note"": [], ""caption_language"": [], ""file_identifiers"": [{""id"": ""disk:///opt/repository/files/8e/4c/98/8e4c98d7b07546eca9085ebda0913d7d/00000205.tif""}], ""internal_resource"": ""FileMetadata"", ""original_filename"": [""00000205.tif""], ""source_media_type"": [], ""date_of_digitization"": [], ""preservation_copy_of_id"": null, ""original_language_caption"": null}, {""id"": {""id"": ""53436e0a-db70-484a-8a0c-80f8d3b1b0f9""}, ""use"": [{""@id"": ""http://pcdm.org/use#ServiceFile""}], ""size"": [], ""label"": [""intermediate_file.tif""], ""width"": [], ""bounds"": [], ""height"": [], ""checksum"": [], ""duration"": [], ""geometry"": [], ""producer"": [], ""software"": [], ""mime_type"": [""image/tiff""], ""change_set"": null, ""created_at"": ""2026-09-29T21:11:13+00:00"", ""edit_users"": [], ""new_record"": true, ""page_count"": null, ""read_users"": [], ""updated_at"": ""2026-09-29T21:11:13+00:00"", ""edit_groups"": [], ""read_groups"": [], ""camera_model"": [], ""x_resolution"": [], ""y_resolution"": [], ""error_message"": [], ""bits_per_sample"": [], ""processing_note"": [], ""caption_language"": [], ""file_identifiers"": [{""id"": ""pyramidal-derivatives-shrine://53/43/6e/53436e0adb70484a8a0c80f8d3b1b0f9/intermediate_file.tif""}], ""internal_resource"": ""FileMetadata"", ""original_filename"": [""intermediate_file.tif""], ""source_media_type"": [], ""date_of_digitization"": [], ""preservation_copy_of_id"": null, ""original_language_caption"": null}], ""service_targets"": [], ""cached_parent_id"": [{""id"": ""b7f6f438-4363-4003-8b74-779b5e31f210""}], ""processing_status"": [""processed""], ""optimistic_lock_token"": [{""token"": ""3"", ""adapter_id"": {""id"": ""746f06acf4d573bebd8c8a500b398589""}}]}",2026-09-29 21:10:38.107045,2026-09-30 13:41:29.573541,FileSet,4
70b2ba04-88fa-4a7d-b26b-d6b17f3d5692,"{""part"": [], ""side"": [], ""title"": [""00000206.tif""], ""barcode"": [], ""edit_users"": [], ""highlights"": [], ""member_ids"": [], ""read_users"": [], ""edit_groups"": [], ""read_groups"": [""public""], ""file_metadata"": [{""id"": {""id"": ""23d597f5-9a9a-41c0-ac84-7c503e3eb18c""}, ""use"": [{""@id"": ""http://pcdm.org/use#OriginalFile""}], ""size"": [""59796536""], ""label"": [""00000206.tif""], ""width"": [""3680""], ""bounds"": [], ""height"": [""5411""], ""checksum"": [{""id"": null, ""md5"": ""22ede0f0e872751770dee80643dd421c"", ""sha1"": ""423d71f3f79689da446f1aa3e49c47888a155aaa"", ""sha256"": ""bed1e1906817d55e3cc26dc89308441ba460489904281b758731a4f4188f208a"", ""created_at"": null, ""new_record"": true, ""updated_at"": null, ""internal_resource"": ""MultiChecksum""}], ""duration"": [], ""geometry"": [], ""producer"": [], ""software"": [], ""mime_type"": [""image/tiff""], ""change_set"": null, ""created_at"": ""2026-09-29T21:10:09+00:00"", ""edit_users"": [], ""new_record"": true, ""page_count"": null, ""read_users"": [], ""updated_at"": ""2026-09-29T21:10:09+00:00"", ""edit_groups"": [], ""read_groups"": [], ""camera_model"": [], ""x_resolution"": [], ""y_resolution"": [], ""error_message"": [], ""bits_per_sample"": [], ""processing_note"": [], ""caption_language"": [], ""file_identifiers"": [{""id"": ""disk:///opt/repository/files/23/d5/97/23d597f59a9a41c0ac847c503e3eb18c/00000206.tif""}], ""internal_resource"": ""FileMetadata"", ""original_filename"": [""00000206.tif""], ""source_media_type"": [], ""date_of_digitization"": [], ""preservation_copy_of_id"": null, ""original_language_caption"": null}, {""id"": {""id"": ""939cbdda-b3be-4753-a35a-a18310c2a8ef""}, ""use"": [{""@id"": ""http://pcdm.org/use#ServiceFile""}], ""size"": [], ""label"": [""intermediate_file.tif""], ""width"": [], ""bounds"": [], ""height"": [], ""checksum"": [], ""duration"": [], ""geometry"": [], ""producer"": [], ""software"": [], ""mime_type"": [""image/tiff""], ""change_set"": null, ""created_at"": ""2026-09-29T21:12:34+00:00"", ""edit_users"": [], ""new_record"": true, ""page_count"": null, ""read_users"": [], ""updated_at"": ""2026-09-29T21:12:34+00:00"", ""edit_groups"": [], ""read_groups"": [], ""camera_model"": [], ""x_resolution"": [], ""y_resolution"": [], ""error_message"": [], ""bits_per_sample"": [], ""processing_note"": [], ""caption_language"": [], ""file_identifiers"": [{""id"": ""pyramidal-derivatives-shrine://93/9c/bd/939cbddab3be4753a35aa18310c2a8ef/intermediate_file.tif""}], ""internal_resource"": ""FileMetadata"", ""original_filename"": [""intermediate_file.tif""], ""source_media_type"": [], ""date_of_digitization"": [], ""preservation_copy_of_id"": null, ""original_language_caption"": null}], ""service_targets"": [], ""cached_parent_id"": [{""id"": ""b7f6f438-4363-4003-8b74-779b5e31f210""}], ""processing_status"": [""processed""], ""optimistic_lock_token"": [{""token"": ""3"", ""adapter_id"": {""id"": ""746f06acf4d573bebd8c8a500b398589""}}]}",2026-09-29 21:10:38.111351,2026-09-30 13:41:29.593086,FileSet,4
aed9fc0f-3d89-464e-a453-e0c00f73bf61,"{""part"": [], ""side"": [], ""title"": [""00000207.tif""], ""barcode"": [], ""edit_users"": [], ""highlights"": [], ""member_ids"": [], ""read_users"": [], ""edit_groups"": [], ""read_groups"": [""public""], ""file_metadata"": [{""id"": {""id"": ""1454a1f0-eb64-4957-9c73-734bf4d0654c""}, ""use"": [{""@id"": ""http://pcdm.org/use#OriginalFile""}], ""size"": [""55769506""], ""label"": [""00000207.tif""], ""width"": [""3529""], ""bounds"": [], ""height"": [""5262""], ""checksum"": [{""id"": null, ""md5"": ""80c60da1741d5f1c09ea911ada285f5f"", ""sha1"": ""a2012b2b339930f4cf7660e0dd6a45803c354e22"", ""sha256"": ""e54f8d18647c17e8a1e109bc624d8dd68d920ae28f2c90d112010309ae2a4c03"", ""created_at"": null, ""new_record"": true, ""updated_at"": null, ""internal_resource"": ""MultiChecksum""}], ""duration"": [], ""geometry"": [], ""producer"": [], ""software"": [], ""mime_type"": [""image/tiff""], ""change_set"": null, ""created_at"": ""2026-09-29T21:10:14+00:00"", ""edit_users"": [], ""new_record"": true, ""page_count"": null, ""read_users"": [], ""updated_at"": ""2026-09-29T21:10:14+00:00"", ""edit_groups"": [], ""read_groups"": [], ""camera_model"": [], ""x_resolution"": [], ""y_resolution"": [], ""error_message"": [], ""bits_per_sample"": [], ""processing_note"": [], ""caption_language"": [], ""file_identifiers"": [{""id"": ""disk:///opt/repository/files/14/54/a1/1454a1f0eb6449579c73734bf4d0654c/00000207.tif""}], ""internal_resource"": ""FileMetadata"", ""original_filename"": [""00000207.tif""], ""source_media_type"": [], ""date_of_digitization"": [], ""preservation_copy_of_id"": null, ""original_language_caption"": null}, {""id"": {""id"": ""70f5b664-09ce-4b67-a7ff-9687c8049fc8""}, ""use"": [{""@id"": ""http://pcdm.org/use#ServiceFile""}], ""size"": [], ""label"": [""intermediate_file.tif""], ""width"": [], ""bounds"": [], ""height"": [], ""checksum"": [], ""duration"": [], ""geometry"": [], ""producer"": [], ""software"": [], ""mime_type"": [""image/tiff""], ""change_set"": null, ""created_at"": ""2026-09-29T21:12:26+00:00"", ""edit_users"": [], ""new_record"": true, ""page_count"": null, ""read_users"": [], ""updated_at"": ""2026-09-29T21:12:26+00:00"", ""edit_groups"": [], ""read_groups"": [], ""camera_model"": [], ""x_resolution"": [], ""y_resolution"": [], ""error_message"": [], ""bits_per_sample"": [], ""processing_note"": [], ""caption_language"": [], ""file_identifiers"": [{""id"": ""pyramidal-derivatives-shrine://70/f5/b6/70f5b66409ce4b67a7ff9687c8049fc8/intermediate_file.tif""}], ""internal_resource"": ""FileMetadata"", ""original_filename"": [""intermediate_file.tif""], ""source_media_type"": [], ""date_of_digitization"": [], ""preservation_copy_of_id"": null, ""original_language_caption"": null}], ""service_targets"": [], ""cached_parent_id"": [{""id"": ""b7f6f438-4363-4003-8b74-779b5e31f210""}], ""processing_status"": [""processed""], ""optimistic_lock_token"": [{""token"": ""3"", ""adapter_id"": {""id"": ""746f06acf4d573bebd8c8a500b398589""}}]}",2026-09-29 21:10:38.11618,2026-09-30 13:41:29.607835,FileSet,4
86393174-db2b-4e0f-bd35-d191d606fa51,"{""part"": [], ""side"": [], ""title"": [""00000208.tif""], ""barcode"": [], ""edit_users"": [], ""highlights"": [], ""member_ids"": [], ""read_users"": [], ""edit_groups"": [], ""read_groups"": [""public""], ""file_metadata"": [{""id"": {""id"": ""6e94836d-012b-493d-969c-5ebd13b74864""}, ""use"": [{""@id"": ""http://pcdm.org/use#OriginalFile""}], ""size"": [""59796536""], ""label"": [""00000208.tif""], ""width"": [""3680""], ""bounds"": [], ""height"": [""5411""], ""checksum"": [{""id"": null, ""md5"": ""4ba64a5edac89a655772b61419b87d6d"", ""sha1"": ""c4fbcb5bceadf444ae7676b375a84666959c4469"", ""sha256"": ""817e5d85f2aefbedd3769f34427c6602f664c4991d7ac1d11544ade4fb36a6f0"", ""created_at"": null, ""new_record"": true, ""updated_at"": null, ""internal_resource"": ""MultiChecksum""}], ""duration"": [], ""geometry"": [], ""producer"": [], ""software"": [], ""mime_type"": [""image/tiff""], ""change_set"": null, ""created_at"": ""2026-09-29T21:10:19+00:00"", ""edit_users"": [], ""new_record"": true, ""page_count"": null, ""read_users"": [], ""updated_at"": ""2026-09-29T21:10:19+00:00"", ""edit_groups"": [], ""read_groups"": [], ""camera_model"": [], ""x_resolution"": [], ""y_resolution"": [], ""error_message"": [], ""bits_per_sample"": [], ""processing_note"": [], ""caption_language"": [], ""file_identifiers"": [{""id"": ""disk:///opt/repository/files/6e/94/83/6e94836d012b493d969c5ebd13b74864/00000208.tif""}], ""internal_resource"": ""FileMetadata"", ""original_filename"": [""00000208.tif""], ""source_media_type"": [], ""date_of_digitization"": [], ""preservation_copy_of_id"": null, ""original_language_caption"": null}, {""id"": {""id"": ""6b128ef5-3c2c-458e-87ee-022bca58d696""}, ""use"": [{""@id"": ""http://pcdm.org/use#ServiceFile""}], ""size"": [], ""label"": [""intermediate_file.tif""], ""width"": [], ""bounds"": [], ""height"": [], ""checksum"": [], ""duration"": [], ""geometry"": [], ""producer"": [], ""software"": [], ""mime_type"": [""image/tiff""], ""change_set"": null, ""created_at"": ""2026-09-29T21:11:16+00:00"", ""edit_users"": [], ""new_record"": true, ""page_count"": null, ""read_users"": [], ""updated_at"": ""2026-09-29T21:11:16+00:00"", ""edit_groups"": [], ""read_groups"": [], ""camera_model"": [], ""x_resolution"": [], ""y_resolution"": [], ""error_message"": [], ""bits_per_sample"": [], ""processing_note"": [], ""caption_language"": [], ""file_identifiers"": [{""id"": ""pyramidal-derivatives-shrine://6b/12/8e/6b128ef53c2c458e87ee022bca58d696/intermediate_file.tif""}], ""internal_resource"": ""FileMetadata"", ""original_filename"": [""intermediate_file.tif""], ""source_media_type"": [], ""date_of_digitization"": [], ""preservation_copy_of_id"": null, ""original_language_caption"": null}], ""service_targets"": [], ""cached_parent_id"": [{""id"": ""b7f6f438-4363-4003-8b74-779b5e31f210""}], ""processing_status"": [""processed""], ""optimistic_lock_token"": [{""token"": ""3"", ""adapter_id"": {""id"": ""746f06acf4d573bebd8c8a500b398589""}}]}",2026-09-29 21:10:38.120518,2026-09-30 13:41:29.622716,FileSet,4
00f94d9a-3997-42c5-b3ae-5345bdb70f78,"{""part"": [], ""side"": [], ""title"": [""00000209.tif""], ""barcode"": [], ""edit_users"": [], ""highlights"": [], ""member_ids"": [], ""read_users"": [], ""edit_groups"": [], ""read_groups"": [""public""], ""file_metadata"": [{""id"": {""id"": ""8890481d-c377-4984-9d5d-05cf126c89cc""}, ""use"": [{""@id"": ""http://pcdm.org/use#OriginalFile""}], ""size"": [""55769506""], ""label"": [""00000209.tif""], ""width"": [""3529""], ""bounds"": [], ""height"": [""5262""], ""checksum"": [{""id"": null, ""md5"": ""241510a83391a5b86f67cd85845742ca"", ""sha1"": ""ccf7dad9795bbe219282fd452e93e203cc086819"", ""sha256"": ""c9120e0d78bae62d48310a7618de8252a5c1e8b7e7413ea2f2e0914e7b8b7e50"", ""created_at"": null, ""new_record"": true, ""updated_at"": null, ""internal_resource"": ""MultiChecksum""}], ""duration"": [], ""geometry"": [], ""producer"": [], ""software"": [], ""mime_type"": [""image/tiff""], ""change_set"": null, ""created_at"": ""2026-09-29T21:10:27+00:00"", ""edit_users"": [], ""new_record"": true, ""page_count"": null, ""read_users"": [], ""updated_at"": ""2026-09-29T21:10:27+00:00"", ""edit_groups"": [], ""read_groups"": [], ""camera_model"": [], ""x_resolution"": [], ""y_resolution"": [], ""error_message"": [], ""bits_per_sample"": [], ""processing_note"": [], ""caption_language"": [], ""file_identifiers"": [{""id"": ""disk:///opt/repository/files/88/90/48/8890481dc37749849d5d05cf126c89cc/00000209.tif""}], ""internal_resource"": ""FileMetadata"", ""original_filename"": [""00000209.tif""], ""source_media_type"": [], ""date_of_digitization"": [], ""preservation_copy_of_id"": null, ""original_language_caption"": null}, {""id"": {""id"": ""016ce047-15b7-40e3-92c2-edec85660948""}, ""use"": [{""@id"": ""http://pcdm.org/use#ServiceFile""}], ""size"": [], ""label"": [""intermediate_file.tif""], ""width"": [], ""bounds"": [], ""height"": [], ""checksum"": [], ""duration"": [], ""geometry"": [], ""producer"": [], ""software"": [], ""mime_type"": [""image/tiff""], ""change_set"": null, ""created_at"": ""2026-09-29T21:11:14+00:00"", ""edit_users"": [], ""new_record"": true, ""page_count"": null, ""read_users"": [], ""updated_at"": ""2026-09-29T21:11:14+00:00"", ""edit_groups"": [], ""read_groups"": [], ""camera_model"": [], ""x_resolution"": [], ""y_resolution"": [], ""error_message"": [], ""bits_per_sample"": [], ""processing_note"": [], ""caption_language"": [], ""file_identifiers"": [{""id"": ""pyramidal-derivatives-shrine://01/6c/e0/016ce04715b740e392c2edec85660948/intermediate_file.tif""}], ""internal_resource"": ""FileMetadata"", ""original_filename"": [""intermediate_file.tif""], ""source_media_type"": [], ""date_of_digitization"": [], ""preservation_copy_of_id"": null, ""original_language_caption"": null}], ""service_targets"": [], ""cached_parent_id"": [{""id"": ""b7f6f438-4363-4003-8b74-779b5e31f210""}], ""processing_status"": [""processed""], ""optimistic_lock_token"": [{""token"": ""3"", ""adapter_id"": {""id"": ""746f06acf4d573bebd8c8a500b398589""}}]}",2026-09-29 21:10:38.124675,2026-09-30 13:41:29.637339,FileSet,4
6b4cef6f-b29a-41a3-9eb5-4aa39095b409,"{""part"": [], ""side"": [], ""title"": [""00000210.tif""], ""barcode"": [], ""edit_users"": [], ""highlights"": [], ""member_ids"": [], ""read_users"": [], ""edit_groups"": [], ""read_groups"": [""public""], ""file_metadata"": [{""id"": {""id"": ""9ab4f459-64ec-4931-a283-c2c9f18d3728""}, ""use"": [{""@id"": ""http://pcdm.org/use#OriginalFile""}], ""size"": [""59796536""], ""label"": [""00000210.tif""], ""width"": [""3680""], ""bounds"": [], ""height"": [""5411""], ""checksum"": [{""id"": null, ""md5"": ""b7d0b132c45fffd36941eb4181d253ee"", ""sha1"": ""2c2d2777e7fb627d71d9e16ff239e1cc679f3416"", ""sha256"": ""3a3e2e3a4dc26885dd39958398e30e30dc40c35108a738adf20e6a2528192daa"", ""created_at"": null, ""new_record"": true, ""updated_at"": null, ""internal_resource"": ""MultiChecksum""}], ""duration"": [], ""geometry"": [], ""producer"": [], ""software"": [], ""mime_type"": [""image/tiff""], ""change_set"": null, ""created_at"": ""2026-09-29T21:10:30+00:00"", ""edit_users"": [], ""new_record"": true, ""page_count"": null, ""read_users"": [], ""updated_at"": ""2026-09-29T21:10:30+00:00"", ""edit_groups"": [], ""read_groups"": [], ""camera_model"": [], ""x_resolution"": [], ""y_resolution"": [], ""error_message"": [], ""bits_per_sample"": [], ""processing_note"": [], ""caption_language"": [], ""file_identifiers"": [{""id"": ""disk:///opt/repository/files/9a/b4/f4/9ab4f45964ec4931a283c2c9f18d3728/00000210.tif""}], ""internal_resource"": ""FileMetadata"", ""original_filename"": [""00000210.tif""], ""source_media_type"": [], ""date_of_digitization"": [], ""preservation_copy_of_id"": null, ""original_language_caption"": null}, {""id"": {""id"": ""bc16522f-a43d-45a0-8b8f-6a8be2478745""}, ""use"": [{""@id"": ""http://pcdm.org/use#ServiceFile""}], ""size"": [], ""label"": [""intermediate_file.tif""], ""width"": [], ""bounds"": [], ""height"": [], ""checksum"": [], ""duration"": [], ""geometry"": [], ""producer"": [], ""software"": [], ""mime_type"": [""image/tiff""], ""change_set"": null, ""created_at"": ""2026-09-29T21:12:33+00:00"", ""edit_users"": [], ""new_record"": true, ""page_count"": null, ""read_users"": [], ""updated_at"": ""2026-09-29T21:12:33+00:00"", ""edit_groups"": [], ""read_groups"": [], ""camera_model"": [], ""x_resolution"": [], ""y_resolution"": [], ""error_message"": [], ""bits_per_sample"": [], ""processing_note"": [], ""caption_language"": [], ""file_identifiers"": [{""id"": ""pyramidal-derivatives-shrine://bc/16/52/bc16522fa43d45a08b8f6a8be2478745/intermediate_file.tif""}], ""internal_resource"": ""FileMetadata"", ""original_filename"": [""intermediate_file.tif""], ""source_media_type"": [], ""date_of_digitization"": [], ""preservation_copy_of_id"": null, ""original_language_caption"": null}], ""service_targets"": [], ""cached_parent_id"": [{""id"": ""b7f6f438-4363-4003-8b74-779b5e31f210""}], ""processing_status"": [""processed""], ""optimistic_lock_token"": [{""token"": ""3"", ""adapter_id"": {""id"": ""746f06acf4d573bebd8c8a500b398589""}}]}",2026-09-29 21:10:38.128423,2026-09-30 13:41:29.652138,FileSet,4
05caac1e-6ed4-4829-8943-37f9ccb08835,"{""part"": [], ""side"": [], ""title"": [""00000211.tif""], ""barcode"": [], ""edit_users"": [], ""highlights"": [], ""member_ids"": [], ""read_users"": [], ""edit_groups"": [], ""read_groups"": [""public""], ""file_metadata"": [{""id"": {""id"": ""3690ab8a-f129-4914-9f8a-a5cb66791942""}, ""use"": [{""@id"": ""http://pcdm.org/use#OriginalFile""}], ""size"": [""55769506""], ""label"": [""00000211.tif""], ""width"": [""3529""], ""bounds"": [], ""height"": [""5262""], ""checksum"": [{""id"": null, ""md5"": ""46ac46107e9d1518fe16c6f841460873"", ""sha1"": ""9a8a5589cf4ce46402334a69ae491b81306b77ba"", ""sha256"": ""98dd139fce50b31835378f13cb16cb814689c8465a8c9395e7b8128e04c4204c"", ""created_at"": null, ""new_record"": true, ""updated_at"": null, ""internal_resource"": ""MultiChecksum""}], ""duration"": [], ""geometry"": [], ""producer"": [], ""software"": [], ""mime_type"": [""image/tiff""], ""change_set"": null, ""created_at"": ""2026-09-29T21:10:38+00:00"", ""edit_users"": [], ""new_record"": true, ""page_count"": null, ""read_users"": [], ""updated_at"": ""2026-09-29T21:10:38+00:00"", ""edit_groups"": [], ""read_groups"": [], ""camera_model"": [], ""x_resolution"": [], ""y_resolution"": [], ""error_message"": [], ""bits_per_sample"": [], ""processing_note"": [], ""caption_language"": [], ""file_identifiers"": [{""id"": ""disk:///opt/repository/files/36/90/ab/3690ab8af12949149f8aa5cb66791942/00000211.tif""}], ""internal_resource"": ""FileMetadata"", ""original_filename"": [""00000211.tif""], ""source_media_type"": [], ""date_of_digitization"": [], ""preservation_copy_of_id"": null, ""original_language_caption"": null}, {""id"": {""id"": ""5e053479-bb9d-4134-8978-09e031631960""}, ""use"": [{""@id"": ""http://pcdm.org/use#ServiceFile""}], ""size"": [], ""label"": [""intermediate_file.tif""], ""width"": [], ""bounds"": [], ""height"": [], ""checksum"": [], ""duration"": [], ""geometry"": [], ""producer"": [], ""software"": [], ""mime_type"": [""image/tiff""], ""change_set"": null, ""created_at"": ""2026-09-29T21:14:01+00:00"", ""edit_users"": [], ""new_record"": true, ""page_count"": null, ""read_users"": [], ""updated_at"": ""2026-09-29T21:14:01+00:00"", ""edit_groups"": [], ""read_groups"": [], ""camera_model"": [], ""x_resolution"": [], ""y_resolution"": [], ""error_message"": [], ""bits_per_sample"": [], ""processing_note"": [], ""caption_language"": [], ""file_identifiers"": [{""id"": ""pyramidal-derivatives-shrine://5e/05/34/5e053479bb9d4134897809e031631960/intermediate_file.tif""}], ""internal_resource"": ""FileMetadata"", ""original_filename"": [""intermediate_file.tif""], ""source_media_type"": [], ""date_of_digitization"": [], ""preservation_copy_of_id"": null, ""original_language_caption"": null}], ""service_targets"": [], ""cached_parent_id"": [{""id"": ""b7f6f438-4363-4003-8b74-779b5e31f210""}], ""processing_status"": [""processed""], ""optimistic_lock_token"": [{""token"": ""3"", ""adapter_id"": {""id"": ""746f06acf4d573bebd8c8a500b398589""}}]}",2026-09-29 21:11:34.27693,2026-09-30 13:41:29.666979,FileSet,4
0921535e-f34f-4d26-a997-d2acd35ec108,"{""part"": [], ""side"": [], ""title"": [""00000212.tif""], ""barcode"": [], ""edit_users"": [], ""highlights"": [], ""member_ids"": [], ""read_users"": [], ""edit_groups"": [], ""read_groups"": [""public""], ""file_metadata"": [{""id"": {""id"": ""3a7b9487-cc00-4cd5-9d8c-c20dfed594c3""}, ""use"": [{""@id"": ""http://pcdm.org/use#OriginalFile""}], ""size"": [""59796536""], ""label"": [""00000212.tif""], ""width"": [""3680""], ""bounds"": [], ""height"": [""5411""], ""checksum"": [{""id"": null, ""md5"": ""c5b0eb6f490f1cdea74611de1eea8e1c"", ""sha1"": ""47f62f48ceadfb741fb1dd363c865596d00784cd"", ""sha256"": ""4cce039adea5fda9fe35e602062dda440e8ed796732d64d8d875d45a1823aa54"", ""created_at"": null, ""new_record"": true, ""updated_at"": null, ""internal_resource"": ""MultiChecksum""}], ""duration"": [], ""geometry"": [], ""producer"": [], ""software"": [], ""mime_type"": [""image/tiff""], ""change_set"": null, ""created_at"": ""2026-09-29T21:10:47+00:00"", ""edit_users"": [], ""new_record"": true, ""page_count"": null, ""read_users"": [], ""updated_at"": ""2026-09-29T21:10:47+00:00"", ""edit_groups"": [], ""read_groups"": [], ""camera_model"": [], ""x_resolution"": [], ""y_resolution"": [], ""error_message"": [], ""bits_per_sample"": [], ""processing_note"": [], ""caption_language"": [], ""file_identifiers"": [{""id"": ""disk:///opt/repository/files/3a/7b/94/3a7b9487cc004cd59d8cc20dfed594c3/00000212.tif""}], ""internal_resource"": ""FileMetadata"", ""original_filename"": [""00000212.tif""], ""source_media_type"": [], ""date_of_digitization"": [], ""preservation_copy_of_id"": null, ""original_language_caption"": null}, {""id"": {""id"": ""44fd75ba-8d90-4394-9da4-f40a70fcd388""}, ""use"": [{""@id"": ""http://pcdm.org/use#ServiceFile""}], ""size"": [], ""label"": [""intermediate_file.tif""], ""width"": [], ""bounds"": [], ""height"": [], ""checksum"": [], ""duration"": [], ""geometry"": [], ""producer"": [], ""software"": [], ""mime_type"": [""image/tiff""], ""change_set"": null, ""created_at"": ""2026-09-29T21:14:03+00:00"", ""edit_users"": [], ""new_record"": true, ""page_count"": null, ""read_users"": [], ""updated_at"": ""2026-09-29T21:14:03+00:00"", ""edit_groups"": [], ""read_groups"": [], ""camera_model"": [], ""x_resolution"": [], ""y_resolution"": [], ""error_message"": [], ""bits_per_sample"": [], ""processing_note"": [], ""caption_language"": [], ""file_identifiers"": [{""id"": ""pyramidal-derivatives-shrine://44/fd/75/44fd75ba8d9043949da4f40a70fcd388/intermediate_file.tif""}], ""internal_resource"": ""FileMetadata"", ""original_filename"": [""intermediate_file.tif""], ""source_media_type"": [], ""date_of_digitization"": [], ""preservation_copy_of_id"": null, ""original_language_caption"": null}], ""service_targets"": [], ""cached_parent_id"": [{""id"": ""b7f6f438-4363-4003-8b74-779b5e31f210""}], ""processing_status"": [""processed""], ""optimistic_lock_token"": [{""token"": ""3"", ""adapter_id"": {""id"": ""746f06acf4d573bebd8c8a500b398589""}}]}",2026-09-29 21:11:34.282862,2026-09-30 13:41:29.685156,FileSet,4
afdf4af7-fcb1-4bf0-a522-519ae7972807,"{""part"": [], ""side"": [], ""title"": [""00000213.tif""], ""barcode"": [], ""edit_users"": [], ""highlights"": [], ""member_ids"": [], ""read_users"": [], ""edit_groups"": [], ""read_groups"": [""public""], ""file_metadata"": [{""id"": {""id"": ""b454c123-c14b-455b-aa23-f8141ad5442e""}, ""use"": [{""@id"": ""http://pcdm.org/use#OriginalFile""}], ""size"": [""54932368""], ""label"": [""00000213.tif""], ""width"": [""3476""], ""bounds"": [], ""height"": [""5262""], ""checksum"": [{""id"": null, ""md5"": ""fd07a8da862faba1dae8c88c297341d8"", ""sha1"": ""2e61fe6a4f25b461c9a8135f7c63d7b81caa80b8"", ""sha256"": ""bd3cac96c219e5baf462f212c1414339fe32968af151a8e2d4269492357d1623"", ""created_at"": null, ""new_record"": true, ""updated_at"": null, ""internal_resource"": ""MultiChecksum""}], ""duration"": [], ""geometry"": [], ""producer"": [], ""software"": [], ""mime_type"": [""image/tiff""], ""change_set"": null, ""created_at"": ""2026-09-29T21:10:55+00:00"", ""edit_users"": [], ""new_record"": true, ""page_count"": null, ""read_users"": [], ""updated_at"": ""2026-09-29T21:10:55+00:00"", ""edit_groups"": [], ""read_groups"": [], ""camera_model"": [], ""x_resolution"": [], ""y_resolution"": [], ""error_message"": [], ""bits_per_sample"": [], ""processing_note"": [], ""caption_language"": [], ""file_identifiers"": [{""id"": ""disk:///opt/repository/files/b4/54/c1/b454c123c14b455baa23f8141ad5442e/00000213.tif""}], ""internal_resource"": ""FileMetadata"", ""original_filename"": [""00000213.tif""], ""source_media_type"": [], ""date_of_digitization"": [], ""preservation_copy_of_id"": null, ""original_language_caption"": null}, {""id"": {""id"": ""8a6b9369-8477-491d-af8a-dede44be4c16""}, ""use"": [{""@id"": ""http://pcdm.org/use#ServiceFile""}], ""size"": [], ""label"": [""intermediate_file.tif""], ""width"": [], ""bounds"": [], ""height"": [], ""checksum"": [], ""duration"": [], ""geometry"": [], ""producer"": [], ""software"": [], ""mime_type"": [""image/tiff""], ""change_set"": null, ""created_at"": ""2026-09-29T21:12:13+00:00"", ""edit_users"": [], ""new_record"": true, ""page_count"": null, ""read_users"": [], ""updated_at"": ""2026-09-29T21:12:13+00:00"", ""edit_groups"": [], ""read_groups"": [], ""camera_model"": [], ""x_resolution"": [], ""y_resolution"": [], ""error_message"": [], ""bits_per_sample"": [], ""processing_note"": [], ""caption_language"": [], ""file_identifiers"": [{""id"": ""pyramidal-derivatives-shrine://8a/6b/93/8a6b93698477491daf8adede44be4c16/intermediate_file.tif""}], ""internal_resource"": ""FileMetadata"", ""original_filename"": [""intermediate_file.tif""], ""source_media_type"": [], ""date_of_digitization"": [], ""preservation_copy_of_id"": null, ""original_language_caption"": null}], ""service_targets"": [], ""cached_parent_id"": [{""id"": ""b7f6f438-4363-4003-8b74-779b5e31f210""}], ""processing_status"": [""processed""], ""optimistic_lock_token"": [{""token"": ""3"", ""adapter_id"": {""id"": ""746f06acf4d573bebd8c8a500b398589""}}]}",2026-09-29 21:11:34.287247,2026-09-30 13:41:29.701616,FileSet,4
3defecb8-7384-4bd1-8883-27b2805276f7,"{""part"": [], ""side"": [], ""title"": [""00000214.tif""], ""barcode"": [], ""edit_users"": [], ""highlights"": [], ""member_ids"": [], ""read_users"": [], ""edit_groups"": [], ""read_groups"": [""public""], ""file_metadata"": [{""id"": {""id"": ""ffe90ead-58ed-4337-8c8f-c202413e4571""}, ""use"": [{""@id"": ""http://pcdm.org/use#OriginalFile""}], ""size"": [""59796536""], ""label"": [""00000214.tif""], ""width"": [""3680""], ""bounds"": [], ""height"": [""5411""], ""checksum"": [{""id"": null, ""md5"": ""1a1b063c60be88c805898478785e8958"", ""sha1"": ""bce06b7a200c9ba48c78da2afbfc3be992386007"", ""sha256"": ""2314eb9baa546832394f5f8344acc5a67e4a338b46527c523a9601985cb19921"", ""created_at"": null, ""new_record"": true, ""updated_at"": null, ""internal_resource"": ""MultiChecksum""}], ""duration"": [], ""geometry"": [], ""producer"": [], ""software"": [], ""mime_type"": [""image/tiff""], ""change_set"": null, ""created_at"": ""2026-09-29T21:10:58+00:00"", ""edit_users"": [], ""new_record"": true, ""page_count"": null, ""read_users"": [], ""updated_at"": ""2026-09-29T21:10:58+00:00"", ""edit_groups"": [], ""read_groups"": [], ""camera_model"": [], ""x_resolution"": [], ""y_resolution"": [], ""error_message"": [], ""bits_per_sample"": [], ""processing_note"": [], ""caption_language"": [], ""file_identifiers"": [{""id"": ""disk:///opt/repository/files/ff/e9/0e/ffe90ead58ed43378c8fc202413e4571/00000214.tif""}], ""internal_resource"": ""FileMetadata"", ""original_filename"": [""00000214.tif""], ""source_media_type"": [], ""date_of_digitization"": [], ""preservation_copy_of_id"": null, ""original_language_caption"": null}, {""id"": {""id"": ""1a7d332a-4cf1-4c44-ac88-e1250bcfad84""}, ""use"": [{""@id"": ""http://pcdm.org/use#ServiceFile""}], ""size"": [], ""label"": [""intermediate_file.tif""], ""width"": [], ""bounds"": [], ""height"": [], ""checksum"": [], ""duration"": [], ""geometry"": [], ""producer"": [], ""software"": [], ""mime_type"": [""image/tiff""], ""change_set"": null, ""created_at"": ""2026-09-29T21:12:13+00:00"", ""edit_users"": [], ""new_record"": true, ""page_count"": null, ""read_users"": [], ""updated_at"": ""2026-09-29T21:12:13+00:00"", ""edit_groups"": [], ""read_groups"": [], ""camera_model"": [], ""x_resolution"": [], ""y_resolution"": [], ""error_message"": [], ""bits_per_sample"": [], ""processing_note"": [], ""caption_language"": [], ""file_identifiers"": [{""id"": ""pyramidal-derivatives-shrine://1a/7d/33/1a7d332a4cf14c44ac88e1250bcfad84/intermediate_file.tif""}], ""internal_resource"": ""FileMetadata"", ""original_filename"": [""intermediate_file.tif""], ""source_media_type"": [], ""date_of_digitization"": [], ""preservation_copy_of_id"": null, ""original_language_caption"": null}], ""service_targets"": [], ""cached_parent_id"": [{""id"": ""b7f6f438-4363-4003-8b74-779b5e31f210""}], ""processing_status"": [""processed""], ""optimistic_lock_token"": [{""token"": ""3"", ""adapter_id"": {""id"": ""746f06acf4d573bebd8c8a500b398589""}}]}",2026-09-29 21:11:34.290652,2026-09-30 13:41:29.718474,FileSet,4
8d1e8568-0464-46ce-8fd5-a86c25a89e7c,"{""part"": [], ""side"": [], ""title"": [""00000215.tif""], ""barcode"": [], ""edit_users"": [], ""highlights"": [], ""member_ids"": [], ""read_users"": [], ""edit_groups"": [], ""read_groups"": [""public""], ""file_metadata"": [{""id"": {""id"": ""d0c76be0-e2d9-4d22-9502-9040e6f5e562""}, ""use"": [{""@id"": ""http://pcdm.org/use#OriginalFile""}], ""size"": [""54932368""], ""label"": [""00000215.tif""], ""width"": [""3476""], ""bounds"": [], ""height"": [""5262""], ""checksum"": [{""id"": null, ""md5"": ""e92a3626e5bb17c5db24dcbacc985dd7"", ""sha1"": ""193d311939529a131d27b33b4420da37df2101a7"", ""sha256"": ""e6ca605f852756ba8218f0c362ac8ec5fbbf7a3c04edb7b331354050d88e6985"", ""created_at"": null, ""new_record"": true, ""updated_at"": null, ""internal_resource"": ""MultiChecksum""}], ""duration"": [], ""geometry"": [], ""producer"": [], ""software"": [], ""mime_type"": [""image/tiff""], ""change_set"": null, ""created_at"": ""2026-09-29T21:11:05+00:00"", ""edit_users"": [], ""new_record"": true, ""page_count"": null, ""read_users"": [], ""updated_at"": ""2026-09-29T21:11:05+00:00"", ""edit_groups"": [], ""read_groups"": [], ""camera_model"": [], ""x_resolution"": [], ""y_resolution"": [], ""error_message"": [], ""bits_per_sample"": [], ""processing_note"": [], ""caption_language"": [], ""file_identifiers"": [{""id"": ""disk:///opt/repository/files/d0/c7/6b/d0c76be0e2d94d2295029040e6f5e562/00000215.tif""}], ""internal_resource"": ""FileMetadata"", ""original_filename"": [""00000215.tif""], ""source_media_type"": [], ""date_of_digitization"": [], ""preservation_copy_of_id"": null, ""original_language_caption"": null}, {""id"": {""id"": ""a28d1254-ac86-4746-94b2-1acdd5736e4b""}, ""use"": [{""@id"": ""http://pcdm.org/use#ServiceFile""}], ""size"": [], ""label"": [""intermediate_file.tif""], ""width"": [], ""bounds"": [], ""height"": [], ""checksum"": [], ""duration"": [], ""geometry"": [], ""producer"": [], ""software"": [], ""mime_type"": [""image/tiff""], ""change_set"": null, ""created_at"": ""2026-09-29T21:12:10+00:00"", ""edit_users"": [], ""new_record"": true, ""page_count"": null, ""read_users"": [], ""updated_at"": ""2026-09-29T21:12:10+00:00"", ""edit_groups"": [], ""read_groups"": [], ""camera_model"": [], ""x_resolution"": [], ""y_resolution"": [], ""error_message"": [], ""bits_per_sample"": [], ""processing_note"": [], ""caption_language"": [], ""file_identifiers"": [{""id"": ""pyramidal-derivatives-shrine://a2/8d/12/a28d1254ac86474694b21acdd5736e4b/intermediate_file.tif""}], ""internal_resource"": ""FileMetadata"", ""original_filename"": [""intermediate_file.tif""], ""source_media_type"": [], ""date_of_digitization"": [], ""preservation_copy_of_id"": null, ""original_language_caption"": null}], ""service_targets"": [], ""cached_parent_id"": [{""id"": ""b7f6f438-4363-4003-8b74-779b5e31f210""}], ""processing_status"": [""processed""], ""optimistic_lock_token"": [{""token"": ""3"", ""adapter_id"": {""id"": ""746f06acf4d573bebd8c8a500b398589""}}]}",2026-09-29 21:11:34.294582,2026-09-30 13:41:29.733688,FileSet,4
e5022549-2470-4bd8-b6e6-0b9f4eacb444,"{""part"": [], ""side"": [], ""title"": [""00000216.tif""], ""barcode"": [], ""edit_users"": [], ""highlights"": [], ""member_ids"": [], ""read_users"": [], ""edit_groups"": [], ""read_groups"": [""public""], ""file_metadata"": [{""id"": {""id"": ""53d04684-3994-42cd-9b3f-4555da7d805a""}, ""use"": [{""@id"": ""http://pcdm.org/use#OriginalFile""}], ""size"": [""59796536""], ""label"": [""00000216.tif""], ""width"": [""3680""], ""bounds"": [], ""height"": [""5411""], ""checksum"": [{""id"": null, ""md5"": ""6fe311dda5b1c4a59979a398ef866fba"", ""sha1"": ""bca61231eda80d77998612c2f9d6380c1895eb3a"", ""sha256"": ""87582e70df36bcb9c0a2ff8f09b2b4be3631ba57cf3c26fcf3a46126f3565f49"", ""created_at"": null, ""new_record"": true, ""updated_at"": null, ""internal_resource"": ""MultiChecksum""}], ""duration"": [], ""geometry"": [], ""producer"": [], ""software"": [], ""mime_type"": [""image/tiff""], ""change_set"": null, ""created_at"": ""2026-09-29T21:11:09+00:00"", ""edit_users"": [], ""new_record"": true, ""page_count"": null, ""read_users"": [], ""updated_at"": ""2026-09-29T21:11:09+00:00"", ""edit_groups"": [], ""read_groups"": [], ""camera_model"": [], ""x_resolution"": [], ""y_resolution"": [], ""error_message"": [], ""bits_per_sample"": [], ""processing_note"": [], ""caption_language"": [], ""file_identifiers"": [{""id"": ""disk:///opt/repository/files/53/d0/46/53d04684399442cd9b3f4555da7d805a/00000216.tif""}], ""internal_resource"": ""FileMetadata"", ""original_filename"": [""00000216.tif""], ""source_media_type"": [], ""date_of_digitization"": [], ""preservation_copy_of_id"": null, ""original_language_caption"": null}, {""id"": {""id"": ""001e4b20-e9df-4804-9531-537c1b41d0a3""}, ""use"": [{""@id"": ""http://pcdm.org/use#ServiceFile""}], ""size"": [], ""label"": [""intermediate_file.tif""], ""width"": [], ""bounds"": [], ""height"": [], ""checksum"": [], ""duration"": [], ""geometry"": [], ""producer"": [], ""software"": [], ""mime_type"": [""image/tiff""], ""change_set"": null, ""created_at"": ""2026-09-29T21:12:13+00:00"", ""edit_users"": [], ""new_record"": true, ""page_count"": null, ""read_users"": [], ""updated_at"": ""2026-09-29T21:12:13+00:00"", ""edit_groups"": [], ""read_groups"": [], ""camera_model"": [], ""x_resolution"": [], ""y_resolution"": [], ""error_message"": [], ""bits_per_sample"": [], ""processing_note"": [], ""caption_language"": [], ""file_identifiers"": [{""id"": ""pyramidal-derivatives-shrine://00/1e/4b/001e4b20e9df48049531537c1b41d0a3/intermediate_file.tif""}], ""internal_resource"": ""FileMetadata"", ""original_filename"": [""intermediate_file.tif""], ""source_media_type"": [], ""date_of_digitization"": [], ""preservation_copy_of_id"": null, ""original_language_caption"": null}], ""service_targets"": [], ""cached_parent_id"": [{""id"": ""b7f6f438-4363-4003-8b74-779b5e31f210""}], ""processing_status"": [""processed""], ""optimistic_lock_token"": [{""token"": ""3"", ""adapter_id"": {""id"": ""746f06acf4d573bebd8c8a500b398589""}}]}",2026-09-29 21:11:34.298448,2026-09-30 13:41:29.749546,FileSet,4
f91041e7-0611-49c7-aba3-d520c0ced8ef,"{""part"": [], ""side"": [], ""title"": [""00000217.tif""], ""barcode"": [], ""edit_users"": [], ""highlights"": [], ""member_ids"": [], ""read_users"": [], ""edit_groups"": [], ""read_groups"": [""public""], ""file_metadata"": [{""id"": {""id"": ""5f219411-4f7c-4c9c-94c9-81ac24c8bec6""}, ""use"": [{""@id"": ""http://pcdm.org/use#OriginalFile""}], ""size"": [""54932368""], ""label"": [""00000217.tif""], ""width"": [""3476""], ""bounds"": [], ""height"": [""5262""], ""checksum"": [{""id"": null, ""md5"": ""c78b1ee6d5342cf5024f3b5b05d4bf3b"", ""sha1"": ""7dcc363b788ccf4fe3fd0c72fa424f287a35359e"", ""sha256"": ""d33c79a678cc55c0aa12fcc7952a8b14967182e532c32445056bbd908bed9bde"", ""created_at"": null, ""new_record"": true, ""updated_at"": null, ""internal_resource"": ""MultiChecksum""}], ""duration"": [], ""geometry"": [], ""producer"": [], ""software"": [], ""mime_type"": [""image/tiff""], ""change_set"": null, ""created_at"": ""2026-09-29T21:11:15+00:00"", ""edit_users"": [], ""new_record"": true, ""page_count"": null, ""read_users"": [], ""updated_at"": ""2026-09-29T21:11:15+00:00"", ""edit_groups"": [], ""read_groups"": [], ""camera_model"": [], ""x_resolution"": [], ""y_resolution"": [], ""error_message"": [], ""bits_per_sample"": [], ""processing_note"": [], ""caption_language"": [], ""file_identifiers"": [{""id"": ""disk:///opt/repository/files/5f/21/94/5f2194114f7c4c9c94c981ac24c8bec6/00000217.tif""}], ""internal_resource"": ""FileMetadata"", ""original_filename"": [""00000217.tif""], ""source_media_type"": [], ""date_of_digitization"": [], ""preservation_copy_of_id"": null, ""original_language_caption"": null}, {""id"": {""id"": ""05669906-205a-4bad-a094-6a0a4abff363""}, ""use"": [{""@id"": ""http://pcdm.org/use#ServiceFile""}], ""size"": [], ""label"": [""intermediate_file.tif""], ""width"": [], ""bounds"": [], ""height"": [], ""checksum"": [], ""duration"": [], ""geometry"": [], ""producer"": [], ""software"": [], ""mime_type"": [""image/tiff""], ""change_set"": null, ""created_at"": ""2026-09-29T21:12:12+00:00"", ""edit_users"": [], ""new_record"": true, ""page_count"": null, ""read_users"": [], ""updated_at"": ""2026-09-29T21:12:12+00:00"", ""edit_groups"": [], ""read_groups"": [], ""camera_model"": [], ""x_resolution"": [], ""y_resolution"": [], ""error_message"": [], ""bits_per_sample"": [], ""processing_note"": [], ""caption_language"": [], ""file_identifiers"": [{""id"": ""pyramidal-derivatives-shrine://05/66/99/05669906205a4bada0946a0a4abff363/intermediate_file.tif""}], ""internal_resource"": ""FileMetadata"", ""original_filename"": [""intermediate_file.tif""], ""source_media_type"": [], ""date_of_digitization"": [], ""preservation_copy_of_id"": null, ""original_language_caption"": null}], ""service_targets"": [], ""cached_parent_id"": [{""id"": ""b7f6f438-4363-4003-8b74-779b5e31f210""}], ""processing_status"": [""processed""], ""optimistic_lock_token"": [{""token"": ""3"", ""adapter_id"": {""id"": ""746f06acf4d573bebd8c8a500b398589""}}]}",2026-09-29 21:11:34.302296,2026-09-30 13:41:29.770407,FileSet,4
5d7afa9a-5bca-4abf-b989-32ed7177b9b5,"{""part"": [], ""side"": [], ""title"": [""00000218.tif""], ""barcode"": [], ""edit_users"": [], ""highlights"": [], ""member_ids"": [], ""read_users"": [], ""edit_groups"": [], ""read_groups"": [""public""], ""file_metadata"": [{""id"": {""id"": ""9565a2cd-0398-4c17-b4af-833d17543f14""}, ""use"": [{""@id"": ""http://pcdm.org/use#OriginalFile""}], ""size"": [""59796536""], ""label"": [""00000218.tif""], ""width"": [""3680""], ""bounds"": [], ""height"": [""5411""], ""checksum"": [{""id"": null, ""md5"": ""84f742471fd91566e0141ebfdc94d9ec"", ""sha1"": ""59a4de88ee516aee4344017e3f6b917993157740"", ""sha256"": ""2a9c2b91fd3b2393ff8cd8b309da3e137e4208244acdee60bd4bdf9823116445"", ""created_at"": null, ""new_record"": true, ""updated_at"": null, ""internal_resource"": ""MultiChecksum""}], ""duration"": [], ""geometry"": [], ""producer"": [], ""software"": [], ""mime_type"": [""image/tiff""], ""change_set"": null, ""created_at"": ""2026-09-29T21:11:18+00:00"", ""edit_users"": [], ""new_record"": true, ""page_count"": null, ""read_users"": [], ""updated_at"": ""2026-09-29T21:11:18+00:00"", ""edit_groups"": [], ""read_groups"": [], ""camera_model"": [], ""x_resolution"": [], ""y_resolution"": [], ""error_message"": [], ""bits_per_sample"": [], ""processing_note"": [], ""caption_language"": [], ""file_identifiers"": [{""id"": ""disk:///opt/repository/files/95/65/a2/9565a2cd03984c17b4af833d17543f14/00000218.tif""}], ""internal_resource"": ""FileMetadata"", ""original_filename"": [""00000218.tif""], ""source_media_type"": [], ""date_of_digitization"": [], ""preservation_copy_of_id"": null, ""original_language_caption"": null}, {""id"": {""id"": ""4c4188f4-7dac-44e2-9e3a-a9071687be42""}, ""use"": [{""@id"": ""http://pcdm.org/use#ServiceFile""}], ""size"": [], ""label"": [""intermediate_file.tif""], ""width"": [], ""bounds"": [], ""height"": [], ""checksum"": [], ""duration"": [], ""geometry"": [], ""producer"": [], ""software"": [], ""mime_type"": [""image/tiff""], ""change_set"": null, ""created_at"": ""2026-09-29T21:12:13+00:00"", ""edit_users"": [], ""new_record"": true, ""page_count"": null, ""read_users"": [], ""updated_at"": ""2026-09-29T21:12:13+00:00"", ""edit_groups"": [], ""read_groups"": [], ""camera_model"": [], ""x_resolution"": [], ""y_resolution"": [], ""error_message"": [], ""bits_per_sample"": [], ""processing_note"": [], ""caption_language"": [], ""file_identifiers"": [{""id"": ""pyramidal-derivatives-shrine://4c/41/88/4c4188f47dac44e29e3aa9071687be42/intermediate_file.tif""}], ""internal_resource"": ""FileMetadata"", ""original_filename"": [""intermediate_file.tif""], ""source_media_type"": [], ""date_of_digitization"": [], ""preservation_copy_of_id"": null, ""original_language_caption"": null}], ""service_targets"": [], ""cached_parent_id"": [{""id"": ""b7f6f438-4363-4003-8b74-779b5e31f210""}], ""processing_status"": [""processed""], ""optimistic_lock_token"": [{""token"": ""3"", ""adapter_id"": {""id"": ""746f06acf4d573bebd8c8a500b398589""}}]}",2026-09-29 21:11:34.306158,2026-09-30 13:41:29.791006,FileSet,4
ee8697f4-57cf-4791-94cb-49d106fcf853,"{""part"": [], ""side"": [], ""title"": [""00000219.tif""], ""barcode"": [], ""edit_users"": [], ""highlights"": [], ""member_ids"": [], ""read_users"": [], ""edit_groups"": [], ""read_groups"": [""public""], ""file_metadata"": [{""id"": {""id"": ""f852ebdb-e312-4b45-8a9d-a810faae491b""}, ""use"": [{""@id"": ""http://pcdm.org/use#OriginalFile""}], ""size"": [""54932368""], ""label"": [""00000219.tif""], ""width"": [""3476""], ""bounds"": [], ""height"": [""5262""], ""checksum"": [{""id"": null, ""md5"": ""196f01facdcff96cb68e54e8d4355c3c"", ""sha1"": ""aea15bc23aa2d49b01adda5a147a977881350fb3"", ""sha256"": ""f8264dfd16e1dbbc649a22d90f40c97f109d2b0c70b75a3748e4ea1b6e316749"", ""created_at"": null, ""new_record"": true, ""updated_at"": null, ""internal_resource"": ""MultiChecksum""}], ""duration"": [], ""geometry"": [], ""producer"": [], ""software"": [], ""mime_type"": [""image/tiff""], ""change_set"": null, ""created_at"": ""2026-09-29T21:11:24+00:00"", ""edit_users"": [], ""new_record"": true, ""page_count"": null, ""read_users"": [], ""updated_at"": ""2026-09-29T21:11:24+00:00"", ""edit_groups"": [], ""read_groups"": [], ""camera_model"": [], ""x_resolution"": [], ""y_resolution"": [], ""error_message"": [], ""bits_per_sample"": [], ""processing_note"": [], ""caption_language"": [], ""file_identifiers"": [{""id"": ""disk:///opt/repository/files/f8/52/eb/f852ebdbe3124b458a9da810faae491b/00000219.tif""}], ""internal_resource"": ""FileMetadata"", ""original_filename"": [""00000219.tif""], ""source_media_type"": [], ""date_of_digitization"": [], ""preservation_copy_of_id"": null, ""original_language_caption"": null}, {""id"": {""id"": ""1dbd4582-fc15-4ab6-b478-1682c7b082e5""}, ""use"": [{""@id"": ""http://pcdm.org/use#ServiceFile""}], ""size"": [], ""label"": [""intermediate_file.tif""], ""width"": [], ""bounds"": [], ""height"": [], ""checksum"": [], ""duration"": [], ""geometry"": [], ""producer"": [], ""software"": [], ""mime_type"": [""image/tiff""], ""change_set"": null, ""created_at"": ""2026-09-29T21:12:11+00:00"", ""edit_users"": [], ""new_record"": true, ""page_count"": null, ""read_users"": [], ""updated_at"": ""2026-09-29T21:12:11+00:00"", ""edit_groups"": [], ""read_groups"": [], ""camera_model"": [], ""x_resolution"": [], ""y_resolution"": [], ""error_message"": [], ""bits_per_sample"": [], ""processing_note"": [], ""caption_language"": [], ""file_identifiers"": [{""id"": ""pyramidal-derivatives-shrine://1d/bd/45/1dbd4582fc154ab6b4781682c7b082e5/intermediate_file.tif""}], ""internal_resource"": ""FileMetadata"", ""original_filename"": [""intermediate_file.tif""], ""source_media_type"": [], ""date_of_digitization"": [], ""preservation_copy_of_id"": null, ""original_language_caption"": null}], ""service_targets"": [], ""cached_parent_id"": [{""id"": ""b7f6f438-4363-4003-8b74-779b5e31f210""}], ""processing_status"": [""processed""], ""optimistic_lock_token"": [{""token"": ""3"", ""adapter_id"": {""id"": ""746f06acf4d573bebd8c8a500b398589""}}]}",2026-09-29 21:11:34.311055,2026-09-30 13:41:29.810438,FileSet,4
4f21fd6a-a895-4aeb-bf26-e7dc5d7ee1f6,"{""part"": [], ""side"": [], ""title"": [""00000220.tif""], ""barcode"": [], ""edit_users"": [], ""highlights"": [], ""member_ids"": [], ""read_users"": [], ""edit_groups"": [], ""read_groups"": [""public""], ""file_metadata"": [{""id"": {""id"": ""18651473-7e9b-492f-9749-b18669b77200""}, ""use"": [{""@id"": ""http://pcdm.org/use#OriginalFile""}], ""size"": [""59796536""], ""label"": [""00000220.tif""], ""width"": [""3680""], ""bounds"": [], ""height"": [""5411""], ""checksum"": [{""id"": null, ""md5"": ""e1f11f7a1d9d37eb8065029f77d3af82"", ""sha1"": ""3ef091b2bcda34d5c1de10f317f50d11c158235a"", ""sha256"": ""a911e87db287cd51c617d21960f352569b8669385e21ba7fb095b3ea509d9091"", ""created_at"": null, ""new_record"": true, ""updated_at"": null, ""internal_resource"": ""MultiChecksum""}], ""duration"": [], ""geometry"": [], ""producer"": [], ""software"": [], ""mime_type"": [""image/tiff""], ""change_set"": null, ""created_at"": ""2026-09-29T21:11:28+00:00"", ""edit_users"": [], ""new_record"": true, ""page_count"": null, ""read_users"": [], ""updated_at"": ""2026-09-29T21:11:28+00:00"", ""edit_groups"": [], ""read_groups"": [], ""camera_model"": [], ""x_resolution"": [], ""y_resolution"": [], ""error_message"": [], ""bits_per_sample"": [], ""processing_note"": [], ""caption_language"": [], ""file_identifiers"": [{""id"": ""disk:///opt/repository/files/18/65/14/186514737e9b492f9749b18669b77200/00000220.tif""}], ""internal_resource"": ""FileMetadata"", ""original_filename"": [""00000220.tif""], ""source_media_type"": [], ""date_of_digitization"": [], ""preservation_copy_of_id"": null, ""original_language_caption"": null}, {""id"": {""id"": ""38395864-05d5-43ba-9f50-195704d5f79c""}, ""use"": [{""@id"": ""http://pcdm.org/use#ServiceFile""}], ""size"": [], ""label"": [""intermediate_file.tif""], ""width"": [], ""bounds"": [], ""height"": [], ""checksum"": [], ""duration"": [], ""geometry"": [], ""producer"": [], ""software"": [], ""mime_type"": [""image/tiff""], ""change_set"": null, ""created_at"": ""2026-09-29T21:13:20+00:00"", ""edit_users"": [], ""new_record"": true, ""page_count"": null, ""read_users"": [], ""updated_at"": ""2026-09-29T21:13:20+00:00"", ""edit_groups"": [], ""read_groups"": [], ""camera_model"": [], ""x_resolution"": [], ""y_resolution"": [], ""error_message"": [], ""bits_per_sample"": [], ""processing_note"": [], ""caption_language"": [], ""file_identifiers"": [{""id"": ""pyramidal-derivatives-shrine://38/39/58/3839586405d543ba9f50195704d5f79c/intermediate_file.tif""}], ""internal_resource"": ""FileMetadata"", ""original_filename"": [""intermediate_file.tif""], ""source_media_type"": [], ""date_of_digitization"": [], ""preservation_copy_of_id"": null, ""original_language_caption"": null}], ""service_targets"": [], ""cached_parent_id"": [{""id"": ""b7f6f438-4363-4003-8b74-779b5e31f210""}], ""processing_status"": [""processed""], ""optimistic_lock_token"": [{""token"": ""3"", ""adapter_id"": {""id"": ""746f06acf4d573bebd8c8a500b398589""}}]}",2026-09-29 21:11:34.314736,2026-09-30 13:41:29.824858,FileSet,4
87ef88e2-5593-4fc5-b708-759a6814d58d,"{""part"": [], ""side"": [], ""title"": [""00000221.tif""], ""barcode"": [], ""edit_users"": [], ""highlights"": [], ""member_ids"": [], ""read_users"": [], ""edit_groups"": [], ""read_groups"": [""public""], ""file_metadata"": [{""id"": {""id"": ""4da827f6-14b0-4d22-8690-44ece6b669db""}, ""use"": [{""@id"": ""http://pcdm.org/use#OriginalFile""}], ""size"": [""54932368""], ""label"": [""00000221.tif""], ""width"": [""3476""], ""bounds"": [], ""height"": [""5262""], ""checksum"": [{""id"": null, ""md5"": ""53a7ca3466c5c5c637ab846175a9a675"", ""sha1"": ""5ce91d8c628563c7cb4db82fbf56e89791f16c61"", ""sha256"": ""45c37fc67156449f5db0e7f737140c6f9b7a39c08c3ab9ceb248c17ef6851302"", ""created_at"": null, ""new_record"": true, ""updated_at"": null, ""internal_resource"": ""MultiChecksum""}], ""duration"": [], ""geometry"": [], ""producer"": [], ""software"": [], ""mime_type"": [""image/tiff""], ""change_set"": null, ""created_at"": ""2026-09-29T21:11:34+00:00"", ""edit_users"": [], ""new_record"": true, ""page_count"": null, ""read_users"": [], ""updated_at"": ""2026-09-29T21:11:34+00:00"", ""edit_groups"": [], ""read_groups"": [], ""camera_model"": [], ""x_resolution"": [], ""y_resolution"": [], ""error_message"": [], ""bits_per_sample"": [], ""processing_note"": [], ""caption_language"": [], ""file_identifiers"": [{""id"": ""disk:///opt/repository/files/4d/a8/27/4da827f614b04d22869044ece6b669db/00000221.tif""}], ""internal_resource"": ""FileMetadata"", ""original_filename"": [""00000221.tif""], ""source_media_type"": [], ""date_of_digitization"": [], ""preservation_copy_of_id"": null, ""original_language_caption"": null}, {""id"": {""id"": ""ad12a43c-620a-4991-801f-e08598656afd""}, ""use"": [{""@id"": ""http://pcdm.org/use#ServiceFile""}], ""size"": [], ""label"": [""intermediate_file.tif""], ""width"": [], ""bounds"": [], ""height"": [], ""checksum"": [], ""duration"": [], ""geometry"": [], ""producer"": [], ""software"": [], ""mime_type"": [""image/tiff""], ""change_set"": null, ""created_at"": ""2026-09-29T21:13:40+00:00"", ""edit_users"": [], ""new_record"": true, ""page_count"": null, ""read_users"": [], ""updated_at"": ""2026-09-29T21:13:40+00:00"", ""edit_groups"": [], ""read_groups"": [], ""camera_model"": [], ""x_resolution"": [], ""y_resolution"": [], ""error_message"": [], ""bits_per_sample"": [], ""processing_note"": [], ""caption_language"": [], ""file_identifiers"": [{""id"": ""pyramidal-derivatives-shrine://ad/12/a4/ad12a43c620a4991801fe08598656afd/intermediate_file.tif""}], ""internal_resource"": ""FileMetadata"", ""original_filename"": [""intermediate_file.tif""], ""source_media_type"": [], ""date_of_digitization"": [], ""preservation_copy_of_id"": null, ""original_language_caption"": null}], ""service_targets"": [], ""cached_parent_id"": [{""id"": ""b7f6f438-4363-4003-8b74-779b5e31f210""}], ""processing_status"": [""processed""], ""optimistic_lock_token"": [{""token"": ""3"", ""adapter_id"": {""id"": ""746f06acf4d573bebd8c8a500b398589""}}]}",2026-09-29 21:12:25.977639,2026-09-30 13:41:29.846211,FileSet,4
3e61042a-92ac-4a6f-9d15-e48ceddcb903,"{""part"": [], ""side"": [], ""title"": [""00000222.tif""], ""barcode"": [], ""edit_users"": [], ""highlights"": [], ""member_ids"": [], ""read_users"": [], ""edit_groups"": [], ""read_groups"": [""public""], ""file_metadata"": [{""id"": {""id"": ""677db99c-d87e-4b4c-bd27-3dea2927b757""}, ""use"": [{""@id"": ""http://pcdm.org/use#OriginalFile""}], ""size"": [""59796536""], ""label"": [""00000222.tif""], ""width"": [""3680""], ""bounds"": [], ""height"": [""5411""], ""checksum"": [{""id"": null, ""md5"": ""3742d0b9c5f014f2327aef5052666651"", ""sha1"": ""21fbf31466750f7cce41d33320e375b720417cb7"", ""sha256"": ""c0bd2ed271ecfc4c9b1924f283760d90951a0f88af36ff7ba914e45192b720f9"", ""created_at"": null, ""new_record"": true, ""updated_at"": null, ""internal_resource"": ""MultiChecksum""}], ""duration"": [], ""geometry"": [], ""producer"": [], ""software"": [], ""mime_type"": [""image/tiff""], ""change_set"": null, ""created_at"": ""2026-09-29T21:11:44+00:00"", ""edit_users"": [], ""new_record"": true, ""page_count"": null, ""read_users"": [], ""updated_at"": ""2026-09-29T21:11:44+00:00"", ""edit_groups"": [], ""read_groups"": [], ""camera_model"": [], ""x_resolution"": [], ""y_resolution"": [], ""error_message"": [], ""bits_per_sample"": [], ""processing_note"": [], ""caption_language"": [], ""file_identifiers"": [{""id"": ""disk:///opt/repository/files/67/7d/b9/677db99cd87e4b4cbd273dea2927b757/00000222.tif""}], ""internal_resource"": ""FileMetadata"", ""original_filename"": [""00000222.tif""], ""source_media_type"": [], ""date_of_digitization"": [], ""preservation_copy_of_id"": null, ""original_language_caption"": null}, {""id"": {""id"": ""72a7fb8e-2c46-42a3-8109-cd46c24efc59""}, ""use"": [{""@id"": ""http://pcdm.org/use#ServiceFile""}], ""size"": [], ""label"": [""intermediate_file.tif""], ""width"": [], ""bounds"": [], ""height"": [], ""checksum"": [], ""duration"": [], ""geometry"": [], ""producer"": [], ""software"": [], ""mime_type"": [""image/tiff""], ""change_set"": null, ""created_at"": ""2026-09-29T21:14:39+00:00"", ""edit_users"": [], ""new_record"": true, ""page_count"": null, ""read_users"": [], ""updated_at"": ""2026-09-29T21:14:39+00:00"", ""edit_groups"": [], ""read_groups"": [], ""camera_model"": [], ""x_resolution"": [], ""y_resolution"": [], ""error_message"": [], ""bits_per_sample"": [], ""processing_note"": [], ""caption_language"": [], ""file_identifiers"": [{""id"": ""pyramidal-derivatives-shrine://72/a7/fb/72a7fb8e2c4642a38109cd46c24efc59/intermediate_file.tif""}], ""internal_resource"": ""FileMetadata"", ""original_filename"": [""intermediate_file.tif""], ""source_media_type"": [], ""date_of_digitization"": [], ""preservation_copy_of_id"": null, ""original_language_caption"": null}], ""service_targets"": [], ""cached_parent_id"": [{""id"": ""b7f6f438-4363-4003-8b74-779b5e31f210""}], ""processing_status"": [""processed""], ""optimistic_lock_token"": [{""token"": ""3"", ""adapter_id"": {""id"": ""746f06acf4d573bebd8c8a500b398589""}}]}",2026-09-29 21:12:25.985386,2026-09-30 13:41:29.861583,FileSet,4
bfb47083-95f0-4445-ad88-89d7bc251ee9,"{""part"": [], ""side"": [], ""title"": [""00000223.tif""], ""barcode"": [], ""edit_users"": [], ""highlights"": [], ""member_ids"": [], ""read_users"": [], ""edit_groups"": [], ""read_groups"": [""public""], ""file_metadata"": [{""id"": {""id"": ""73823907-299a-4210-ac56-57f3b3b98826""}, ""use"": [{""@id"": ""http://pcdm.org/use#OriginalFile""}], ""size"": [""54932368""], ""label"": [""00000223.tif""], ""width"": [""3476""], ""bounds"": [], ""height"": [""5262""], ""checksum"": [{""id"": null, ""md5"": ""e6b2c00dfd978690c612fbe3a5fd0ce8"", ""sha1"": ""bd9082aea2a0ac2cbec1d3d74e9f3c94c31d0761"", ""sha256"": ""f47ad5f5a953f481f404993cf046660c81edf6b6ec87234ae3eebd8017b9d99f"", ""created_at"": null, ""new_record"": true, ""updated_at"": null, ""internal_resource"": ""MultiChecksum""}], ""duration"": [], ""geometry"": [], ""producer"": [], ""software"": [], ""mime_type"": [""image/tiff""], ""change_set"": null, ""created_at"": ""2026-09-29T21:11:48+00:00"", ""edit_users"": [], ""new_record"": true, ""page_count"": null, ""read_users"": [], ""updated_at"": ""2026-09-29T21:11:48+00:00"", ""edit_groups"": [], ""read_groups"": [], ""camera_model"": [], ""x_resolution"": [], ""y_resolution"": [], ""error_message"": [], ""bits_per_sample"": [], ""processing_note"": [], ""caption_language"": [], ""file_identifiers"": [{""id"": ""disk:///opt/repository/files/73/82/39/73823907299a4210ac5657f3b3b98826/00000223.tif""}], ""internal_resource"": ""FileMetadata"", ""original_filename"": [""00000223.tif""], ""source_media_type"": [], ""date_of_digitization"": [], ""preservation_copy_of_id"": null, ""original_language_caption"": null}, {""id"": {""id"": ""473a6501-159c-4d4b-b752-4d38d322cf95""}, ""use"": [{""@id"": ""http://pcdm.org/use#ServiceFile""}], ""size"": [], ""label"": [""intermediate_file.tif""], ""width"": [], ""bounds"": [], ""height"": [], ""checksum"": [], ""duration"": [], ""geometry"": [], ""producer"": [], ""software"": [], ""mime_type"": [""image/tiff""], ""change_set"": null, ""created_at"": ""2026-09-29T21:12:56+00:00"", ""edit_users"": [], ""new_record"": true, ""page_count"": null, ""read_users"": [], ""updated_at"": ""2026-09-29T21:12:56+00:00"", ""edit_groups"": [], ""read_groups"": [], ""camera_model"": [], ""x_resolution"": [], ""y_resolution"": [], ""error_message"": [], ""bits_per_sample"": [], ""processing_note"": [], ""caption_language"": [], ""file_identifiers"": [{""id"": ""pyramidal-derivatives-shrine://47/3a/65/473a6501159c4d4bb7524d38d322cf95/intermediate_file.tif""}], ""internal_resource"": ""FileMetadata"", ""original_filename"": [""intermediate_file.tif""], ""source_media_type"": [], ""date_of_digitization"": [], ""preservation_copy_of_id"": null, ""original_language_caption"": null}], ""service_targets"": [], ""cached_parent_id"": [{""id"": ""b7f6f438-4363-4003-8b74-779b5e31f210""}], ""processing_status"": [""processed""], ""optimistic_lock_token"": [{""token"": ""3"", ""adapter_id"": {""id"": ""746f06acf4d573bebd8c8a500b398589""}}]}",2026-09-29 21:12:25.990235,2026-09-30 13:41:29.875822,FileSet,4
fcc20009-ae87-47f7-9e68-50534ed2ac79,"{""part"": [], ""side"": [], ""title"": [""00000224.tif""], ""barcode"": [], ""edit_users"": [], ""highlights"": [], ""member_ids"": [], ""read_users"": [], ""edit_groups"": [], ""read_groups"": [""public""], ""file_metadata"": [{""id"": {""id"": ""339d763b-1adc-4562-9cb5-cf8e915af0ef""}, ""use"": [{""@id"": ""http://pcdm.org/use#OriginalFile""}], ""size"": [""59796536""], ""label"": [""00000224.tif""], ""width"": [""3680""], ""bounds"": [], ""height"": [""5411""], ""checksum"": [{""id"": null, ""md5"": ""a6975607919b5a218292aa91db051708"", ""sha1"": ""c16ad322f47ace936359bd58d94d2c6357a6697b"", ""sha256"": ""969ae799cc710d8b8dafe3e98a972923be0d89a53d301c611b8d1c35eea662e4"", ""created_at"": null, ""new_record"": true, ""updated_at"": null, ""internal_resource"": ""MultiChecksum""}], ""duration"": [], ""geometry"": [], ""producer"": [], ""software"": [], ""mime_type"": [""image/tiff""], ""change_set"": null, ""created_at"": ""2026-09-29T21:11:54+00:00"", ""edit_users"": [], ""new_record"": true, ""page_count"": null, ""read_users"": [], ""updated_at"": ""2026-09-29T21:11:54+00:00"", ""edit_groups"": [], ""read_groups"": [], ""camera_model"": [], ""x_resolution"": [], ""y_resolution"": [], ""error_message"": [], ""bits_per_sample"": [], ""processing_note"": [], ""caption_language"": [], ""file_identifiers"": [{""id"": ""disk:///opt/repository/files/33/9d/76/339d763b1adc45629cb5cf8e915af0ef/00000224.tif""}], ""internal_resource"": ""FileMetadata"", ""original_filename"": [""00000224.tif""], ""source_media_type"": [], ""date_of_digitization"": [], ""preservation_copy_of_id"": null, ""original_language_caption"": null}, {""id"": {""id"": ""a772691c-4f12-459c-8394-7598bc211125""}, ""use"": [{""@id"": ""http://pcdm.org/use#ServiceFile""}], ""size"": [], ""label"": [""intermediate_file.tif""], ""width"": [], ""bounds"": [], ""height"": [], ""checksum"": [], ""duration"": [], ""geometry"": [], ""producer"": [], ""software"": [], ""mime_type"": [""image/tiff""], ""change_set"": null, ""created_at"": ""2026-09-29T21:12:59+00:00"", ""edit_users"": [], ""new_record"": true, ""page_count"": null, ""read_users"": [], ""updated_at"": ""2026-09-29T21:12:59+00:00"", ""edit_groups"": [], ""read_groups"": [], ""camera_model"": [], ""x_resolution"": [], ""y_resolution"": [], ""error_message"": [], ""bits_per_sample"": [], ""processing_note"": [], ""caption_language"": [], ""file_identifiers"": [{""id"": ""pyramidal-derivatives-shrine://a7/72/69/a772691c4f12459c83947598bc211125/intermediate_file.tif""}], ""internal_resource"": ""FileMetadata"", ""original_filename"": [""intermediate_file.tif""], ""source_media_type"": [], ""date_of_digitization"": [], ""preservation_copy_of_id"": null, ""original_language_caption"": null}], ""service_targets"": [], ""cached_parent_id"": [{""id"": ""b7f6f438-4363-4003-8b74-779b5e31f210""}], ""processing_status"": [""processed""], ""optimistic_lock_token"": [{""token"": ""3"", ""adapter_id"": {""id"": ""746f06acf4d573bebd8c8a500b398589""}}]}",2026-09-29 21:12:25.994894,2026-09-30 13:41:29.890558,FileSet,4
2e212f09-c0f4-4ada-979c-d9f3b3e73074,"{""part"": [], ""side"": [], ""title"": [""00000225.tif""], ""barcode"": [], ""edit_users"": [], ""highlights"": [], ""member_ids"": [], ""read_users"": [], ""edit_groups"": [], ""read_groups"": [""public""], ""file_metadata"": [{""id"": {""id"": ""0dadd583-ca37-4b33-a79b-02ac8e81626e""}, ""use"": [{""@id"": ""http://pcdm.org/use#OriginalFile""}], ""size"": [""54932368""], ""label"": [""00000225.tif""], ""width"": [""3476""], ""bounds"": [], ""height"": [""5262""], ""checksum"": [{""id"": null, ""md5"": ""20e04c74e3bcc2b91a1e379d2dd02499"", ""sha1"": ""0260526bb5106aba5064673e9e48276a871dc7c2"", ""sha256"": ""4680e8717c197d11074f99f1c934fccb62b6f201acf787cb6165e8f12db2487b"", ""created_at"": null, ""new_record"": true, ""updated_at"": null, ""internal_resource"": ""MultiChecksum""}], ""duration"": [], ""geometry"": [], ""producer"": [], ""software"": [], ""mime_type"": [""image/tiff""], ""change_set"": null, ""created_at"": ""2026-09-29T21:11:57+00:00"", ""edit_users"": [], ""new_record"": true, ""page_count"": null, ""read_users"": [], ""updated_at"": ""2026-09-29T21:11:57+00:00"", ""edit_groups"": [], ""read_groups"": [], ""camera_model"": [], ""x_resolution"": [], ""y_resolution"": [], ""error_message"": [], ""bits_per_sample"": [], ""processing_note"": [], ""caption_language"": [], ""file_identifiers"": [{""id"": ""disk:///opt/repository/files/0d/ad/d5/0dadd583ca374b33a79b02ac8e81626e/00000225.tif""}], ""internal_resource"": ""FileMetadata"", ""original_filename"": [""00000225.tif""], ""source_media_type"": [], ""date_of_digitization"": [], ""preservation_copy_of_id"": null, ""original_language_caption"": null}, {""id"": {""id"": ""a8a19511-844c-4d14-bfbc-960c65b6e5c9""}, ""use"": [{""@id"": ""http://pcdm.org/use#ServiceFile""}], ""size"": [], ""label"": [""intermediate_file.tif""], ""width"": [], ""bounds"": [], ""height"": [], ""checksum"": [], ""duration"": [], ""geometry"": [], ""producer"": [], ""software"": [], ""mime_type"": [""image/tiff""], ""change_set"": null, ""created_at"": ""2026-09-29T21:12:55+00:00"", ""edit_users"": [], ""new_record"": true, ""page_count"": null, ""read_users"": [], ""updated_at"": ""2026-09-29T21:12:55+00:00"", ""edit_groups"": [], ""read_groups"": [], ""camera_model"": [], ""x_resolution"": [], ""y_resolution"": [], ""error_message"": [], ""bits_per_sample"": [], ""processing_note"": [], ""caption_language"": [], ""file_identifiers"": [{""id"": ""pyramidal-derivatives-shrine://a8/a1/95/a8a19511844c4d14bfbc960c65b6e5c9/intermediate_file.tif""}], ""internal_resource"": ""FileMetadata"", ""original_filename"": [""intermediate_file.tif""], ""source_media_type"": [], ""date_of_digitization"": [], ""preservation_copy_of_id"": null, ""original_language_caption"": null}], ""service_targets"": [], ""cached_parent_id"": [{""id"": ""b7f6f438-4363-4003-8b74-779b5e31f210""}], ""processing_status"": [""processed""], ""optimistic_lock_token"": [{""token"": ""3"", ""adapter_id"": {""id"": ""746f06acf4d573bebd8c8a500b398589""}}]}",2026-09-29 21:12:25.999803,2026-09-30 13:41:29.904692,FileSet,4
4fcb908d-0889-437d-b7e2-10bce7d76981,"{""part"": [], ""side"": [], ""title"": [""00000226.tif""], ""barcode"": [], ""edit_users"": [], ""highlights"": [], ""member_ids"": [], ""read_users"": [], ""edit_groups"": [], ""read_groups"": [""public""], ""file_metadata"": [{""id"": {""id"": ""bcd7d221-cc2f-4fb9-a875-032589806a5f""}, ""use"": [{""@id"": ""http://pcdm.org/use#OriginalFile""}], ""size"": [""59796536""], ""label"": [""00000226.tif""], ""width"": [""3680""], ""bounds"": [], ""height"": [""5411""], ""checksum"": [{""id"": null, ""md5"": ""ac4076fe8fe649c9d339f029b06c46a4"", ""sha1"": ""b57fa158fd7a035f6e916529983d74b857a8e753"", ""sha256"": ""e63621e40dd1b4bdfa65f9c729df92e6575f4aeef9faea547dfac94275c2e13a"", ""created_at"": null, ""new_record"": true, ""updated_at"": null, ""internal_resource"": ""MultiChecksum""}], ""duration"": [], ""geometry"": [], ""producer"": [], ""software"": [], ""mime_type"": [""image/tiff""], ""change_set"": null, ""created_at"": ""2026-09-29T21:12:04+00:00"", ""edit_users"": [], ""new_record"": true, ""page_count"": null, ""read_users"": [], ""updated_at"": ""2026-09-29T21:12:04+00:00"", ""edit_groups"": [], ""read_groups"": [], ""camera_model"": [], ""x_resolution"": [], ""y_resolution"": [], ""error_message"": [], ""bits_per_sample"": [], ""processing_note"": [], ""caption_language"": [], ""file_identifiers"": [{""id"": ""disk:///opt/repository/files/bc/d7/d2/bcd7d221cc2f4fb9a875032589806a5f/00000226.tif""}], ""internal_resource"": ""FileMetadata"", ""original_filename"": [""00000226.tif""], ""source_media_type"": [], ""date_of_digitization"": [], ""preservation_copy_of_id"": null, ""original_language_caption"": null}, {""id"": {""id"": ""f06d3e90-ff7d-4475-bde1-25ada99a5d48""}, ""use"": [{""@id"": ""http://pcdm.org/use#ServiceFile""}], ""size"": [], ""label"": [""intermediate_file.tif""], ""width"": [], ""bounds"": [], ""height"": [], ""checksum"": [], ""duration"": [], ""geometry"": [], ""producer"": [], ""software"": [], ""mime_type"": [""image/tiff""], ""change_set"": null, ""created_at"": ""2026-09-29T21:12:59+00:00"", ""edit_users"": [], ""new_record"": true, ""page_count"": null, ""read_users"": [], ""updated_at"": ""2026-09-29T21:12:59+00:00"", ""edit_groups"": [], ""read_groups"": [], ""camera_model"": [], ""x_resolution"": [], ""y_resolution"": [], ""error_message"": [], ""bits_per_sample"": [], ""processing_note"": [], ""caption_language"": [], ""file_identifiers"": [{""id"": ""pyramidal-derivatives-shrine://f0/6d/3e/f06d3e90ff7d4475bde125ada99a5d48/intermediate_file.tif""}], ""internal_resource"": ""FileMetadata"", ""original_filename"": [""intermediate_file.tif""], ""source_media_type"": [], ""date_of_digitization"": [], ""preservation_copy_of_id"": null, ""original_language_caption"": null}], ""service_targets"": [], ""cached_parent_id"": [{""id"": ""b7f6f438-4363-4003-8b74-779b5e31f210""}], ""processing_status"": [""processed""], ""optimistic_lock_token"": [{""token"": ""3"", ""adapter_id"": {""id"": ""746f06acf4d573bebd8c8a500b398589""}}]}",2026-09-29 21:12:26.004487,2026-09-30 13:41:29.920096,FileSet,4
96ca8829-5a2a-4f04-82c7-70c86b97e1e5,"{""part"": [], ""side"": [], ""title"": [""00000227.tif""], ""barcode"": [], ""edit_users"": [], ""highlights"": [], ""member_ids"": [], ""read_users"": [], ""edit_groups"": [], ""read_groups"": [""public""], ""file_metadata"": [{""id"": {""id"": ""6585848d-2912-4ef5-83b4-3514afd19a30""}, ""use"": [{""@id"": ""http://pcdm.org/use#OriginalFile""}], ""size"": [""54932368""], ""label"": [""00000227.tif""], ""width"": [""3476""], ""bounds"": [], ""height"": [""5262""], ""checksum"": [{""id"": null, ""md5"": ""3b613d41fe6dbb7b9a5439a4ff6acc1b"", ""sha1"": ""7efacf50a5e075e4c56a98428bd65029314f1839"", ""sha256"": ""40f831b872baf137b2622ab5c3484a7348997a3fb598865b57c2763d7c29076c"", ""created_at"": null, ""new_record"": true, ""updated_at"": null, ""internal_resource"": ""MultiChecksum""}], ""duration"": [], ""geometry"": [], ""producer"": [], ""software"": [], ""mime_type"": [""image/tiff""], ""change_set"": null, ""created_at"": ""2026-09-29T21:12:07+00:00"", ""edit_users"": [], ""new_record"": true, ""page_count"": null, ""read_users"": [], ""updated_at"": ""2026-09-29T21:12:07+00:00"", ""edit_groups"": [], ""read_groups"": [], ""camera_model"": [], ""x_resolution"": [], ""y_resolution"": [], ""error_message"": [], ""bits_per_sample"": [], ""processing_note"": [], ""caption_language"": [], ""file_identifiers"": [{""id"": ""disk:///opt/repository/files/65/85/84/6585848d29124ef583b43514afd19a30/00000227.tif""}], ""internal_resource"": ""FileMetadata"", ""original_filename"": [""00000227.tif""], ""source_media_type"": [], ""date_of_digitization"": [], ""preservation_copy_of_id"": null, ""original_language_caption"": null}, {""id"": {""id"": ""5f0a578e-9e28-45a3-b3f7-1a2c540383ef""}, ""use"": [{""@id"": ""http://pcdm.org/use#ServiceFile""}], ""size"": [], ""label"": [""intermediate_file.tif""], ""width"": [], ""bounds"": [], ""height"": [], ""checksum"": [], ""duration"": [], ""geometry"": [], ""producer"": [], ""software"": [], ""mime_type"": [""image/tiff""], ""change_set"": null, ""created_at"": ""2026-09-29T21:12:56+00:00"", ""edit_users"": [], ""new_record"": true, ""page_count"": null, ""read_users"": [], ""updated_at"": ""2026-09-29T21:12:56+00:00"", ""edit_groups"": [], ""read_groups"": [], ""camera_model"": [], ""x_resolution"": [], ""y_resolution"": [], ""error_message"": [], ""bits_per_sample"": [], ""processing_note"": [], ""caption_language"": [], ""file_identifiers"": [{""id"": ""pyramidal-derivatives-shrine://5f/0a/57/5f0a578e9e2845a3b3f71a2c540383ef/intermediate_file.tif""}], ""internal_resource"": ""FileMetadata"", ""original_filename"": [""intermediate_file.tif""], ""source_media_type"": [], ""date_of_digitization"": [], ""preservation_copy_of_id"": null, ""original_language_caption"": null}], ""service_targets"": [], ""cached_parent_id"": [{""id"": ""b7f6f438-4363-4003-8b74-779b5e31f210""}], ""processing_status"": [""processed""], ""optimistic_lock_token"": [{""token"": ""3"", ""adapter_id"": {""id"": ""746f06acf4d573bebd8c8a500b398589""}}]}",2026-09-29 21:12:26.010591,2026-09-30 13:41:29.936494,FileSet,4
f498696d-bd60-4e39-82da-cab2e8dee310,"{""part"": [], ""side"": [], ""title"": [""00000228.tif""], ""barcode"": [], ""edit_users"": [], ""highlights"": [], ""member_ids"": [], ""read_users"": [], ""edit_groups"": [], ""read_groups"": [""public""], ""file_metadata"": [{""id"": {""id"": ""14c3e2ea-80e4-43d1-b1c8-d7d5cbc24921""}, ""use"": [{""@id"": ""http://pcdm.org/use#OriginalFile""}], ""size"": [""59796536""], ""label"": [""00000228.tif""], ""width"": [""3680""], ""bounds"": [], ""height"": [""5411""], ""checksum"": [{""id"": null, ""md5"": ""df454ce2b0448b6adb32b482470d3032"", ""sha1"": ""2057c4f0958d5cfe66a9dac3d9c68877f931dfac"", ""sha256"": ""4a6023d56e4d26df9b0134f590343094eb1d0fb0974fb61f33795252f8e3d20d"", ""created_at"": null, ""new_record"": true, ""updated_at"": null, ""internal_resource"": ""MultiChecksum""}], ""duration"": [], ""geometry"": [], ""producer"": [], ""software"": [], ""mime_type"": [""image/tiff""], ""change_set"": null, ""created_at"": ""2026-09-29T21:12:14+00:00"", ""edit_users"": [], ""new_record"": true, ""page_count"": null, ""read_users"": [], ""updated_at"": ""2026-09-29T21:12:14+00:00"", ""edit_groups"": [], ""read_groups"": [], ""camera_model"": [], ""x_resolution"": [], ""y_resolution"": [], ""error_message"": [], ""bits_per_sample"": [], ""processing_note"": [], ""caption_language"": [], ""file_identifiers"": [{""id"": ""disk:///opt/repository/files/14/c3/e2/14c3e2ea80e443d1b1c8d7d5cbc24921/00000228.tif""}], ""internal_resource"": ""FileMetadata"", ""original_filename"": [""00000228.tif""], ""source_media_type"": [], ""date_of_digitization"": [], ""preservation_copy_of_id"": null, ""original_language_caption"": null}, {""id"": {""id"": ""84990e1a-a4cd-4289-909e-0f7eeb95fcdc""}, ""use"": [{""@id"": ""http://pcdm.org/use#ServiceFile""}], ""size"": [], ""label"": [""intermediate_file.tif""], ""width"": [], ""bounds"": [], ""height"": [], ""checksum"": [], ""duration"": [], ""geometry"": [], ""producer"": [], ""software"": [], ""mime_type"": [""image/tiff""], ""change_set"": null, ""created_at"": ""2026-09-29T21:12:59+00:00"", ""edit_users"": [], ""new_record"": true, ""page_count"": null, ""read_users"": [], ""updated_at"": ""2026-09-29T21:12:59+00:00"", ""edit_groups"": [], ""read_groups"": [], ""camera_model"": [], ""x_resolution"": [], ""y_resolution"": [], ""error_message"": [], ""bits_per_sample"": [], ""processing_note"": [], ""caption_language"": [], ""file_identifiers"": [{""id"": ""pyramidal-derivatives-shrine://84/99/0e/84990e1aa4cd4289909e0f7eeb95fcdc/intermediate_file.tif""}], ""internal_resource"": ""FileMetadata"", ""original_filename"": [""intermediate_file.tif""], ""source_media_type"": [], ""date_of_digitization"": [], ""preservation_copy_of_id"": null, ""original_language_caption"": null}], ""service_targets"": [], ""cached_parent_id"": [{""id"": ""b7f6f438-4363-4003-8b74-779b5e31f210""}], ""processing_status"": [""processed""], ""optimistic_lock_token"": [{""token"": ""3"", ""adapter_id"": {""id"": ""746f06acf4d573bebd8c8a500b398589""}}]}",2026-09-29 21:12:26.014852,2026-09-30 13:41:29.951765,FileSet,4
4f0c92a3-e075-43d0-81f9-107de4d999b8,"{""part"": [], ""side"": [], ""title"": [""00000229.tif""], ""barcode"": [], ""edit_users"": [], ""highlights"": [], ""member_ids"": [], ""read_users"": [], ""edit_groups"": [], ""read_groups"": [""public""], ""file_metadata"": [{""id"": {""id"": ""b6731c8e-eb0b-4370-9676-d293b4c2fabd""}, ""use"": [{""@id"": ""http://pcdm.org/use#OriginalFile""}], ""size"": [""54932368""], ""label"": [""00000229.tif""], ""width"": [""3476""], ""bounds"": [], ""height"": [""5262""], ""checksum"": [{""id"": null, ""md5"": ""af1f8522141960df7be3c241d8d7c348"", ""sha1"": ""0d673be06ba2c7726ee7b9aaf9f3dea9b9c85cea"", ""sha256"": ""6b706bf55b66423156706b6ee89cb83247a5eee9fef79cefabea210666c04ae6"", ""created_at"": null, ""new_record"": true, ""updated_at"": null, ""internal_resource"": ""MultiChecksum""}], ""duration"": [], ""geometry"": [], ""producer"": [], ""software"": [], ""mime_type"": [""image/tiff""], ""change_set"": null, ""created_at"": ""2026-09-29T21:12:18+00:00"", ""edit_users"": [], ""new_record"": true, ""page_count"": null, ""read_users"": [], ""updated_at"": ""2026-09-29T21:12:18+00:00"", ""edit_groups"": [], ""read_groups"": [], ""camera_model"": [], ""x_resolution"": [], ""y_resolution"": [], ""error_message"": [], ""bits_per_sample"": [], ""processing_note"": [], ""caption_language"": [], ""file_identifiers"": [{""id"": ""disk:///opt/repository/files/b6/73/1c/b6731c8eeb0b43709676d293b4c2fabd/00000229.tif""}], ""internal_resource"": ""FileMetadata"", ""original_filename"": [""00000229.tif""], ""source_media_type"": [], ""date_of_digitization"": [], ""preservation_copy_of_id"": null, ""original_language_caption"": null}, {""id"": {""id"": ""045895da-4cb0-4dcd-8258-f26b4fea7d36""}, ""use"": [{""@id"": ""http://pcdm.org/use#ServiceFile""}], ""size"": [], ""label"": [""intermediate_file.tif""], ""width"": [], ""bounds"": [], ""height"": [], ""checksum"": [], ""duration"": [], ""geometry"": [], ""producer"": [], ""software"": [], ""mime_type"": [""image/tiff""], ""change_set"": null, ""created_at"": ""2026-09-29T21:12:56+00:00"", ""edit_users"": [], ""new_record"": true, ""page_count"": null, ""read_users"": [], ""updated_at"": ""2026-09-29T21:12:56+00:00"", ""edit_groups"": [], ""read_groups"": [], ""camera_model"": [], ""x_resolution"": [], ""y_resolution"": [], ""error_message"": [], ""bits_per_sample"": [], ""processing_note"": [], ""caption_language"": [], ""file_identifiers"": [{""id"": ""pyramidal-derivatives-shrine://04/58/95/045895da4cb04dcd8258f26b4fea7d36/intermediate_file.tif""}], ""internal_resource"": ""FileMetadata"", ""original_filename"": [""intermediate_file.tif""], ""source_media_type"": [], ""date_of_digitization"": [], ""preservation_copy_of_id"": null, ""original_language_caption"": null}], ""service_targets"": [], ""cached_parent_id"": [{""id"": ""b7f6f438-4363-4003-8b74-779b5e31f210""}], ""processing_status"": [""processed""], ""optimistic_lock_token"": [{""token"": ""3"", ""adapter_id"": {""id"": ""746f06acf4d573bebd8c8a500b398589""}}]}",2026-09-29 21:12:26.018943,2026-09-30 13:41:29.975833,FileSet,4
2b955244-3004-4e41-ae09-f68bf7b23439,"{""part"": [], ""side"": [], ""title"": [""00000230.tif""], ""barcode"": [], ""edit_users"": [], ""highlights"": [], ""member_ids"": [], ""read_users"": [], ""edit_groups"": [], ""read_groups"": [""public""], ""file_metadata"": [{""id"": {""id"": ""5c39037c-b1b3-4d5e-8019-617137aa8cf3""}, ""use"": [{""@id"": ""http://pcdm.org/use#OriginalFile""}], ""size"": [""59796536""], ""label"": [""00000230.tif""], ""width"": [""3680""], ""bounds"": [], ""height"": [""5411""], ""checksum"": [{""id"": null, ""md5"": ""dacaf26c5f958953f2cff1ad68a20e35"", ""sha1"": ""545c452c57b4a08985788c0f647dc77b563dbc1a"", ""sha256"": ""03704926d60dba1c5339b44a6e3c7ca3aeb21c1ad7b2ef81403be6e82a00f6a7"", ""created_at"": null, ""new_record"": true, ""updated_at"": null, ""internal_resource"": ""MultiChecksum""}], ""duration"": [], ""geometry"": [], ""producer"": [], ""software"": [], ""mime_type"": [""image/tiff""], ""change_set"": null, ""created_at"": ""2026-09-29T21:12:23+00:00"", ""edit_users"": [], ""new_record"": true, ""page_count"": null, ""read_users"": [], ""updated_at"": ""2026-09-29T21:12:23+00:00"", ""edit_groups"": [], ""read_groups"": [], ""camera_model"": [], ""x_resolution"": [], ""y_resolution"": [], ""error_message"": [], ""bits_per_sample"": [], ""processing_note"": [], ""caption_language"": [], ""file_identifiers"": [{""id"": ""disk:///opt/repository/files/5c/39/03/5c39037cb1b34d5e8019617137aa8cf3/00000230.tif""}], ""internal_resource"": ""FileMetadata"", ""original_filename"": [""00000230.tif""], ""source_media_type"": [], ""date_of_digitization"": [], ""preservation_copy_of_id"": null, ""original_language_caption"": null}, {""id"": {""id"": ""af0ad0d3-43a1-4dfa-a1c1-6769a3921e5f""}, ""use"": [{""@id"": ""http://pcdm.org/use#ServiceFile""}], ""size"": [], ""label"": [""intermediate_file.tif""], ""width"": [], ""bounds"": [], ""height"": [], ""checksum"": [], ""duration"": [], ""geometry"": [], ""producer"": [], ""software"": [], ""mime_type"": [""image/tiff""], ""change_set"": null, ""created_at"": ""2026-09-29T21:13:00+00:00"", ""edit_users"": [], ""new_record"": true, ""page_count"": null, ""read_users"": [], ""updated_at"": ""2026-09-29T21:13:00+00:00"", ""edit_groups"": [], ""read_groups"": [], ""camera_model"": [], ""x_resolution"": [], ""y_resolution"": [], ""error_message"": [], ""bits_per_sample"": [], ""processing_note"": [], ""caption_language"": [], ""file_identifiers"": [{""id"": ""pyramidal-derivatives-shrine://af/0a/d0/af0ad0d343a14dfaa1c16769a3921e5f/intermediate_file.tif""}], ""internal_resource"": ""FileMetadata"", ""original_filename"": [""intermediate_file.tif""], ""source_media_type"": [], ""date_of_digitization"": [], ""preservation_copy_of_id"": null, ""original_language_caption"": null}], ""service_targets"": [], ""cached_parent_id"": [{""id"": ""b7f6f438-4363-4003-8b74-779b5e31f210""}], ""processing_status"": [""processed""], ""optimistic_lock_token"": [{""token"": ""3"", ""adapter_id"": {""id"": ""746f06acf4d573bebd8c8a500b398589""}}]}",2026-09-29 21:12:26.022657,2026-09-30 13:41:29.995418,FileSet,4
881a3fc7-92f1-49c1-b921-4cc6f0582bdf,"{""part"": [], ""side"": [], ""title"": [""00000231.tif""], ""barcode"": [], ""edit_users"": [], ""highlights"": [], ""member_ids"": [], ""read_users"": [], ""edit_groups"": [], ""read_groups"": [""public""], ""file_metadata"": [{""id"": {""id"": ""9e1030c2-7154-4553-867d-34d0ed9d200f""}, ""use"": [{""@id"": ""http://pcdm.org/use#OriginalFile""}], ""size"": [""54932368""], ""label"": [""00000231.tif""], ""width"": [""3476""], ""bounds"": [], ""height"": [""5262""], ""checksum"": [{""id"": null, ""md5"": ""17ef80ceb717040596093a375ac5ebde"", ""sha1"": ""06ddd73d6e42be4a09c14d68eae345fd08e4b782"", ""sha256"": ""f3d903fc027828876b9ec1e8b2539ce1f502834f6c16f40b93a8534f5d974d08"", ""created_at"": null, ""new_record"": true, ""updated_at"": null, ""internal_resource"": ""MultiChecksum""}], ""duration"": [], ""geometry"": [], ""producer"": [], ""software"": [], ""mime_type"": [""image/tiff""], ""change_set"": null, ""created_at"": ""2026-09-29T21:12:26+00:00"", ""edit_users"": [], ""new_record"": true, ""page_count"": null, ""read_users"": [], ""updated_at"": ""2026-09-29T21:12:26+00:00"", ""edit_groups"": [], ""read_groups"": [], ""camera_model"": [], ""x_resolution"": [], ""y_resolution"": [], ""error_message"": [], ""bits_per_sample"": [], ""processing_note"": [], ""caption_language"": [], ""file_identifiers"": [{""id"": ""disk:///opt/repository/files/9e/10/30/9e1030c271544553867d34d0ed9d200f/00000231.tif""}], ""internal_resource"": ""FileMetadata"", ""original_filename"": [""00000231.tif""], ""source_media_type"": [], ""date_of_digitization"": [], ""preservation_copy_of_id"": null, ""original_language_caption"": null}, {""id"": {""id"": ""3c4d142a-5ca3-4062-85cd-a2399391f0bd""}, ""use"": [{""@id"": ""http://pcdm.org/use#ServiceFile""}], ""size"": [], ""label"": [""intermediate_file.tif""], ""width"": [], ""bounds"": [], ""height"": [], ""checksum"": [], ""duration"": [], ""geometry"": [], ""producer"": [], ""software"": [], ""mime_type"": [""image/tiff""], ""change_set"": null, ""created_at"": ""2026-09-29T21:14:57+00:00"", ""edit_users"": [], ""new_record"": true, ""page_count"": null, ""read_users"": [], ""updated_at"": ""2026-09-29T21:14:57+00:00"", ""edit_groups"": [], ""read_groups"": [], ""camera_model"": [], ""x_resolution"": [], ""y_resolution"": [], ""error_message"": [], ""bits_per_sample"": [], ""processing_note"": [], ""caption_language"": [], ""file_identifiers"": [{""id"": ""pyramidal-derivatives-shrine://3c/4d/14/3c4d142a5ca3406285cda2399391f0bd/intermediate_file.tif""}], ""internal_resource"": ""FileMetadata"", ""original_filename"": [""intermediate_file.tif""], ""source_media_type"": [], ""date_of_digitization"": [], ""preservation_copy_of_id"": null, ""original_language_caption"": null}], ""service_targets"": [], ""cached_parent_id"": [{""id"": ""b7f6f438-4363-4003-8b74-779b5e31f210""}], ""processing_status"": [""processed""], ""optimistic_lock_token"": [{""token"": ""3"", ""adapter_id"": {""id"": ""746f06acf4d573bebd8c8a500b398589""}}]}",2026-09-29 21:13:13.991675,2026-09-30 13:41:30.025814,FileSet,4
560bde9c-ff32-40e3-97d9-b56f9503bab2,"{""part"": [], ""side"": [], ""title"": [""00000232.tif""], ""barcode"": [], ""edit_users"": [], ""highlights"": [], ""member_ids"": [], ""read_users"": [], ""edit_groups"": [], ""read_groups"": [""public""], ""file_metadata"": [{""id"": {""id"": ""b960b963-43cc-49df-82be-7b4930985d74""}, ""use"": [{""@id"": ""http://pcdm.org/use#OriginalFile""}], ""size"": [""59796536""], ""label"": [""00000232.tif""], ""width"": [""3680""], ""bounds"": [], ""height"": [""5411""], ""checksum"": [{""id"": null, ""md5"": ""61a42d0a2782a612353a4da32256cd44"", ""sha1"": ""89af2325eab60eef821ab6b62ad9062d222d8e54"", ""sha256"": ""9b75caddbf6b9e081a6901a517f4659d6509963986f7194a3964e63eee416270"", ""created_at"": null, ""new_record"": true, ""updated_at"": null, ""internal_resource"": ""MultiChecksum""}], ""duration"": [], ""geometry"": [], ""producer"": [], ""software"": [], ""mime_type"": [""image/tiff""], ""change_set"": null, ""created_at"": ""2026-09-29T21:12:32+00:00"", ""edit_users"": [], ""new_record"": true, ""page_count"": null, ""read_users"": [], ""updated_at"": ""2026-09-29T21:12:32+00:00"", ""edit_groups"": [], ""read_groups"": [], ""camera_model"": [], ""x_resolution"": [], ""y_resolution"": [], ""error_message"": [], ""bits_per_sample"": [], ""processing_note"": [], ""caption_language"": [], ""file_identifiers"": [{""id"": ""disk:///opt/repository/files/b9/60/b9/b960b96343cc49df82be7b4930985d74/00000232.tif""}], ""internal_resource"": ""FileMetadata"", ""original_filename"": [""00000232.tif""], ""source_media_type"": [], ""date_of_digitization"": [], ""preservation_copy_of_id"": null, ""original_language_caption"": null}, {""id"": {""id"": ""f97d5180-38b6-4d8b-9d4d-0d90a45b065f""}, ""use"": [{""@id"": ""http://pcdm.org/use#ServiceFile""}], ""size"": [], ""label"": [""intermediate_file.tif""], ""width"": [], ""bounds"": [], ""height"": [], ""checksum"": [], ""duration"": [], ""geometry"": [], ""producer"": [], ""software"": [], ""mime_type"": [""image/tiff""], ""change_set"": null, ""created_at"": ""2026-09-29T21:15:08+00:00"", ""edit_users"": [], ""new_record"": true, ""page_count"": null, ""read_users"": [], ""updated_at"": ""2026-09-29T21:15:08+00:00"", ""edit_groups"": [], ""read_groups"": [], ""camera_model"": [], ""x_resolution"": [], ""y_resolution"": [], ""error_message"": [], ""bits_per_sample"": [], ""processing_note"": [], ""caption_language"": [], ""file_identifiers"": [{""id"": ""pyramidal-derivatives-shrine://f9/7d/51/f97d518038b64d8b9d4d0d90a45b065f/intermediate_file.tif""}], ""internal_resource"": ""FileMetadata"", ""original_filename"": [""intermediate_file.tif""], ""source_media_type"": [], ""date_of_digitization"": [], ""preservation_copy_of_id"": null, ""original_language_caption"": null}], ""service_targets"": [], ""cached_parent_id"": [{""id"": ""b7f6f438-4363-4003-8b74-779b5e31f210""}], ""processing_status"": [""processed""], ""optimistic_lock_token"": [{""token"": ""3"", ""adapter_id"": {""id"": ""746f06acf4d573bebd8c8a500b398589""}}]}",2026-09-29 21:13:13.99788,2026-09-30 13:41:30.071092,FileSet,4
e930cb42-77ac-4cdc-b82a-dc16f1d88bf0,"{""part"": [], ""side"": [], ""title"": [""00000233.tif""], ""barcode"": [], ""edit_users"": [], ""highlights"": [], ""member_ids"": [], ""read_users"": [], ""edit_groups"": [], ""read_groups"": [""public""], ""file_metadata"": [{""id"": {""id"": ""b127c535-af08-4879-8bb5-532fb66b176d""}, ""use"": [{""@id"": ""http://pcdm.org/use#OriginalFile""}], ""size"": [""54932368""], ""label"": [""00000233.tif""], ""width"": [""3476""], ""bounds"": [], ""height"": [""5262""], ""checksum"": [{""id"": null, ""md5"": ""5320e6a0ef57bc19fc43cb52c1aa3102"", ""sha1"": ""ab7f6193ba900602b91d9a2e9e412f390273a2ec"", ""sha256"": ""d3cb2fb6bff5fb06b246b951cce35d6558b3b0a4269444e831c592fd1521adf9"", ""created_at"": null, ""new_record"": true, ""updated_at"": null, ""internal_resource"": ""MultiChecksum""}], ""duration"": [], ""geometry"": [], ""producer"": [], ""software"": [], ""mime_type"": [""image/tiff""], ""change_set"": null, ""created_at"": ""2026-09-29T21:12:36+00:00"", ""edit_users"": [], ""new_record"": true, ""page_count"": null, ""read_users"": [], ""updated_at"": ""2026-09-29T21:12:36+00:00"", ""edit_groups"": [], ""read_groups"": [], ""camera_model"": [], ""x_resolution"": [], ""y_resolution"": [], ""error_message"": [], ""bits_per_sample"": [], ""processing_note"": [], ""caption_language"": [], ""file_identifiers"": [{""id"": ""disk:///opt/repository/files/b1/27/c5/b127c535af0848798bb5532fb66b176d/00000233.tif""}], ""internal_resource"": ""FileMetadata"", ""original_filename"": [""00000233.tif""], ""source_media_type"": [], ""date_of_digitization"": [], ""preservation_copy_of_id"": null, ""original_language_caption"": null}, {""id"": {""id"": ""66a89a95-2d8d-42e6-b119-cf80b0ed064e""}, ""use"": [{""@id"": ""http://pcdm.org/use#ServiceFile""}], ""size"": [], ""label"": [""intermediate_file.tif""], ""width"": [], ""bounds"": [], ""height"": [], ""checksum"": [], ""duration"": [], ""geometry"": [], ""producer"": [], ""software"": [], ""mime_type"": [""image/tiff""], ""change_set"": null, ""created_at"": ""2026-09-29T21:14:58+00:00"", ""edit_users"": [], ""new_record"": true, ""page_count"": null, ""read_users"": [], ""updated_at"": ""2026-09-29T21:14:58+00:00"", ""edit_groups"": [], ""read_groups"": [], ""camera_model"": [], ""x_resolution"": [], ""y_resolution"": [], ""error_message"": [], ""bits_per_sample"": [], ""processing_note"": [], ""caption_language"": [], ""file_identifiers"": [{""id"": ""pyramidal-derivatives-shrine://66/a8/9a/66a89a952d8d42e6b119cf80b0ed064e/intermediate_file.tif""}], ""internal_resource"": ""FileMetadata"", ""original_filename"": [""intermediate_file.tif""], ""source_media_type"": [], ""date_of_digitization"": [], ""preservation_copy_of_id"": null, ""original_language_caption"": null}], ""service_targets"": [], ""cached_parent_id"": [{""id"": ""b7f6f438-4363-4003-8b74-779b5e31f210""}], ""processing_status"": [""processed""], ""optimistic_lock_token"": [{""token"": ""3"", ""adapter_id"": {""id"": ""746f06acf4d573bebd8c8a500b398589""}}]}",2026-09-29 21:13:14.002744,2026-09-30 13:41:30.116786,FileSet,4
834b6c76-1208-4fbb-9e9a-3a4c47de19b2,"{""part"": [], ""side"": [], ""title"": [""00000234.tif""], ""barcode"": [], ""edit_users"": [], ""highlights"": [], ""member_ids"": [], ""read_users"": [], ""edit_groups"": [], ""read_groups"": [""public""], ""file_metadata"": [{""id"": {""id"": ""fe6bc275-7718-46bc-b0ba-d7787384c611""}, ""use"": [{""@id"": ""http://pcdm.org/use#OriginalFile""}], ""size"": [""59796536""], ""label"": [""00000234.tif""], ""width"": [""3680""], ""bounds"": [], ""height"": [""5411""], ""checksum"": [{""id"": null, ""md5"": ""e12f41010f025a58b755434a88db9c11"", ""sha1"": ""4899450f76fa03db476f1b9dbdb39b4d43d6dadd"", ""sha256"": ""c857a2f100c1f9a089b5b80e9c9d85cb38fce1aae159a8f04ee8ba84395ede1e"", ""created_at"": null, ""new_record"": true, ""updated_at"": null, ""internal_resource"": ""MultiChecksum""}], ""duration"": [], ""geometry"": [], ""producer"": [], ""software"": [], ""mime_type"": [""image/tiff""], ""change_set"": null, ""created_at"": ""2026-09-29T21:12:43+00:00"", ""edit_users"": [], ""new_record"": true, ""page_count"": null, ""read_users"": [], ""updated_at"": ""2026-09-29T21:12:43+00:00"", ""edit_groups"": [], ""read_groups"": [], ""camera_model"": [], ""x_resolution"": [], ""y_resolution"": [], ""error_message"": [], ""bits_per_sample"": [], ""processing_note"": [], ""caption_language"": [], ""file_identifiers"": [{""id"": ""disk:///opt/repository/files/fe/6b/c2/fe6bc275771846bcb0bad7787384c611/00000234.tif""}], ""internal_resource"": ""FileMetadata"", ""original_filename"": [""00000234.tif""], ""source_media_type"": [], ""date_of_digitization"": [], ""preservation_copy_of_id"": null, ""original_language_caption"": null}, {""id"": {""id"": ""22bf3434-5153-42a6-a0c4-211b9f1f7dd1""}, ""use"": [{""@id"": ""http://pcdm.org/use#ServiceFile""}], ""size"": [], ""label"": [""intermediate_file.tif""], ""width"": [], ""bounds"": [], ""height"": [], ""checksum"": [], ""duration"": [], ""geometry"": [], ""producer"": [], ""software"": [], ""mime_type"": [""image/tiff""], ""change_set"": null, ""created_at"": ""2026-09-29T21:15:17+00:00"", ""edit_users"": [], ""new_record"": true, ""page_count"": null, ""read_users"": [], ""updated_at"": ""2026-09-29T21:15:17+00:00"", ""edit_groups"": [], ""read_groups"": [], ""camera_model"": [], ""x_resolution"": [], ""y_resolution"": [], ""error_message"": [], ""bits_per_sample"": [], ""processing_note"": [], ""caption_language"": [], ""file_identifiers"": [{""id"": ""pyramidal-derivatives-shrine://22/bf/34/22bf3434515342a6a0c4211b9f1f7dd1/intermediate_file.tif""}], ""internal_resource"": ""FileMetadata"", ""original_filename"": [""intermediate_file.tif""], ""source_media_type"": [], ""date_of_digitization"": [], ""preservation_copy_of_id"": null, ""original_language_caption"": null}], ""service_targets"": [], ""cached_parent_id"": [{""id"": ""b7f6f438-4363-4003-8b74-779b5e31f210""}], ""processing_status"": [""processed""], ""optimistic_lock_token"": [{""token"": ""3"", ""adapter_id"": {""id"": ""746f06acf4d573bebd8c8a500b398589""}}]}",2026-09-29 21:13:14.008095,2026-09-30 13:41:30.156803,FileSet,4
e50da3bb-b6bd-4cbc-9683-6735dc66f9df,"{""part"": [], ""side"": [], ""title"": [""00000235.tif""], ""barcode"": [], ""edit_users"": [], ""highlights"": [], ""member_ids"": [], ""read_users"": [], ""edit_groups"": [], ""read_groups"": [""public""], ""file_metadata"": [{""id"": {""id"": ""7b39db10-9bb8-4d8d-9934-88f34d0eaede""}, ""use"": [{""@id"": ""http://pcdm.org/use#OriginalFile""}], ""size"": [""54932368""], ""label"": [""00000235.tif""], ""width"": [""3476""], ""bounds"": [], ""height"": [""5262""], ""checksum"": [{""id"": null, ""md5"": ""e6bb02ee485d5dbede7ddf9f0087ec66"", ""sha1"": ""bca62d28765f6fbb86d34779e53b874e0730eff3"", ""sha256"": ""3affb72e34831cfa8c3503a4150a1368c16310f759bea8f10e2adf8869b9adbc"", ""created_at"": null, ""new_record"": true, ""updated_at"": null, ""internal_resource"": ""MultiChecksum""}], ""duration"": [], ""geometry"": [], ""producer"": [], ""software"": [], ""mime_type"": [""image/tiff""], ""change_set"": null, ""created_at"": ""2026-09-29T21:12:48+00:00"", ""edit_users"": [], ""new_record"": true, ""page_count"": null, ""read_users"": [], ""updated_at"": ""2026-09-29T21:12:48+00:00"", ""edit_groups"": [], ""read_groups"": [], ""camera_model"": [], ""x_resolution"": [], ""y_resolution"": [], ""error_message"": [], ""bits_per_sample"": [], ""processing_note"": [], ""caption_language"": [], ""file_identifiers"": [{""id"": ""disk:///opt/repository/files/7b/39/db/7b39db109bb84d8d993488f34d0eaede/00000235.tif""}], ""internal_resource"": ""FileMetadata"", ""original_filename"": [""00000235.tif""], ""source_media_type"": [], ""date_of_digitization"": [], ""preservation_copy_of_id"": null, ""original_language_caption"": null}, {""id"": {""id"": ""86aefac1-77ab-45d2-b613-d2528bd4d79c""}, ""use"": [{""@id"": ""http://pcdm.org/use#ServiceFile""}], ""size"": [], ""label"": [""intermediate_file.tif""], ""width"": [], ""bounds"": [], ""height"": [], ""checksum"": [], ""duration"": [], ""geometry"": [], ""producer"": [], ""software"": [], ""mime_type"": [""image/tiff""], ""change_set"": null, ""created_at"": ""2026-09-29T21:14:59+00:00"", ""edit_users"": [], ""new_record"": true, ""page_count"": null, ""read_users"": [], ""updated_at"": ""2026-09-29T21:14:59+00:00"", ""edit_groups"": [], ""read_groups"": [], ""camera_model"": [], ""x_resolution"": [], ""y_resolution"": [], ""error_message"": [], ""bits_per_sample"": [], ""processing_note"": [], ""caption_language"": [], ""file_identifiers"": [{""id"": ""pyramidal-derivatives-shrine://86/ae/fa/86aefac177ab45d2b613d2528bd4d79c/intermediate_file.tif""}], ""internal_resource"": ""FileMetadata"", ""original_filename"": [""intermediate_file.tif""], ""source_media_type"": [], ""date_of_digitization"": [], ""preservation_copy_of_id"": null, ""original_language_caption"": null}], ""service_targets"": [], ""cached_parent_id"": [{""id"": ""b7f6f438-4363-4003-8b74-779b5e31f210""}], ""processing_status"": [""processed""], ""optimistic_lock_token"": [{""token"": ""3"", ""adapter_id"": {""id"": ""746f06acf4d573bebd8c8a500b398589""}}]}",2026-09-29 21:13:14.012844,2026-09-30 13:41:30.175117,FileSet,4
a67b7178-e6e1-4463-9975-2c023d33bba5,"{""part"": [], ""side"": [], ""title"": [""00000236.tif""], ""barcode"": [], ""edit_users"": [], ""highlights"": [], ""member_ids"": [], ""read_users"": [], ""edit_groups"": [], ""read_groups"": [""public""], ""file_metadata"": [{""id"": {""id"": ""24101a28-6148-43ce-a752-32f3b0962f6d""}, ""use"": [{""@id"": ""http://pcdm.org/use#OriginalFile""}], ""size"": [""59796536""], ""label"": [""00000236.tif""], ""width"": [""3680""], ""bounds"": [], ""height"": [""5411""], ""checksum"": [{""id"": null, ""md5"": ""2349be776446f1fe7cacbd4dd69bff66"", ""sha1"": ""2f4b8246b3a850145235703bd32c88fc0b7b1de1"", ""sha256"": ""88bed4e69aaabc107cb84e5601f565611552eaef39cae02fe16b2586ef23111e"", ""created_at"": null, ""new_record"": true, ""updated_at"": null, ""internal_resource"": ""MultiChecksum""}], ""duration"": [], ""geometry"": [], ""producer"": [], ""software"": [], ""mime_type"": [""image/tiff""], ""change_set"": null, ""created_at"": ""2026-09-29T21:12:52+00:00"", ""edit_users"": [], ""new_record"": true, ""page_count"": null, ""read_users"": [], ""updated_at"": ""2026-09-29T21:12:52+00:00"", ""edit_groups"": [], ""read_groups"": [], ""camera_model"": [], ""x_resolution"": [], ""y_resolution"": [], ""error_message"": [], ""bits_per_sample"": [], ""processing_note"": [], ""caption_language"": [], ""file_identifiers"": [{""id"": ""disk:///opt/repository/files/24/10/1a/24101a28614843cea75232f3b0962f6d/00000236.tif""}], ""internal_resource"": ""FileMetadata"", ""original_filename"": [""00000236.tif""], ""source_media_type"": [], ""date_of_digitization"": [], ""preservation_copy_of_id"": null, ""original_language_caption"": null}, {""id"": {""id"": ""f10f42f8-86b1-4e01-90c3-73a3ac2df8e6""}, ""use"": [{""@id"": ""http://pcdm.org/use#ServiceFile""}], ""size"": [], ""label"": [""intermediate_file.tif""], ""width"": [], ""bounds"": [], ""height"": [], ""checksum"": [], ""duration"": [], ""geometry"": [], ""producer"": [], ""software"": [], ""mime_type"": [""image/tiff""], ""change_set"": null, ""created_at"": ""2026-09-29T21:15:14+00:00"", ""edit_users"": [], ""new_record"": true, ""page_count"": null, ""read_users"": [], ""updated_at"": ""2026-09-29T21:15:14+00:00"", ""edit_groups"": [], ""read_groups"": [], ""camera_model"": [], ""x_resolution"": [], ""y_resolution"": [], ""error_message"": [], ""bits_per_sample"": [], ""processing_note"": [], ""caption_language"": [], ""file_identifiers"": [{""id"": ""pyramidal-derivatives-shrine://f1/0f/42/f10f42f886b14e0190c373a3ac2df8e6/intermediate_file.tif""}], ""internal_resource"": ""FileMetadata"", ""original_filename"": [""intermediate_file.tif""], ""source_media_type"": [], ""date_of_digitization"": [], ""preservation_copy_of_id"": null, ""original_language_caption"": null}], ""service_targets"": [], ""cached_parent_id"": [{""id"": ""b7f6f438-4363-4003-8b74-779b5e31f210""}], ""processing_status"": [""processed""], ""optimistic_lock_token"": [{""token"": ""3"", ""adapter_id"": {""id"": ""746f06acf4d573bebd8c8a500b398589""}}]}",2026-09-29 21:13:14.017746,2026-09-30 13:41:30.190907,FileSet,4
e38b404d-c6b2-49e5-b0a4-0f070ceefc32,"{""part"": [], ""side"": [], ""title"": [""00000237.tif""], ""barcode"": [], ""edit_users"": [], ""highlights"": [], ""member_ids"": [], ""read_users"": [], ""edit_groups"": [], ""read_groups"": [""public""], ""file_metadata"": [{""id"": {""id"": ""429071f4-c3ca-47ef-ae3f-7e25340b72b9""}, ""use"": [{""@id"": ""http://pcdm.org/use#OriginalFile""}], ""size"": [""53936890""], ""label"": [""00000237.tif""], ""width"": [""3413""], ""bounds"": [], ""height"": [""5262""], ""checksum"": [{""id"": null, ""md5"": ""dc83bc5629b3cc057aaa6cd8f849c9c1"", ""sha1"": ""5970d8d21bc1154c5c7dda9937ebac8daa7011ae"", ""sha256"": ""c06ad3384ea60b7c4ce3e23e7b5a777930118aef909e2124ea7f096b7dfb4ad6"", ""created_at"": null, ""new_record"": true, ""updated_at"": null, ""internal_resource"": ""MultiChecksum""}], ""duration"": [], ""geometry"": [], ""producer"": [], ""software"": [], ""mime_type"": [""image/tiff""], ""change_set"": null, ""created_at"": ""2026-09-29T21:12:56+00:00"", ""edit_users"": [], ""new_record"": true, ""page_count"": null, ""read_users"": [], ""updated_at"": ""2026-09-29T21:12:56+00:00"", ""edit_groups"": [], ""read_groups"": [], ""camera_model"": [], ""x_resolution"": [], ""y_resolution"": [], ""error_message"": [], ""bits_per_sample"": [], ""processing_note"": [], ""caption_language"": [], ""file_identifiers"": [{""id"": ""disk:///opt/repository/files/42/90/71/429071f4c3ca47efae3f7e25340b72b9/00000237.tif""}], ""internal_resource"": ""FileMetadata"", ""original_filename"": [""00000237.tif""], ""source_media_type"": [], ""date_of_digitization"": [], ""preservation_copy_of_id"": null, ""original_language_caption"": null}, {""id"": {""id"": ""9ce365e5-0742-484f-b72f-ab161357ac07""}, ""use"": [{""@id"": ""http://pcdm.org/use#ServiceFile""}], ""size"": [], ""label"": [""intermediate_file.tif""], ""width"": [], ""bounds"": [], ""height"": [], ""checksum"": [], ""duration"": [], ""geometry"": [], ""producer"": [], ""software"": [], ""mime_type"": [""image/tiff""], ""change_set"": null, ""created_at"": ""2026-09-29T21:15:14+00:00"", ""edit_users"": [], ""new_record"": true, ""page_count"": null, ""read_users"": [], ""updated_at"": ""2026-09-29T21:15:14+00:00"", ""edit_groups"": [], ""read_groups"": [], ""camera_model"": [], ""x_resolution"": [], ""y_resolution"": [], ""error_message"": [], ""bits_per_sample"": [], ""processing_note"": [], ""caption_language"": [], ""file_identifiers"": [{""id"": ""pyramidal-derivatives-shrine://9c/e3/65/9ce365e50742484fb72fab161357ac07/intermediate_file.tif""}], ""internal_resource"": ""FileMetadata"", ""original_filename"": [""intermediate_file.tif""], ""source_media_type"": [], ""date_of_digitization"": [], ""preservation_copy_of_id"": null, ""original_language_caption"": null}], ""service_targets"": [], ""cached_parent_id"": [{""id"": ""b7f6f438-4363-4003-8b74-779b5e31f210""}], ""processing_status"": [""processed""], ""optimistic_lock_token"": [{""token"": ""3"", ""adapter_id"": {""id"": ""746f06acf4d573bebd8c8a500b398589""}}]}",2026-09-29 21:13:14.022632,2026-09-30 13:41:30.205163,FileSet,4
feaff4a3-a695-48a9-ac13-803ee20b4c45,"{""part"": [], ""side"": [], ""title"": [""00000238.tif""], ""barcode"": [], ""edit_users"": [], ""highlights"": [], ""member_ids"": [], ""read_users"": [], ""edit_groups"": [], ""read_groups"": [""public""], ""file_metadata"": [{""id"": {""id"": ""b05f4267-4595-4f68-9122-46794940b4d7""}, ""use"": [{""@id"": ""http://pcdm.org/use#OriginalFile""}], ""size"": [""59796536""], ""label"": [""00000238.tif""], ""width"": [""3680""], ""bounds"": [], ""height"": [""5411""], ""checksum"": [{""id"": null, ""md5"": ""e68ecde9abafedd185dce4c732a0f90d"", ""sha1"": ""d99f6fc18c51949d5afedda1f77f6e0f43ddc384"", ""sha256"": ""127e86bcaf85907242acc929a5eddaf39d77be9b86c0e9f423a43002966285e8"", ""created_at"": null, ""new_record"": true, ""updated_at"": null, ""internal_resource"": ""MultiChecksum""}], ""duration"": [], ""geometry"": [], ""producer"": [], ""software"": [], ""mime_type"": [""image/tiff""], ""change_set"": null, ""created_at"": ""2026-09-29T21:13:02+00:00"", ""edit_users"": [], ""new_record"": true, ""page_count"": null, ""read_users"": [], ""updated_at"": ""2026-09-29T21:13:02+00:00"", ""edit_groups"": [], ""read_groups"": [], ""camera_model"": [], ""x_resolution"": [], ""y_resolution"": [], ""error_message"": [], ""bits_per_sample"": [], ""processing_note"": [], ""caption_language"": [], ""file_identifiers"": [{""id"": ""disk:///opt/repository/files/b0/5f/42/b05f426745954f68912246794940b4d7/00000238.tif""}], ""internal_resource"": ""FileMetadata"", ""original_filename"": [""00000238.tif""], ""source_media_type"": [], ""date_of_digitization"": [], ""preservation_copy_of_id"": null, ""original_language_caption"": null}, {""id"": {""id"": ""b8c2c203-e58b-4762-bbec-3a2942bc7875""}, ""use"": [{""@id"": ""http://pcdm.org/use#ServiceFile""}], ""size"": [], ""label"": [""intermediate_file.tif""], ""width"": [], ""bounds"": [], ""height"": [], ""checksum"": [], ""duration"": [], ""geometry"": [], ""producer"": [], ""software"": [], ""mime_type"": [""image/tiff""], ""change_set"": null, ""created_at"": ""2026-09-29T21:15:24+00:00"", ""edit_users"": [], ""new_record"": true, ""page_count"": null, ""read_users"": [], ""updated_at"": ""2026-09-29T21:15:24+00:00"", ""edit_groups"": [], ""read_groups"": [], ""camera_model"": [], ""x_resolution"": [], ""y_resolution"": [], ""error_message"": [], ""bits_per_sample"": [], ""processing_note"": [], ""caption_language"": [], ""file_identifiers"": [{""id"": ""pyramidal-derivatives-shrine://b8/c2/c2/b8c2c203e58b4762bbec3a2942bc7875/intermediate_file.tif""}], ""internal_resource"": ""FileMetadata"", ""original_filename"": [""intermediate_file.tif""], ""source_media_type"": [], ""date_of_digitization"": [], ""preservation_copy_of_id"": null, ""original_language_caption"": null}], ""service_targets"": [], ""cached_parent_id"": [{""id"": ""b7f6f438-4363-4003-8b74-779b5e31f210""}], ""processing_status"": [""processed""], ""optimistic_lock_token"": [{""token"": ""3"", ""adapter_id"": {""id"": ""746f06acf4d573bebd8c8a500b398589""}}]}",2026-09-29 21:13:14.02695,2026-09-30 13:41:30.221512,FileSet,4
f82beef7-05ff-4d01-9828-f327acd0846e,"{""part"": [], ""side"": [], ""title"": [""00000239.tif""], ""barcode"": [], ""edit_users"": [], ""highlights"": [], ""member_ids"": [], ""read_users"": [], ""edit_groups"": [], ""read_groups"": [""public""], ""file_metadata"": [{""id"": {""id"": ""40124bf6-f0bf-4715-9a2d-18394322cb6f""}, ""use"": [{""@id"": ""http://pcdm.org/use#OriginalFile""}], ""size"": [""53936890""], ""label"": [""00000239.tif""], ""width"": [""3413""], ""bounds"": [], ""height"": [""5262""], ""checksum"": [{""id"": null, ""md5"": ""d95994927b94605f36a18ab7f06f4836"", ""sha1"": ""6c3ed7b2ce26bd0006c8784465cbe617d1e03c17"", ""sha256"": ""e568ad67997a9e62f0c0a4393c435debfaa82187412279ff59c35f49cdacad51"", ""created_at"": null, ""new_record"": true, ""updated_at"": null, ""internal_resource"": ""MultiChecksum""}], ""duration"": [], ""geometry"": [], ""producer"": [], ""software"": [], ""mime_type"": [""image/tiff""], ""change_set"": null, ""created_at"": ""2026-09-29T21:13:06+00:00"", ""edit_users"": [], ""new_record"": true, ""page_count"": null, ""read_users"": [], ""updated_at"": ""2026-09-29T21:13:06+00:00"", ""edit_groups"": [], ""read_groups"": [], ""camera_model"": [], ""x_resolution"": [], ""y_resolution"": [], ""error_message"": [], ""bits_per_sample"": [], ""processing_note"": [], ""caption_language"": [], ""file_identifiers"": [{""id"": ""disk:///opt/repository/files/40/12/4b/40124bf6f0bf47159a2d18394322cb6f/00000239.tif""}], ""internal_resource"": ""FileMetadata"", ""original_filename"": [""00000239.tif""], ""source_media_type"": [], ""date_of_digitization"": [], ""preservation_copy_of_id"": null, ""original_language_caption"": null}, {""id"": {""id"": ""21f6dfbe-04ea-432f-bb97-bea5aac2432e""}, ""use"": [{""@id"": ""http://pcdm.org/use#ServiceFile""}], ""size"": [], ""label"": [""intermediate_file.tif""], ""width"": [], ""bounds"": [], ""height"": [], ""checksum"": [], ""duration"": [], ""geometry"": [], ""producer"": [], ""software"": [], ""mime_type"": [""image/tiff""], ""change_set"": null, ""created_at"": ""2026-09-29T21:13:59+00:00"", ""edit_users"": [], ""new_record"": true, ""page_count"": null, ""read_users"": [], ""updated_at"": ""2026-09-29T21:13:59+00:00"", ""edit_groups"": [], ""read_groups"": [], ""camera_model"": [], ""x_resolution"": [], ""y_resolution"": [], ""error_message"": [], ""bits_per_sample"": [], ""processing_note"": [], ""caption_language"": [], ""file_identifiers"": [{""id"": ""pyramidal-derivatives-shrine://21/f6/df/21f6dfbe04ea432fbb97bea5aac2432e/intermediate_file.tif""}], ""internal_resource"": ""FileMetadata"", ""original_filename"": [""intermediate_file.tif""], ""source_media_type"": [], ""date_of_digitization"": [], ""preservation_copy_of_id"": null, ""original_language_caption"": null}], ""service_targets"": [], ""cached_parent_id"": [{""id"": ""b7f6f438-4363-4003-8b74-779b5e31f210""}], ""processing_status"": [""processed""], ""optimistic_lock_token"": [{""token"": ""3"", ""adapter_id"": {""id"": ""746f06acf4d573bebd8c8a500b398589""}}]}",2026-09-29 21:13:14.03137,2026-09-30 13:41:30.238435,FileSet,4
8f3d0923-f87c-4617-929d-4e8e40aff21e,"{""part"": [], ""side"": [], ""title"": [""00000240.tif""], ""barcode"": [], ""edit_users"": [], ""highlights"": [], ""member_ids"": [], ""read_users"": [], ""edit_groups"": [], ""read_groups"": [""public""], ""file_metadata"": [{""id"": {""id"": ""ca291e49-7b5a-4b15-b0aa-9a5e050a1664""}, ""use"": [{""@id"": ""http://pcdm.org/use#OriginalFile""}], ""size"": [""59796536""], ""label"": [""00000240.tif""], ""width"": [""3680""], ""bounds"": [], ""height"": [""5411""], ""checksum"": [{""id"": null, ""md5"": ""d44eab595c3ef98a9d12d7045aa3d067"", ""sha1"": ""2c5dd31b7714835c11d1e527464cf3ed6580075d"", ""sha256"": ""45baeee63af604e8f47b68e75e8a81427f3d810f6446cd94aa74a20fc67775ab"", ""created_at"": null, ""new_record"": true, ""updated_at"": null, ""internal_resource"": ""MultiChecksum""}], ""duration"": [], ""geometry"": [], ""producer"": [], ""software"": [], ""mime_type"": [""image/tiff""], ""change_set"": null, ""created_at"": ""2026-09-29T21:13:10+00:00"", ""edit_users"": [], ""new_record"": true, ""page_count"": null, ""read_users"": [], ""updated_at"": ""2026-09-29T21:13:10+00:00"", ""edit_groups"": [], ""read_groups"": [], ""camera_model"": [], ""x_resolution"": [], ""y_resolution"": [], ""error_message"": [], ""bits_per_sample"": [], ""processing_note"": [], ""caption_language"": [], ""file_identifiers"": [{""id"": ""disk:///opt/repository/files/ca/29/1e/ca291e497b5a4b15b0aa9a5e050a1664/00000240.tif""}], ""internal_resource"": ""FileMetadata"", ""original_filename"": [""00000240.tif""], ""source_media_type"": [], ""date_of_digitization"": [], ""preservation_copy_of_id"": null, ""original_language_caption"": null}, {""id"": {""id"": ""19f7f9d9-84ec-4ea4-a1d4-02aac74106a2""}, ""use"": [{""@id"": ""http://pcdm.org/use#ServiceFile""}], ""size"": [], ""label"": [""intermediate_file.tif""], ""width"": [], ""bounds"": [], ""height"": [], ""checksum"": [], ""duration"": [], ""geometry"": [], ""producer"": [], ""software"": [], ""mime_type"": [""image/tiff""], ""change_set"": null, ""created_at"": ""2026-09-29T21:13:54+00:00"", ""edit_users"": [], ""new_record"": true, ""page_count"": null, ""read_users"": [], ""updated_at"": ""2026-09-29T21:13:54+00:00"", ""edit_groups"": [], ""read_groups"": [], ""camera_model"": [], ""x_resolution"": [], ""y_resolution"": [], ""error_message"": [], ""bits_per_sample"": [], ""processing_note"": [], ""caption_language"": [], ""file_identifiers"": [{""id"": ""pyramidal-derivatives-shrine://19/f7/f9/19f7f9d984ec4ea4a1d402aac74106a2/intermediate_file.tif""}], ""internal_resource"": ""FileMetadata"", ""original_filename"": [""intermediate_file.tif""], ""source_media_type"": [], ""date_of_digitization"": [], ""preservation_copy_of_id"": null, ""original_language_caption"": null}], ""service_targets"": [], ""cached_parent_id"": [{""id"": ""b7f6f438-4363-4003-8b74-779b5e31f210""}], ""processing_status"": [""processed""], ""optimistic_lock_token"": [{""token"": ""3"", ""adapter_id"": {""id"": ""746f06acf4d573bebd8c8a500b398589""}}]}",2026-09-29 21:13:14.036119,2026-09-30 13:41:30.261432,FileSet,4
0b6a54e5-4eb1-4ba8-a29c-4b80616ac382,"{""part"": [], ""side"": [], ""title"": [""00000241.tif""], ""barcode"": [], ""edit_users"": [], ""highlights"": [], ""member_ids"": [], ""read_users"": [], ""edit_groups"": [], ""read_groups"": [""public""], ""file_metadata"": [{""id"": {""id"": ""eef907e8-6c44-4133-9530-3d14629170ad""}, ""use"": [{""@id"": ""http://pcdm.org/use#OriginalFile""}], ""size"": [""53936890""], ""label"": [""00000241.tif""], ""width"": [""3413""], ""bounds"": [], ""height"": [""5262""], ""checksum"": [{""id"": null, ""md5"": ""72b24e8f32fa9f3b5062ffa771620420"", ""sha1"": ""a004b4a34389a3226f59f197de7d167db5b58e81"", ""sha256"": ""68ea49d04d7c82b72deda44d78c8f877e63ed87e763c743f4ad6d27d9c4cd69e"", ""created_at"": null, ""new_record"": true, ""updated_at"": null, ""internal_resource"": ""MultiChecksum""}], ""duration"": [], ""geometry"": [], ""producer"": [], ""software"": [], ""mime_type"": [""image/tiff""], ""change_set"": null, ""created_at"": ""2026-09-29T21:13:14+00:00"", ""edit_users"": [], ""new_record"": true, ""page_count"": null, ""read_users"": [], ""updated_at"": ""2026-09-29T21:13:14+00:00"", ""edit_groups"": [], ""read_groups"": [], ""camera_model"": [], ""x_resolution"": [], ""y_resolution"": [], ""error_message"": [], ""bits_per_sample"": [], ""processing_note"": [], ""caption_language"": [], ""file_identifiers"": [{""id"": ""disk:///opt/repository/files/ee/f9/07/eef907e86c44413395303d14629170ad/00000241.tif""}], ""internal_resource"": ""FileMetadata"", ""original_filename"": [""00000241.tif""], ""source_media_type"": [], ""date_of_digitization"": [], ""preservation_copy_of_id"": null, ""original_language_caption"": null}, {""id"": {""id"": ""02ba74ac-a9b2-46f9-a951-21a5ffbb9afd""}, ""use"": [{""@id"": ""http://pcdm.org/use#ServiceFile""}], ""size"": [], ""label"": [""intermediate_file.tif""], ""width"": [], ""bounds"": [], ""height"": [], ""checksum"": [], ""duration"": [], ""geometry"": [], ""producer"": [], ""software"": [], ""mime_type"": [""image/tiff""], ""change_set"": null, ""created_at"": ""2026-09-29T21:15:51+00:00"", ""edit_users"": [], ""new_record"": true, ""page_count"": null, ""read_users"": [], ""updated_at"": ""2026-09-29T21:15:51+00:00"", ""edit_groups"": [], ""read_groups"": [], ""camera_model"": [], ""x_resolution"": [], ""y_resolution"": [], ""error_message"": [], ""bits_per_sample"": [], ""processing_note"": [], ""caption_language"": [], ""file_identifiers"": [{""id"": ""pyramidal-derivatives-shrine://02/ba/74/02ba74aca9b246f9a95121a5ffbb9afd/intermediate_file.tif""}], ""internal_resource"": ""FileMetadata"", ""original_filename"": [""intermediate_file.tif""], ""source_media_type"": [], ""date_of_digitization"": [], ""preservation_copy_of_id"": null, ""original_language_caption"": null}], ""service_targets"": [], ""cached_parent_id"": [{""id"": ""b7f6f438-4363-4003-8b74-779b5e31f210""}], ""processing_status"": [""processed""], ""optimistic_lock_token"": [{""token"": ""3"", ""adapter_id"": {""id"": ""746f06acf4d573bebd8c8a500b398589""}}]}",2026-09-29 21:14:01.670815,2026-09-30 13:41:30.277571,FileSet,4
c9c5e9b4-9af9-4c45-98ea-5ec6d27e4613,"{""part"": [], ""side"": [], ""title"": [""00000242.tif""], ""barcode"": [], ""edit_users"": [], ""highlights"": [], ""member_ids"": [], ""read_users"": [], ""edit_groups"": [], ""read_groups"": [""public""], ""file_metadata"": [{""id"": {""id"": ""690e5bd8-0586-433d-8099-722280178d48""}, ""use"": [{""@id"": ""http://pcdm.org/use#OriginalFile""}], ""size"": [""59796536""], ""label"": [""00000242.tif""], ""width"": [""3680""], ""bounds"": [], ""height"": [""5411""], ""checksum"": [{""id"": null, ""md5"": ""40bb6f1559d72ec1685c1a8888ce12b0"", ""sha1"": ""f1efafa4c3d5b234ad1a4db1caaff8d21caaf033"", ""sha256"": ""ba3cdda13bebbdfad460d1648098dfae33ae677873b0fe32f5d6155deca30f85"", ""created_at"": null, ""new_record"": true, ""updated_at"": null, ""internal_resource"": ""MultiChecksum""}], ""duration"": [], ""geometry"": [], ""producer"": [], ""software"": [], ""mime_type"": [""image/tiff""], ""change_set"": null, ""created_at"": ""2026-09-29T21:13:21+00:00"", ""edit_users"": [], ""new_record"": true, ""page_count"": null, ""read_users"": [], ""updated_at"": ""2026-09-29T21:13:21+00:00"", ""edit_groups"": [], ""read_groups"": [], ""camera_model"": [], ""x_resolution"": [], ""y_resolution"": [], ""error_message"": [], ""bits_per_sample"": [], ""processing_note"": [], ""caption_language"": [], ""file_identifiers"": [{""id"": ""disk:///opt/repository/files/69/0e/5b/690e5bd80586433d8099722280178d48/00000242.tif""}], ""internal_resource"": ""FileMetadata"", ""original_filename"": [""00000242.tif""], ""source_media_type"": [], ""date_of_digitization"": [], ""preservation_copy_of_id"": null, ""original_language_caption"": null}, {""id"": {""id"": ""a2515d00-7d5c-43f7-b90c-f6ae10236c39""}, ""use"": [{""@id"": ""http://pcdm.org/use#ServiceFile""}], ""size"": [], ""label"": [""intermediate_file.tif""], ""width"": [], ""bounds"": [], ""height"": [], ""checksum"": [], ""duration"": [], ""geometry"": [], ""producer"": [], ""software"": [], ""mime_type"": [""image/tiff""], ""change_set"": null, ""created_at"": ""2026-09-29T21:15:54+00:00"", ""edit_users"": [], ""new_record"": true, ""page_count"": null, ""read_users"": [], ""updated_at"": ""2026-09-29T21:15:54+00:00"", ""edit_groups"": [], ""read_groups"": [], ""camera_model"": [], ""x_resolution"": [], ""y_resolution"": [], ""error_message"": [], ""bits_per_sample"": [], ""processing_note"": [], ""caption_language"": [], ""file_identifiers"": [{""id"": ""pyramidal-derivatives-shrine://a2/51/5d/a2515d007d5c43f7b90cf6ae10236c39/intermediate_file.tif""}], ""internal_resource"": ""FileMetadata"", ""original_filename"": [""intermediate_file.tif""], ""source_media_type"": [], ""date_of_digitization"": [], ""preservation_copy_of_id"": null, ""original_language_caption"": null}], ""service_targets"": [], ""cached_parent_id"": [{""id"": ""b7f6f438-4363-4003-8b74-779b5e31f210""}], ""processing_status"": [""processed""], ""optimistic_lock_token"": [{""token"": ""3"", ""adapter_id"": {""id"": ""746f06acf4d573bebd8c8a500b398589""}}]}",2026-09-29 21:14:01.67796,2026-09-30 13:41:30.291082,FileSet,4
ff7c7844-4402-4c8d-a741-7282fd97b400,"{""part"": [], ""side"": [], ""title"": [""00000243.tif""], ""barcode"": [], ""edit_users"": [], ""highlights"": [], ""member_ids"": [], ""read_users"": [], ""edit_groups"": [], ""read_groups"": [""public""], ""file_metadata"": [{""id"": {""id"": ""5454dcbd-37cf-49c2-88dd-aa1846d27616""}, ""use"": [{""@id"": ""http://pcdm.org/use#OriginalFile""}], ""size"": [""53936890""], ""label"": [""00000243.tif""], ""width"": [""3413""], ""bounds"": [], ""height"": [""5262""], ""checksum"": [{""id"": null, ""md5"": ""a9bd193844ea81aada30697cf06b391b"", ""sha1"": ""e1721645ecbaa58cb3e8b7de1920f590204c8e26"", ""sha256"": ""a4a70e1961e6d40bdf19abc4426fc81d465724e9891d614e3e0bba5a00e09608"", ""created_at"": null, ""new_record"": true, ""updated_at"": null, ""internal_resource"": ""MultiChecksum""}], ""duration"": [], ""geometry"": [], ""producer"": [], ""software"": [], ""mime_type"": [""image/tiff""], ""change_set"": null, ""created_at"": ""2026-09-29T21:13:24+00:00"", ""edit_users"": [], ""new_record"": true, ""page_count"": null, ""read_users"": [], ""updated_at"": ""2026-09-29T21:13:24+00:00"", ""edit_groups"": [], ""read_groups"": [], ""camera_model"": [], ""x_resolution"": [], ""y_resolution"": [], ""error_message"": [], ""bits_per_sample"": [], ""processing_note"": [], ""caption_language"": [], ""file_identifiers"": [{""id"": ""disk:///opt/repository/files/54/54/dc/5454dcbd37cf49c288ddaa1846d27616/00000243.tif""}], ""internal_resource"": ""FileMetadata"", ""original_filename"": [""00000243.tif""], ""source_media_type"": [], ""date_of_digitization"": [], ""preservation_copy_of_id"": null, ""original_language_caption"": null}, {""id"": {""id"": ""092b7426-1889-44f9-9955-adb1352aeaec""}, ""use"": [{""@id"": ""http://pcdm.org/use#ServiceFile""}], ""size"": [], ""label"": [""intermediate_file.tif""], ""width"": [], ""bounds"": [], ""height"": [], ""checksum"": [], ""duration"": [], ""geometry"": [], ""producer"": [], ""software"": [], ""mime_type"": [""image/tiff""], ""change_set"": null, ""created_at"": ""2026-09-29T21:15:44+00:00"", ""edit_users"": [], ""new_record"": true, ""page_count"": null, ""read_users"": [], ""updated_at"": ""2026-09-29T21:15:44+00:00"", ""edit_groups"": [], ""read_groups"": [], ""camera_model"": [], ""x_resolution"": [], ""y_resolution"": [], ""error_message"": [], ""bits_per_sample"": [], ""processing_note"": [], ""caption_language"": [], ""file_identifiers"": [{""id"": ""pyramidal-derivatives-shrine://09/2b/74/092b7426188944f99955adb1352aeaec/intermediate_file.tif""}], ""internal_resource"": ""FileMetadata"", ""original_filename"": [""intermediate_file.tif""], ""source_media_type"": [], ""date_of_digitization"": [], ""preservation_copy_of_id"": null, ""original_language_caption"": null}], ""service_targets"": [], ""cached_parent_id"": [{""id"": ""b7f6f438-4363-4003-8b74-779b5e31f210""}], ""processing_status"": [""processed""], ""optimistic_lock_token"": [{""token"": ""3"", ""adapter_id"": {""id"": ""746f06acf4d573bebd8c8a500b398589""}}]}",2026-09-29 21:14:01.683006,2026-09-30 13:41:30.309873,FileSet,4
2c187848-7bb7-4271-afcd-a8c7a170635e,"{""part"": [], ""side"": [], ""title"": [""00000244.tif""], ""barcode"": [], ""edit_users"": [], ""highlights"": [], ""member_ids"": [], ""read_users"": [], ""edit_groups"": [], ""read_groups"": [""public""], ""file_metadata"": [{""id"": {""id"": ""d876b0dd-aa7f-467e-930a-d36691042c1f""}, ""use"": [{""@id"": ""http://pcdm.org/use#OriginalFile""}], ""size"": [""59796536""], ""label"": [""00000244.tif""], ""width"": [""3680""], ""bounds"": [], ""height"": [""5411""], ""checksum"": [{""id"": null, ""md5"": ""fa74edce9567cb7dd6730c21b02e96f2"", ""sha1"": ""4f33ae3afb69d76a048dd79a1a3c10538e0b8a9e"", ""sha256"": ""9d5d4b838325f8154eb364fe8fe4f51e4e3b4a4d24fbe5b872a94fd3210a1f9e"", ""created_at"": null, ""new_record"": true, ""updated_at"": null, ""internal_resource"": ""MultiChecksum""}], ""duration"": [], ""geometry"": [], ""producer"": [], ""software"": [], ""mime_type"": [""image/tiff""], ""change_set"": null, ""created_at"": ""2026-09-29T21:13:31+00:00"", ""edit_users"": [], ""new_record"": true, ""page_count"": null, ""read_users"": [], ""updated_at"": ""2026-09-29T21:13:31+00:00"", ""edit_groups"": [], ""read_groups"": [], ""camera_model"": [], ""x_resolution"": [], ""y_resolution"": [], ""error_message"": [], ""bits_per_sample"": [], ""processing_note"": [], ""caption_language"": [], ""file_identifiers"": [{""id"": ""disk:///opt/repository/files/d8/76/b0/d876b0ddaa7f467e930ad36691042c1f/00000244.tif""}], ""internal_resource"": ""FileMetadata"", ""original_filename"": [""00000244.tif""], ""source_media_type"": [], ""date_of_digitization"": [], ""preservation_copy_of_id"": null, ""original_language_caption"": null}, {""id"": {""id"": ""f766ceb1-3b46-4ad2-801a-bf8329aa71a6""}, ""use"": [{""@id"": ""http://pcdm.org/use#ServiceFile""}], ""size"": [], ""label"": [""intermediate_file.tif""], ""width"": [], ""bounds"": [], ""height"": [], ""checksum"": [], ""duration"": [], ""geometry"": [], ""producer"": [], ""software"": [], ""mime_type"": [""image/tiff""], ""change_set"": null, ""created_at"": ""2026-09-29T21:15:53+00:00"", ""edit_users"": [], ""new_record"": true, ""page_count"": null, ""read_users"": [], ""updated_at"": ""2026-09-29T21:15:53+00:00"", ""edit_groups"": [], ""read_groups"": [], ""camera_model"": [], ""x_resolution"": [], ""y_resolution"": [], ""error_message"": [], ""bits_per_sample"": [], ""processing_note"": [], ""caption_language"": [], ""file_identifiers"": [{""id"": ""pyramidal-derivatives-shrine://f7/66/ce/f766ceb13b464ad2801abf8329aa71a6/intermediate_file.tif""}], ""internal_resource"": ""FileMetadata"", ""original_filename"": [""intermediate_file.tif""], ""source_media_type"": [], ""date_of_digitization"": [], ""preservation_copy_of_id"": null, ""original_language_caption"": null}], ""service_targets"": [], ""cached_parent_id"": [{""id"": ""b7f6f438-4363-4003-8b74-779b5e31f210""}], ""processing_status"": [""processed""], ""optimistic_lock_token"": [{""token"": ""3"", ""adapter_id"": {""id"": ""746f06acf4d573bebd8c8a500b398589""}}]}",2026-09-29 21:14:01.687958,2026-09-30 13:41:30.324098,FileSet,4
296b09e8-92a5-4664-b758-a305af79c7ae,"{""part"": [], ""side"": [], ""title"": [""00000245.tif""], ""barcode"": [], ""edit_users"": [], ""highlights"": [], ""member_ids"": [], ""read_users"": [], ""edit_groups"": [], ""read_groups"": [""public""], ""file_metadata"": [{""id"": {""id"": ""cc0af03d-7164-4085-8f8d-d806bcfb3b53""}, ""use"": [{""@id"": ""http://pcdm.org/use#OriginalFile""}], ""size"": [""53936890""], ""label"": [""00000245.tif""], ""width"": [""3413""], ""bounds"": [], ""height"": [""5262""], ""checksum"": [{""id"": null, ""md5"": ""f7ef254c33f9dd2bce02d71453cd160f"", ""sha1"": ""c11b6aa8d323b3f6383f4b9dee9b5477741701a7"", ""sha256"": ""ef5409ecd7746f9d39b9e306b83eaeb6033e93a29b8762565c41372d97a1bb68"", ""created_at"": null, ""new_record"": true, ""updated_at"": null, ""internal_resource"": ""MultiChecksum""}], ""duration"": [], ""geometry"": [], ""producer"": [], ""software"": [], ""mime_type"": [""image/tiff""], ""change_set"": null, ""created_at"": ""2026-09-29T21:13:33+00:00"", ""edit_users"": [], ""new_record"": true, ""page_count"": null, ""read_users"": [], ""updated_at"": ""2026-09-29T21:13:33+00:00"", ""edit_groups"": [], ""read_groups"": [], ""camera_model"": [], ""x_resolution"": [], ""y_resolution"": [], ""error_message"": [], ""bits_per_sample"": [], ""processing_note"": [], ""caption_language"": [], ""file_identifiers"": [{""id"": ""disk:///opt/repository/files/cc/0a/f0/cc0af03d716440858f8dd806bcfb3b53/00000245.tif""}], ""internal_resource"": ""FileMetadata"", ""original_filename"": [""00000245.tif""], ""source_media_type"": [], ""date_of_digitization"": [], ""preservation_copy_of_id"": null, ""original_language_caption"": null}, {""id"": {""id"": ""f9bcf774-2d5e-4722-8def-1b199b1667f8""}, ""use"": [{""@id"": ""http://pcdm.org/use#ServiceFile""}], ""size"": [], ""label"": [""intermediate_file.tif""], ""width"": [], ""bounds"": [], ""height"": [], ""checksum"": [], ""duration"": [], ""geometry"": [], ""producer"": [], ""software"": [], ""mime_type"": [""image/tiff""], ""change_set"": null, ""created_at"": ""2026-09-29T21:15:44+00:00"", ""edit_users"": [], ""new_record"": true, ""page_count"": null, ""read_users"": [], ""updated_at"": ""2026-09-29T21:15:44+00:00"", ""edit_groups"": [], ""read_groups"": [], ""camera_model"": [], ""x_resolution"": [], ""y_resolution"": [], ""error_message"": [], ""bits_per_sample"": [], ""processing_note"": [], ""caption_language"": [], ""file_identifiers"": [{""id"": ""pyramidal-derivatives-shrine://f9/bc/f7/f9bcf7742d5e47228def1b199b1667f8/intermediate_file.tif""}], ""internal_resource"": ""FileMetadata"", ""original_filename"": [""intermediate_file.tif""], ""source_media_type"": [], ""date_of_digitization"": [], ""preservation_copy_of_id"": null, ""original_language_caption"": null}], ""service_targets"": [], ""cached_parent_id"": [{""id"": ""b7f6f438-4363-4003-8b74-779b5e31f210""}], ""processing_status"": [""processed""], ""optimistic_lock_token"": [{""token"": ""3"", ""adapter_id"": {""id"": ""746f06acf4d573bebd8c8a500b398589""}}]}",2026-09-29 21:14:01.692693,2026-09-30 13:41:30.342632,FileSet,4
662cdeee-a713-4fcb-97b6-23b32a03a268,"{""part"": [], ""side"": [], ""title"": [""00000246.tif""], ""barcode"": [], ""edit_users"": [], ""highlights"": [], ""member_ids"": [], ""read_users"": [], ""edit_groups"": [], ""read_groups"": [""public""], ""file_metadata"": [{""id"": {""id"": ""463c3c50-890e-4f8a-a4af-7156a7bc3202""}, ""use"": [{""@id"": ""http://pcdm.org/use#OriginalFile""}], ""size"": [""59796536""], ""label"": [""00000246.tif""], ""width"": [""3680""], ""bounds"": [], ""height"": [""5411""], ""checksum"": [{""id"": null, ""md5"": ""4a22e7ee3ff59bcc060c752b69f718bd"", ""sha1"": ""f0fbf70e0c9b16395d68b3fd9c9c5349c4fa8d11"", ""sha256"": ""bbcbcdfafe140ff955a32129495752888b5379f7bd82d69fb94a65bd0ab4deaa"", ""created_at"": null, ""new_record"": true, ""updated_at"": null, ""internal_resource"": ""MultiChecksum""}], ""duration"": [], ""geometry"": [], ""producer"": [], ""software"": [], ""mime_type"": [""image/tiff""], ""change_set"": null, ""created_at"": ""2026-09-29T21:13:39+00:00"", ""edit_users"": [], ""new_record"": true, ""page_count"": null, ""read_users"": [], ""updated_at"": ""2026-09-29T21:13:39+00:00"", ""edit_groups"": [], ""read_groups"": [], ""camera_model"": [], ""x_resolution"": [], ""y_resolution"": [], ""error_message"": [], ""bits_per_sample"": [], ""processing_note"": [], ""caption_language"": [], ""file_identifiers"": [{""id"": ""disk:///opt/repository/files/46/3c/3c/463c3c50890e4f8aa4af7156a7bc3202/00000246.tif""}], ""internal_resource"": ""FileMetadata"", ""original_filename"": [""00000246.tif""], ""source_media_type"": [], ""date_of_digitization"": [], ""preservation_copy_of_id"": null, ""original_language_caption"": null}, {""id"": {""id"": ""32433c27-462f-4b63-be3c-19db47549a8e""}, ""use"": [{""@id"": ""http://pcdm.org/use#ServiceFile""}], ""size"": [], ""label"": [""intermediate_file.tif""], ""width"": [], ""bounds"": [], ""height"": [], ""checksum"": [], ""duration"": [], ""geometry"": [], ""producer"": [], ""software"": [], ""mime_type"": [""image/tiff""], ""change_set"": null, ""created_at"": ""2026-09-29T21:15:54+00:00"", ""edit_users"": [], ""new_record"": true, ""page_count"": null, ""read_users"": [], ""updated_at"": ""2026-09-29T21:15:54+00:00"", ""edit_groups"": [], ""read_groups"": [], ""camera_model"": [], ""x_resolution"": [], ""y_resolution"": [], ""error_message"": [], ""bits_per_sample"": [], ""processing_note"": [], ""caption_language"": [], ""file_identifiers"": [{""id"": ""pyramidal-derivatives-shrine://32/43/3c/32433c27462f4b63be3c19db47549a8e/intermediate_file.tif""}], ""internal_resource"": ""FileMetadata"", ""original_filename"": [""intermediate_file.tif""], ""source_media_type"": [], ""date_of_digitization"": [], ""preservation_copy_of_id"": null, ""original_language_caption"": null}], ""service_targets"": [], ""cached_parent_id"": [{""id"": ""b7f6f438-4363-4003-8b74-779b5e31f210""}], ""processing_status"": [""processed""], ""optimistic_lock_token"": [{""token"": ""3"", ""adapter_id"": {""id"": ""746f06acf4d573bebd8c8a500b398589""}}]}",2026-09-29 21:14:01.69995,2026-09-30 13:41:30.357932,FileSet,4
f5892a80-5681-4b2e-8f51-3462afc5a876,"{""part"": [], ""side"": [], ""title"": [""00000247.tif""], ""barcode"": [], ""edit_users"": [], ""highlights"": [], ""member_ids"": [], ""read_users"": [], ""edit_groups"": [], ""read_groups"": [""public""], ""file_metadata"": [{""id"": {""id"": ""bcc8d4c8-7d21-4ecc-8a86-1097d9c03741""}, ""use"": [{""@id"": ""http://pcdm.org/use#OriginalFile""}], ""size"": [""53936890""], ""label"": [""00000247.tif""], ""width"": [""3413""], ""bounds"": [], ""height"": [""5262""], ""checksum"": [{""id"": null, ""md5"": ""857962d78473a5510da899072fb19575"", ""sha1"": ""decd4538858bef1a9b6c07818a09b6087cf8bc93"", ""sha256"": ""a89dcc86ccf2b63179bde540575f7754ff6b155d6e0cece4eb480515f3ee313c"", ""created_at"": null, ""new_record"": true, ""updated_at"": null, ""internal_resource"": ""MultiChecksum""}], ""duration"": [], ""geometry"": [], ""producer"": [], ""software"": [], ""mime_type"": [""image/tiff""], ""change_set"": null, ""created_at"": ""2026-09-29T21:13:41+00:00"", ""edit_users"": [], ""new_record"": true, ""page_count"": null, ""read_users"": [], ""updated_at"": ""2026-09-29T21:13:41+00:00"", ""edit_groups"": [], ""read_groups"": [], ""camera_model"": [], ""x_resolution"": [], ""y_resolution"": [], ""error_message"": [], ""bits_per_sample"": [], ""processing_note"": [], ""caption_language"": [], ""file_identifiers"": [{""id"": ""disk:///opt/repository/files/bc/c8/d4/bcc8d4c87d214ecc8a861097d9c03741/00000247.tif""}], ""internal_resource"": ""FileMetadata"", ""original_filename"": [""00000247.tif""], ""source_media_type"": [], ""date_of_digitization"": [], ""preservation_copy_of_id"": null, ""original_language_caption"": null}, {""id"": {""id"": ""2d5b759b-e1bb-4488-9ab4-701d5aef85a2""}, ""use"": [{""@id"": ""http://pcdm.org/use#ServiceFile""}], ""size"": [], ""label"": [""intermediate_file.tif""], ""width"": [], ""bounds"": [], ""height"": [], ""checksum"": [], ""duration"": [], ""geometry"": [], ""producer"": [], ""software"": [], ""mime_type"": [""image/tiff""], ""change_set"": null, ""created_at"": ""2026-09-29T21:15:43+00:00"", ""edit_users"": [], ""new_record"": true, ""page_count"": null, ""read_users"": [], ""updated_at"": ""2026-09-29T21:15:43+00:00"", ""edit_groups"": [], ""read_groups"": [], ""camera_model"": [], ""x_resolution"": [], ""y_resolution"": [], ""error_message"": [], ""bits_per_sample"": [], ""processing_note"": [], ""caption_language"": [], ""file_identifiers"": [{""id"": ""pyramidal-derivatives-shrine://2d/5b/75/2d5b759be1bb44889ab4701d5aef85a2/intermediate_file.tif""}], ""internal_resource"": ""FileMetadata"", ""original_filename"": [""intermediate_file.tif""], ""source_media_type"": [], ""date_of_digitization"": [], ""preservation_copy_of_id"": null, ""original_language_caption"": null}], ""service_targets"": [], ""cached_parent_id"": [{""id"": ""b7f6f438-4363-4003-8b74-779b5e31f210""}], ""processing_status"": [""processed""], ""optimistic_lock_token"": [{""token"": ""3"", ""adapter_id"": {""id"": ""746f06acf4d573bebd8c8a500b398589""}}]}",2026-09-29 21:14:01.704239,2026-09-30 13:41:30.372122,FileSet,4
5cab3446-851f-4042-a5d6-93559f5d54fe,"{""part"": [], ""side"": [], ""title"": [""00000248.tif""], ""barcode"": [], ""edit_users"": [], ""highlights"": [], ""member_ids"": [], ""read_users"": [], ""edit_groups"": [], ""read_groups"": [""public""], ""file_metadata"": [{""id"": {""id"": ""12a8ece4-5f84-48bf-9041-7e2dabaaaf57""}, ""use"": [{""@id"": ""http://pcdm.org/use#OriginalFile""}], ""size"": [""59796536""], ""label"": [""00000248.tif""], ""width"": [""3680""], ""bounds"": [], ""height"": [""5411""], ""checksum"": [{""id"": null, ""md5"": ""a6fc3e6ee057481aa9cd737ad18ab030"", ""sha1"": ""d71242625904fb605fab02a7892cf3cc3a2cdaf5"", ""sha256"": ""b8e5ef50199d859ee5c83523ce3c103b8895c6d26bd21dd79307eaea49a3ae25"", ""created_at"": null, ""new_record"": true, ""updated_at"": null, ""internal_resource"": ""MultiChecksum""}], ""duration"": [], ""geometry"": [], ""producer"": [], ""software"": [], ""mime_type"": [""image/tiff""], ""change_set"": null, ""created_at"": ""2026-09-29T21:13:45+00:00"", ""edit_users"": [], ""new_record"": true, ""page_count"": null, ""read_users"": [], ""updated_at"": ""2026-09-29T21:13:45+00:00"", ""edit_groups"": [], ""read_groups"": [], ""camera_model"": [], ""x_resolution"": [], ""y_resolution"": [], ""error_message"": [], ""bits_per_sample"": [], ""processing_note"": [], ""caption_language"": [], ""file_identifiers"": [{""id"": ""disk:///opt/repository/files/12/a8/ec/12a8ece45f8448bf90417e2dabaaaf57/00000248.tif""}], ""internal_resource"": ""FileMetadata"", ""original_filename"": [""00000248.tif""], ""source_media_type"": [], ""date_of_digitization"": [], ""preservation_copy_of_id"": null, ""original_language_caption"": null}, {""id"": {""id"": ""6ce4eb1d-a56c-4e24-bb87-cbd3a8dc0f82""}, ""use"": [{""@id"": ""http://pcdm.org/use#ServiceFile""}], ""size"": [], ""label"": [""intermediate_file.tif""], ""width"": [], ""bounds"": [], ""height"": [], ""checksum"": [], ""duration"": [], ""geometry"": [], ""producer"": [], ""software"": [], ""mime_type"": [""image/tiff""], ""change_set"": null, ""created_at"": ""2026-09-29T21:16:03+00:00"", ""edit_users"": [], ""new_record"": true, ""page_count"": null, ""read_users"": [], ""updated_at"": ""2026-09-29T21:16:03+00:00"", ""edit_groups"": [], ""read_groups"": [], ""camera_model"": [], ""x_resolution"": [], ""y_resolution"": [], ""error_message"": [], ""bits_per_sample"": [], ""processing_note"": [], ""caption_language"": [], ""file_identifiers"": [{""id"": ""pyramidal-derivatives-shrine://6c/e4/eb/6ce4eb1da56c4e24bb87cbd3a8dc0f82/intermediate_file.tif""}], ""internal_resource"": ""FileMetadata"", ""original_filename"": [""intermediate_file.tif""], ""source_media_type"": [], ""date_of_digitization"": [], ""preservation_copy_of_id"": null, ""original_language_caption"": null}], ""service_targets"": [], ""cached_parent_id"": [{""id"": ""b7f6f438-4363-4003-8b74-779b5e31f210""}], ""processing_status"": [""processed""], ""optimistic_lock_token"": [{""token"": ""3"", ""adapter_id"": {""id"": ""746f06acf4d573bebd8c8a500b398589""}}]}",2026-09-29 21:14:01.708317,2026-09-30 13:41:30.387604,FileSet,4
1b16f56b-0960-4e6b-81bc-f4e77cb84a9c,"{""part"": [], ""side"": [], ""title"": [""00000249.tif""], ""barcode"": [], ""edit_users"": [], ""highlights"": [], ""member_ids"": [], ""read_users"": [], ""edit_groups"": [], ""read_groups"": [""public""], ""file_metadata"": [{""id"": {""id"": ""08c6c0eb-48bb-4ad9-b278-11c99c3806b0""}, ""use"": [{""@id"": ""http://pcdm.org/use#OriginalFile""}], ""size"": [""53936890""], ""label"": [""00000249.tif""], ""width"": [""3413""], ""bounds"": [], ""height"": [""5262""], ""checksum"": [{""id"": null, ""md5"": ""d4b399747ddeeccd6c2e9bb4f2108eaa"", ""sha1"": ""a13cc8c6959644cd58802c616803a79ec97af3b4"", ""sha256"": ""d95c60c85f8f4aea21bcca94f457543c5262ab8781f33e1651ea2641d0c6fe72"", ""created_at"": null, ""new_record"": true, ""updated_at"": null, ""internal_resource"": ""MultiChecksum""}], ""duration"": [], ""geometry"": [], ""producer"": [], ""software"": [], ""mime_type"": [""image/tiff""], ""change_set"": null, ""created_at"": ""2026-09-29T21:13:52+00:00"", ""edit_users"": [], ""new_record"": true, ""page_count"": null, ""read_users"": [], ""updated_at"": ""2026-09-29T21:13:52+00:00"", ""edit_groups"": [], ""read_groups"": [], ""camera_model"": [], ""x_resolution"": [], ""y_resolution"": [], ""error_message"": [], ""bits_per_sample"": [], ""processing_note"": [], ""caption_language"": [], ""file_identifiers"": [{""id"": ""disk:///opt/repository/files/08/c6/c0/08c6c0eb48bb4ad9b27811c99c3806b0/00000249.tif""}], ""internal_resource"": ""FileMetadata"", ""original_filename"": [""00000249.tif""], ""source_media_type"": [], ""date_of_digitization"": [], ""preservation_copy_of_id"": null, ""original_language_caption"": null}, {""id"": {""id"": ""3537743b-040a-431e-a15b-f13308b4dd9f""}, ""use"": [{""@id"": ""http://pcdm.org/use#ServiceFile""}], ""size"": [], ""label"": [""intermediate_file.tif""], ""width"": [], ""bounds"": [], ""height"": [], ""checksum"": [], ""duration"": [], ""geometry"": [], ""producer"": [], ""software"": [], ""mime_type"": [""image/tiff""], ""change_set"": null, ""created_at"": ""2026-09-29T21:15:45+00:00"", ""edit_users"": [], ""new_record"": true, ""page_count"": null, ""read_users"": [], ""updated_at"": ""2026-09-29T21:15:45+00:00"", ""edit_groups"": [], ""read_groups"": [], ""camera_model"": [], ""x_resolution"": [], ""y_resolution"": [], ""error_message"": [], ""bits_per_sample"": [], ""processing_note"": [], ""caption_language"": [], ""file_identifiers"": [{""id"": ""pyramidal-derivatives-shrine://35/37/74/3537743b040a431ea15bf13308b4dd9f/intermediate_file.tif""}], ""internal_resource"": ""FileMetadata"", ""original_filename"": [""intermediate_file.tif""], ""source_media_type"": [], ""date_of_digitization"": [], ""preservation_copy_of_id"": null, ""original_language_caption"": null}], ""service_targets"": [], ""cached_parent_id"": [{""id"": ""b7f6f438-4363-4003-8b74-779b5e31f210""}], ""processing_status"": [""processed""], ""optimistic_lock_token"": [{""token"": ""3"", ""adapter_id"": {""id"": ""746f06acf4d573bebd8c8a500b398589""}}]}",2026-09-29 21:14:01.712511,2026-09-30 13:41:30.401818,FileSet,4
da770762-decd-4553-a356-fac625aeb0c4,"{""part"": [], ""side"": [], ""title"": [""00000250.tif""], ""barcode"": [], ""edit_users"": [], ""highlights"": [], ""member_ids"": [], ""read_users"": [], ""edit_groups"": [], ""read_groups"": [""public""], ""file_metadata"": [{""id"": {""id"": ""a2e855c0-7292-4dec-a2af-d8b6c5651aa1""}, ""use"": [{""@id"": ""http://pcdm.org/use#OriginalFile""}], ""size"": [""59796536""], ""label"": [""00000250.tif""], ""width"": [""3680""], ""bounds"": [], ""height"": [""5411""], ""checksum"": [{""id"": null, ""md5"": ""cc04c3d38b5ebfe905643d89e902923c"", ""sha1"": ""0a293eadcf17d3ea083fe082a69128dd63c95200"", ""sha256"": ""e03c2b1917012bcca17f458be40df352fc95c42c06a966abd077f092dfe0d5e3"", ""created_at"": null, ""new_record"": true, ""updated_at"": null, ""internal_resource"": ""MultiChecksum""}], ""duration"": [], ""geometry"": [], ""producer"": [], ""software"": [], ""mime_type"": [""image/tiff""], ""change_set"": null, ""created_at"": ""2026-09-29T21:13:55+00:00"", ""edit_users"": [], ""new_record"": true, ""page_count"": null, ""read_users"": [], ""updated_at"": ""2026-09-29T21:13:55+00:00"", ""edit_groups"": [], ""read_groups"": [], ""camera_model"": [], ""x_resolution"": [], ""y_resolution"": [], ""error_message"": [], ""bits_per_sample"": [], ""processing_note"": [], ""caption_language"": [], ""file_identifiers"": [{""id"": ""disk:///opt/repository/files/a2/e8/55/a2e855c072924deca2afd8b6c5651aa1/00000250.tif""}], ""internal_resource"": ""FileMetadata"", ""original_filename"": [""00000250.tif""], ""source_media_type"": [], ""date_of_digitization"": [], ""preservation_copy_of_id"": null, ""original_language_caption"": null}, {""id"": {""id"": ""f9992f86-dc7b-4aae-bc6f-e89b3e3248f2""}, ""use"": [{""@id"": ""http://pcdm.org/use#ServiceFile""}], ""size"": [], ""label"": [""intermediate_file.tif""], ""width"": [], ""bounds"": [], ""height"": [], ""checksum"": [], ""duration"": [], ""geometry"": [], ""producer"": [], ""software"": [], ""mime_type"": [""image/tiff""], ""change_set"": null, ""created_at"": ""2026-09-29T21:15:53+00:00"", ""edit_users"": [], ""new_record"": true, ""page_count"": null, ""read_users"": [], ""updated_at"": ""2026-09-29T21:15:53+00:00"", ""edit_groups"": [], ""read_groups"": [], ""camera_model"": [], ""x_resolution"": [], ""y_resolution"": [], ""error_message"": [], ""bits_per_sample"": [], ""processing_note"": [], ""caption_language"": [], ""file_identifiers"": [{""id"": ""pyramidal-derivatives-shrine://f9/99/2f/f9992f86dc7b4aaebc6fe89b3e3248f2/intermediate_file.tif""}], ""internal_resource"": ""FileMetadata"", ""original_filename"": [""intermediate_file.tif""], ""source_media_type"": [], ""date_of_digitization"": [], ""preservation_copy_of_id"": null, ""original_language_caption"": null}], ""service_targets"": [], ""cached_parent_id"": [{""id"": ""b7f6f438-4363-4003-8b74-779b5e31f210""}], ""processing_status"": [""processed""], ""optimistic_lock_token"": [{""token"": ""3"", ""adapter_id"": {""id"": ""746f06acf4d573bebd8c8a500b398589""}}]}",2026-09-29 21:14:01.717975,2026-09-30 13:41:30.416709,FileSet,4
53c07d2a-8f0f-4b38-beca-22071ef353d9,"{""part"": [], ""side"": [], ""title"": [""00000251.tif""], ""barcode"": [], ""edit_users"": [], ""highlights"": [], ""member_ids"": [], ""read_users"": [], ""edit_groups"": [], ""read_groups"": [""public""], ""file_metadata"": [{""id"": {""id"": ""9e702d7d-3893-46f9-8111-e3d3e6c1db07""}, ""use"": [{""@id"": ""http://pcdm.org/use#OriginalFile""}], ""size"": [""53936890""], ""label"": [""00000251.tif""], ""width"": [""3413""], ""bounds"": [], ""height"": [""5262""], ""checksum"": [{""id"": null, ""md5"": ""fb1db63ae2859cf683b1e5c6e50d27c2"", ""sha1"": ""bab3e15b6cc27533b85aaf813167ffd9f81cb380"", ""sha256"": ""919510ddedf2705773c8911764c332de824c1cc12701883cc1205c58605294f4"", ""created_at"": null, ""new_record"": true, ""updated_at"": null, ""internal_resource"": ""MultiChecksum""}], ""duration"": [], ""geometry"": [], ""producer"": [], ""software"": [], ""mime_type"": [""image/tiff""], ""change_set"": null, ""created_at"": ""2026-09-29T21:14:02+00:00"", ""edit_users"": [], ""new_record"": true, ""page_count"": null, ""read_users"": [], ""updated_at"": ""2026-09-29T21:14:02+00:00"", ""edit_groups"": [], ""read_groups"": [], ""camera_model"": [], ""x_resolution"": [], ""y_resolution"": [], ""error_message"": [], ""bits_per_sample"": [], ""processing_note"": [], ""caption_language"": [], ""file_identifiers"": [{""id"": ""disk:///opt/repository/files/9e/70/2d/9e702d7d389346f98111e3d3e6c1db07/00000251.tif""}], ""internal_resource"": ""FileMetadata"", ""original_filename"": [""00000251.tif""], ""source_media_type"": [], ""date_of_digitization"": [], ""preservation_copy_of_id"": null, ""original_language_caption"": null}, {""id"": {""id"": ""5ea2aa89-73cd-45c7-86db-9ba52162d0c8""}, ""use"": [{""@id"": ""http://pcdm.org/use#ServiceFile""}], ""size"": [], ""label"": [""intermediate_file.tif""], ""width"": [], ""bounds"": [], ""height"": [], ""checksum"": [], ""duration"": [], ""geometry"": [], ""producer"": [], ""software"": [], ""mime_type"": [""image/tiff""], ""change_set"": null, ""created_at"": ""2026-09-29T21:15:16+00:00"", ""edit_users"": [], ""new_record"": true, ""page_count"": null, ""read_users"": [], ""updated_at"": ""2026-09-29T21:15:16+00:00"", ""edit_groups"": [], ""read_groups"": [], ""camera_model"": [], ""x_resolution"": [], ""y_resolution"": [], ""error_message"": [], ""bits_per_sample"": [], ""processing_note"": [], ""caption_language"": [], ""file_identifiers"": [{""id"": ""pyramidal-derivatives-shrine://5e/a2/aa/5ea2aa8973cd45c786db9ba52162d0c8/intermediate_file.tif""}], ""internal_resource"": ""FileMetadata"", ""original_filename"": [""intermediate_file.tif""], ""source_media_type"": [], ""date_of_digitization"": [], ""preservation_copy_of_id"": null, ""original_language_caption"": null}], ""service_targets"": [], ""cached_parent_id"": [{""id"": ""b7f6f438-4363-4003-8b74-779b5e31f210""}], ""processing_status"": [""processed""], ""optimistic_lock_token"": [{""token"": ""3"", ""adapter_id"": {""id"": ""746f06acf4d573bebd8c8a500b398589""}}]}",2026-09-29 21:14:48.155689,2026-09-30 13:41:30.430567,FileSet,4
702ceb3f-83e9-4afa-ba15-c7da821ce412,"{""part"": [], ""side"": [], ""title"": [""00000252.tif""], ""barcode"": [], ""edit_users"": [], ""highlights"": [], ""member_ids"": [], ""read_users"": [], ""edit_groups"": [], ""read_groups"": [""public""], ""file_metadata"": [{""id"": {""id"": ""281f8ce8-01f9-4b03-8416-a73404b6ee82""}, ""use"": [{""@id"": ""http://pcdm.org/use#OriginalFile""}], ""size"": [""59796536""], ""label"": [""00000252.tif""], ""width"": [""3680""], ""bounds"": [], ""height"": [""5411""], ""checksum"": [{""id"": null, ""md5"": ""054ac54da6708635572c1ffb997a8d89"", ""sha1"": ""a842c949d1de16ce0bc2a123ff082165a4cc9e75"", ""sha256"": ""d33c0f85e61441f89a6cd3f09ff7fef9daa4cb48d8a47a72b418f0bc4e83040c"", ""created_at"": null, ""new_record"": true, ""updated_at"": null, ""internal_resource"": ""MultiChecksum""}], ""duration"": [], ""geometry"": [], ""producer"": [], ""software"": [], ""mime_type"": [""image/tiff""], ""change_set"": null, ""created_at"": ""2026-09-29T21:14:04+00:00"", ""edit_users"": [], ""new_record"": true, ""page_count"": null, ""read_users"": [], ""updated_at"": ""2026-09-29T21:14:04+00:00"", ""edit_groups"": [], ""read_groups"": [], ""camera_model"": [], ""x_resolution"": [], ""y_resolution"": [], ""error_message"": [], ""bits_per_sample"": [], ""processing_note"": [], ""caption_language"": [], ""file_identifiers"": [{""id"": ""disk:///opt/repository/files/28/1f/8c/281f8ce801f94b038416a73404b6ee82/00000252.tif""}], ""internal_resource"": ""FileMetadata"", ""original_filename"": [""00000252.tif""], ""source_media_type"": [], ""date_of_digitization"": [], ""preservation_copy_of_id"": null, ""original_language_caption"": null}, {""id"": {""id"": ""726282d9-2d43-412b-93e3-001ff496c961""}, ""use"": [{""@id"": ""http://pcdm.org/use#ServiceFile""}], ""size"": [], ""label"": [""intermediate_file.tif""], ""width"": [], ""bounds"": [], ""height"": [], ""checksum"": [], ""duration"": [], ""geometry"": [], ""producer"": [], ""software"": [], ""mime_type"": [""image/tiff""], ""change_set"": null, ""created_at"": ""2026-09-29T21:15:20+00:00"", ""edit_users"": [], ""new_record"": true, ""page_count"": null, ""read_users"": [], ""updated_at"": ""2026-09-29T21:15:20+00:00"", ""edit_groups"": [], ""read_groups"": [], ""camera_model"": [], ""x_resolution"": [], ""y_resolution"": [], ""error_message"": [], ""bits_per_sample"": [], ""processing_note"": [], ""caption_language"": [], ""file_identifiers"": [{""id"": ""pyramidal-derivatives-shrine://72/62/82/726282d92d43412b93e3001ff496c961/intermediate_file.tif""}], ""internal_resource"": ""FileMetadata"", ""original_filename"": [""intermediate_file.tif""], ""source_media_type"": [], ""date_of_digitization"": [], ""preservation_copy_of_id"": null, ""original_language_caption"": null}], ""service_targets"": [], ""cached_parent_id"": [{""id"": ""b7f6f438-4363-4003-8b74-779b5e31f210""}], ""processing_status"": [""processed""], ""optimistic_lock_token"": [{""token"": ""3"", ""adapter_id"": {""id"": ""746f06acf4d573bebd8c8a500b398589""}}]}",2026-09-29 21:14:48.162168,2026-09-30 13:41:30.451334,FileSet,4
ac4bec1b-7ba3-4452-a42b-5e8afbe52c35,"{""part"": [], ""side"": [], ""title"": [""00000253.tif""], ""barcode"": [], ""edit_users"": [], ""highlights"": [], ""member_ids"": [], ""read_users"": [], ""edit_groups"": [], ""read_groups"": [""public""], ""file_metadata"": [{""id"": {""id"": ""ba59c230-b59c-4d61-8175-22d63a67340a""}, ""use"": [{""@id"": ""http://pcdm.org/use#OriginalFile""}], ""size"": [""53936890""], ""label"": [""00000253.tif""], ""width"": [""3413""], ""bounds"": [], ""height"": [""5262""], ""checksum"": [{""id"": null, ""md5"": ""f4b62a2d44c9cbf29c33e2c9445a0202"", ""sha1"": ""a8629b9b0236970e4c2979bdba2b0fd6266a4ef8"", ""sha256"": ""1ff9e43a0886d584c1fde6d76291c489b25b93e9e59d3d22acf8f6e9b19c4364"", ""created_at"": null, ""new_record"": true, ""updated_at"": null, ""internal_resource"": ""MultiChecksum""}], ""duration"": [], ""geometry"": [], ""producer"": [], ""software"": [], ""mime_type"": [""image/tiff""], ""change_set"": null, ""created_at"": ""2026-09-29T21:14:10+00:00"", ""edit_users"": [], ""new_record"": true, ""page_count"": null, ""read_users"": [], ""updated_at"": ""2026-09-29T21:14:10+00:00"", ""edit_groups"": [], ""read_groups"": [], ""camera_model"": [], ""x_resolution"": [], ""y_resolution"": [], ""error_message"": [], ""bits_per_sample"": [], ""processing_note"": [], ""caption_language"": [], ""file_identifiers"": [{""id"": ""disk:///opt/repository/files/ba/59/c2/ba59c230b59c4d61817522d63a67340a/00000253.tif""}], ""internal_resource"": ""FileMetadata"", ""original_filename"": [""00000253.tif""], ""source_media_type"": [], ""date_of_digitization"": [], ""preservation_copy_of_id"": null, ""original_language_caption"": null}, {""id"": {""id"": ""813a0e31-71a3-46b5-8544-5b238f950058""}, ""use"": [{""@id"": ""http://pcdm.org/use#ServiceFile""}], ""size"": [], ""label"": [""intermediate_file.tif""], ""width"": [], ""bounds"": [], ""height"": [], ""checksum"": [], ""duration"": [], ""geometry"": [], ""producer"": [], ""software"": [], ""mime_type"": [""image/tiff""], ""change_set"": null, ""created_at"": ""2026-09-29T21:15:17+00:00"", ""edit_users"": [], ""new_record"": true, ""page_count"": null, ""read_users"": [], ""updated_at"": ""2026-09-29T21:15:17+00:00"", ""edit_groups"": [], ""read_groups"": [], ""camera_model"": [], ""x_resolution"": [], ""y_resolution"": [], ""error_message"": [], ""bits_per_sample"": [], ""processing_note"": [], ""caption_language"": [], ""file_identifiers"": [{""id"": ""pyramidal-derivatives-shrine://81/3a/0e/813a0e3171a346b585445b238f950058/intermediate_file.tif""}], ""internal_resource"": ""FileMetadata"", ""original_filename"": [""intermediate_file.tif""], ""source_media_type"": [], ""date_of_digitization"": [], ""preservation_copy_of_id"": null, ""original_language_caption"": null}], ""service_targets"": [], ""cached_parent_id"": [{""id"": ""b7f6f438-4363-4003-8b74-779b5e31f210""}], ""processing_status"": [""processed""], ""optimistic_lock_token"": [{""token"": ""3"", ""adapter_id"": {""id"": ""746f06acf4d573bebd8c8a500b398589""}}]}",2026-09-29 21:14:48.168781,2026-09-30 13:41:30.465769,FileSet,4
192ff634-09bc-4ad2-8199-4a874f69e54c,"{""part"": [], ""side"": [], ""title"": [""00000254.tif""], ""barcode"": [], ""edit_users"": [], ""highlights"": [], ""member_ids"": [], ""read_users"": [], ""edit_groups"": [], ""read_groups"": [""public""], ""file_metadata"": [{""id"": {""id"": ""b70fc980-ebd3-427c-acbf-b714925fb44c""}, ""use"": [{""@id"": ""http://pcdm.org/use#OriginalFile""}], ""size"": [""59796536""], ""label"": [""00000254.tif""], ""width"": [""3680""], ""bounds"": [], ""height"": [""5411""], ""checksum"": [{""id"": null, ""md5"": ""ba1fc7796aa38a55ba213fb94b91fb12"", ""sha1"": ""ac12947a4588a26e58248beb26b745bf10442249"", ""sha256"": ""50e953720431c4cdbcacb99f446a2f34c1f48a762d796fc157540c6d311a5afe"", ""created_at"": null, ""new_record"": true, ""updated_at"": null, ""internal_resource"": ""MultiChecksum""}], ""duration"": [], ""geometry"": [], ""producer"": [], ""software"": [], ""mime_type"": [""image/tiff""], ""change_set"": null, ""created_at"": ""2026-09-29T21:14:14+00:00"", ""edit_users"": [], ""new_record"": true, ""page_count"": null, ""read_users"": [], ""updated_at"": ""2026-09-29T21:14:14+00:00"", ""edit_groups"": [], ""read_groups"": [], ""camera_model"": [], ""x_resolution"": [], ""y_resolution"": [], ""error_message"": [], ""bits_per_sample"": [], ""processing_note"": [], ""caption_language"": [], ""file_identifiers"": [{""id"": ""disk:///opt/repository/files/b7/0f/c9/b70fc980ebd3427cacbfb714925fb44c/00000254.tif""}], ""internal_resource"": ""FileMetadata"", ""original_filename"": [""00000254.tif""], ""source_media_type"": [], ""date_of_digitization"": [], ""preservation_copy_of_id"": null, ""original_language_caption"": null}, {""id"": {""id"": ""9b281c2f-c842-4aa9-8ccc-1375a65726c9""}, ""use"": [{""@id"": ""http://pcdm.org/use#ServiceFile""}], ""size"": [], ""label"": [""intermediate_file.tif""], ""width"": [], ""bounds"": [], ""height"": [], ""checksum"": [], ""duration"": [], ""geometry"": [], ""producer"": [], ""software"": [], ""mime_type"": [""image/tiff""], ""change_set"": null, ""created_at"": ""2026-09-29T21:15:24+00:00"", ""edit_users"": [], ""new_record"": true, ""page_count"": null, ""read_users"": [], ""updated_at"": ""2026-09-29T21:15:24+00:00"", ""edit_groups"": [], ""read_groups"": [], ""camera_model"": [], ""x_resolution"": [], ""y_resolution"": [], ""error_message"": [], ""bits_per_sample"": [], ""processing_note"": [], ""caption_language"": [], ""file_identifiers"": [{""id"": ""pyramidal-derivatives-shrine://9b/28/1c/9b281c2fc8424aa98ccc1375a65726c9/intermediate_file.tif""}], ""internal_resource"": ""FileMetadata"", ""original_filename"": [""intermediate_file.tif""], ""source_media_type"": [], ""date_of_digitization"": [], ""preservation_copy_of_id"": null, ""original_language_caption"": null}], ""service_targets"": [], ""cached_parent_id"": [{""id"": ""b7f6f438-4363-4003-8b74-779b5e31f210""}], ""processing_status"": [""processed""], ""optimistic_lock_token"": [{""token"": ""3"", ""adapter_id"": {""id"": ""746f06acf4d573bebd8c8a500b398589""}}]}",2026-09-29 21:14:48.175159,2026-09-30 13:41:30.480251,FileSet,4
43ea44c6-bf50-49e8-9d76-4094be79f113,"{""part"": [], ""side"": [], ""title"": [""00000255.tif""], ""barcode"": [], ""edit_users"": [], ""highlights"": [], ""member_ids"": [], ""read_users"": [], ""edit_groups"": [], ""read_groups"": [""public""], ""file_metadata"": [{""id"": {""id"": ""785ea7b0-0795-44be-9881-7bf67274438d""}, ""use"": [{""@id"": ""http://pcdm.org/use#OriginalFile""}], ""size"": [""53936890""], ""label"": [""00000255.tif""], ""width"": [""3413""], ""bounds"": [], ""height"": [""5262""], ""checksum"": [{""id"": null, ""md5"": ""7484661fedbcd9951c4ce6a9d42e9a1b"", ""sha1"": ""175a4859a776d801f434e2e7d3fecb1299bb7d4a"", ""sha256"": ""70c18714aa116c297c02053ef11ac89b42b9c1cec42aced3ef0a1bcd58bb22fd"", ""created_at"": null, ""new_record"": true, ""updated_at"": null, ""internal_resource"": ""MultiChecksum""}], ""duration"": [], ""geometry"": [], ""producer"": [], ""software"": [], ""mime_type"": [""image/tiff""], ""change_set"": null, ""created_at"": ""2026-09-29T21:14:20+00:00"", ""edit_users"": [], ""new_record"": true, ""page_count"": null, ""read_users"": [], ""updated_at"": ""2026-09-29T21:14:20+00:00"", ""edit_groups"": [], ""read_groups"": [], ""camera_model"": [], ""x_resolution"": [], ""y_resolution"": [], ""error_message"": [], ""bits_per_sample"": [], ""processing_note"": [], ""caption_language"": [], ""file_identifiers"": [{""id"": ""disk:///opt/repository/files/78/5e/a7/785ea7b0079544be98817bf67274438d/00000255.tif""}], ""internal_resource"": ""FileMetadata"", ""original_filename"": [""00000255.tif""], ""source_media_type"": [], ""date_of_digitization"": [], ""preservation_copy_of_id"": null, ""original_language_caption"": null}, {""id"": {""id"": ""a5aa621a-8908-47a9-b9ba-7bdf0b153ca1""}, ""use"": [{""@id"": ""http://pcdm.org/use#ServiceFile""}], ""size"": [], ""label"": [""intermediate_file.tif""], ""width"": [], ""bounds"": [], ""height"": [], ""checksum"": [], ""duration"": [], ""geometry"": [], ""producer"": [], ""software"": [], ""mime_type"": [""image/tiff""], ""change_set"": null, ""created_at"": ""2026-09-29T21:15:16+00:00"", ""edit_users"": [], ""new_record"": true, ""page_count"": null, ""read_users"": [], ""updated_at"": ""2026-09-29T21:15:16+00:00"", ""edit_groups"": [], ""read_groups"": [], ""camera_model"": [], ""x_resolution"": [], ""y_resolution"": [], ""error_message"": [], ""bits_per_sample"": [], ""processing_note"": [], ""caption_language"": [], ""file_identifiers"": [{""id"": ""pyramidal-derivatives-shrine://a5/aa/62/a5aa621a890847a9b9ba7bdf0b153ca1/intermediate_file.tif""}], ""internal_resource"": ""FileMetadata"", ""original_filename"": [""intermediate_file.tif""], ""source_media_type"": [], ""date_of_digitization"": [], ""preservation_copy_of_id"": null, ""original_language_caption"": null}], ""service_targets"": [], ""cached_parent_id"": [{""id"": ""b7f6f438-4363-4003-8b74-779b5e31f210""}], ""processing_status"": [""processed""], ""optimistic_lock_token"": [{""token"": ""3"", ""adapter_id"": {""id"": ""746f06acf4d573bebd8c8a500b398589""}}]}",2026-09-29 21:14:48.184628,2026-09-30 13:41:30.494051,FileSet,4
fdd4af53-30f7-49f9-845b-58b92e9c59a6,"{""part"": [], ""side"": [], ""title"": [""00000256.tif""], ""barcode"": [], ""edit_users"": [], ""highlights"": [], ""member_ids"": [], ""read_users"": [], ""edit_groups"": [], ""read_groups"": [""public""], ""file_metadata"": [{""id"": {""id"": ""2e638ca9-80be-4feb-928b-c99bb5f059b6""}, ""use"": [{""@id"": ""http://pcdm.org/use#OriginalFile""}], ""size"": [""59796536""], ""label"": [""00000256.tif""], ""width"": [""3680""], ""bounds"": [], ""height"": [""5411""], ""checksum"": [{""id"": null, ""md5"": ""269be153853763abd8809f1dab11ff97"", ""sha1"": ""86bb8b116c5ffcb8b3d2571abcf92da449181383"", ""sha256"": ""9c9b15ae9a69a067f6e94394e7618bb37427d20d9db61b2ba9d056a38c708400"", ""created_at"": null, ""new_record"": true, ""updated_at"": null, ""internal_resource"": ""MultiChecksum""}], ""duration"": [], ""geometry"": [], ""producer"": [], ""software"": [], ""mime_type"": [""image/tiff""], ""change_set"": null, ""created_at"": ""2026-09-29T21:14:23+00:00"", ""edit_users"": [], ""new_record"": true, ""page_count"": null, ""read_users"": [], ""updated_at"": ""2026-09-29T21:14:23+00:00"", ""edit_groups"": [], ""read_groups"": [], ""camera_model"": [], ""x_resolution"": [], ""y_resolution"": [], ""error_message"": [], ""bits_per_sample"": [], ""processing_note"": [], ""caption_language"": [], ""file_identifiers"": [{""id"": ""disk:///opt/repository/files/2e/63/8c/2e638ca980be4feb928bc99bb5f059b6/00000256.tif""}], ""internal_resource"": ""FileMetadata"", ""original_filename"": [""00000256.tif""], ""source_media_type"": [], ""date_of_digitization"": [], ""preservation_copy_of_id"": null, ""original_language_caption"": null}, {""id"": {""id"": ""85b5d528-7656-4d2f-9deb-e76822877938""}, ""use"": [{""@id"": ""http://pcdm.org/use#ServiceFile""}], ""size"": [], ""label"": [""intermediate_file.tif""], ""width"": [], ""bounds"": [], ""height"": [], ""checksum"": [], ""duration"": [], ""geometry"": [], ""producer"": [], ""software"": [], ""mime_type"": [""image/tiff""], ""change_set"": null, ""created_at"": ""2026-09-29T21:15:20+00:00"", ""edit_users"": [], ""new_record"": true, ""page_count"": null, ""read_users"": [], ""updated_at"": ""2026-09-29T21:15:20+00:00"", ""edit_groups"": [], ""read_groups"": [], ""camera_model"": [], ""x_resolution"": [], ""y_resolution"": [], ""error_message"": [], ""bits_per_sample"": [], ""processing_note"": [], ""caption_language"": [], ""file_identifiers"": [{""id"": ""pyramidal-derivatives-shrine://85/b5/d5/85b5d52876564d2f9debe76822877938/intermediate_file.tif""}], ""internal_resource"": ""FileMetadata"", ""original_filename"": [""intermediate_file.tif""], ""source_media_type"": [], ""date_of_digitization"": [], ""preservation_copy_of_id"": null, ""original_language_caption"": null}], ""service_targets"": [], ""cached_parent_id"": [{""id"": ""b7f6f438-4363-4003-8b74-779b5e31f210""}], ""processing_status"": [""processed""], ""optimistic_lock_token"": [{""token"": ""3"", ""adapter_id"": {""id"": ""746f06acf4d573bebd8c8a500b398589""}}]}",2026-09-29 21:14:48.193901,2026-09-30 13:41:30.509007,FileSet,4
27a8f426-00d4-4671-a28f-24988172789f,"{""part"": [], ""side"": [], ""title"": [""00000257.tif""], ""barcode"": [], ""edit_users"": [], ""highlights"": [], ""member_ids"": [], ""read_users"": [], ""edit_groups"": [], ""read_groups"": [""public""], ""file_metadata"": [{""id"": {""id"": ""148f075e-3b4c-4bd5-b56d-4b4cad4586d6""}, ""use"": [{""@id"": ""http://pcdm.org/use#OriginalFile""}], ""size"": [""55279660""], ""label"": [""00000257.tif""], ""width"": [""3498""], ""bounds"": [], ""height"": [""5262""], ""checksum"": [{""id"": null, ""md5"": ""d964f480c2a4c640b58376e58ca2dbc0"", ""sha1"": ""93f64670ec10e5d93e129df3f2443ca7a82d0ba1"", ""sha256"": ""85c4103078a0a1a24cc5d695a5d13f3e23a49cd07d73d4d142c7ec7f5997143a"", ""created_at"": null, ""new_record"": true, ""updated_at"": null, ""internal_resource"": ""MultiChecksum""}], ""duration"": [], ""geometry"": [], ""producer"": [], ""software"": [], ""mime_type"": [""image/tiff""], ""change_set"": null, ""created_at"": ""2026-09-29T21:14:30+00:00"", ""edit_users"": [], ""new_record"": true, ""page_count"": null, ""read_users"": [], ""updated_at"": ""2026-09-29T21:14:30+00:00"", ""edit_groups"": [], ""read_groups"": [], ""camera_model"": [], ""x_resolution"": [], ""y_resolution"": [], ""error_message"": [], ""bits_per_sample"": [], ""processing_note"": [], ""caption_language"": [], ""file_identifiers"": [{""id"": ""disk:///opt/repository/files/14/8f/07/148f075e3b4c4bd5b56d4b4cad4586d6/00000257.tif""}], ""internal_resource"": ""FileMetadata"", ""original_filename"": [""00000257.tif""], ""source_media_type"": [], ""date_of_digitization"": [], ""preservation_copy_of_id"": null, ""original_language_caption"": null}, {""id"": {""id"": ""75d8e991-b65d-4555-b68f-a16da8091e66""}, ""use"": [{""@id"": ""http://pcdm.org/use#ServiceFile""}], ""size"": [], ""label"": [""intermediate_file.tif""], ""width"": [], ""bounds"": [], ""height"": [], ""checksum"": [], ""duration"": [], ""geometry"": [], ""producer"": [], ""software"": [], ""mime_type"": [""image/tiff""], ""change_set"": null, ""created_at"": ""2026-09-29T21:15:24+00:00"", ""edit_users"": [], ""new_record"": true, ""page_count"": null, ""read_users"": [], ""updated_at"": ""2026-09-29T21:15:24+00:00"", ""edit_groups"": [], ""read_groups"": [], ""camera_model"": [], ""x_resolution"": [], ""y_resolution"": [], ""error_message"": [], ""bits_per_sample"": [], ""processing_note"": [], ""caption_language"": [], ""file_identifiers"": [{""id"": ""pyramidal-derivatives-shrine://75/d8/e9/75d8e991b65d4555b68fa16da8091e66/intermediate_file.tif""}], ""internal_resource"": ""FileMetadata"", ""original_filename"": [""intermediate_file.tif""], ""source_media_type"": [], ""date_of_digitization"": [], ""preservation_copy_of_id"": null, ""original_language_caption"": null}], ""service_targets"": [], ""cached_parent_id"": [{""id"": ""b7f6f438-4363-4003-8b74-779b5e31f210""}], ""processing_status"": [""processed""], ""optimistic_lock_token"": [{""token"": ""3"", ""adapter_id"": {""id"": ""746f06acf4d573bebd8c8a500b398589""}}]}",2026-09-29 21:14:48.199402,2026-09-30 13:41:30.547544,FileSet,4
86c73500-745a-4426-ae7a-fc996abd2ab0,"{""part"": [], ""side"": [], ""title"": [""00000258.tif""], ""barcode"": [], ""edit_users"": [], ""highlights"": [], ""member_ids"": [], ""read_users"": [], ""edit_groups"": [], ""read_groups"": [""public""], ""file_metadata"": [{""id"": {""id"": ""dbb09b56-c8e8-4330-b0db-bd624106e325""}, ""use"": [{""@id"": ""http://pcdm.org/use#OriginalFile""}], ""size"": [""58578102""], ""label"": [""00000258.tif""], ""width"": [""3605""], ""bounds"": [], ""height"": [""5411""], ""checksum"": [{""id"": null, ""md5"": ""0bf181bce45803bbde61b4f55c0ef733"", ""sha1"": ""e15ed5bfdd98e1d3286ff71fb8366b8039a67214"", ""sha256"": ""6c63436e0faadf215c910ff484c2455acd17d2e0ecec8cdbd63ee8f84a669fbf"", ""created_at"": null, ""new_record"": true, ""updated_at"": null, ""internal_resource"": ""MultiChecksum""}], ""duration"": [], ""geometry"": [], ""producer"": [], ""software"": [], ""mime_type"": [""image/tiff""], ""change_set"": null, ""created_at"": ""2026-09-29T21:14:33+00:00"", ""edit_users"": [], ""new_record"": true, ""page_count"": null, ""read_users"": [], ""updated_at"": ""2026-09-29T21:14:33+00:00"", ""edit_groups"": [], ""read_groups"": [], ""camera_model"": [], ""x_resolution"": [], ""y_resolution"": [], ""error_message"": [], ""bits_per_sample"": [], ""processing_note"": [], ""caption_language"": [], ""file_identifiers"": [{""id"": ""disk:///opt/repository/files/db/b0/9b/dbb09b56c8e84330b0dbbd624106e325/00000258.tif""}], ""internal_resource"": ""FileMetadata"", ""original_filename"": [""00000258.tif""], ""source_media_type"": [], ""date_of_digitization"": [], ""preservation_copy_of_id"": null, ""original_language_caption"": null}, {""id"": {""id"": ""60aa5922-829b-4a8c-bcb4-c5bb229e2648""}, ""use"": [{""@id"": ""http://pcdm.org/use#ServiceFile""}], ""size"": [], ""label"": [""intermediate_file.tif""], ""width"": [], ""bounds"": [], ""height"": [], ""checksum"": [], ""duration"": [], ""geometry"": [], ""producer"": [], ""software"": [], ""mime_type"": [""image/tiff""], ""change_set"": null, ""created_at"": ""2026-09-29T21:15:18+00:00"", ""edit_users"": [], ""new_record"": true, ""page_count"": null, ""read_users"": [], ""updated_at"": ""2026-09-29T21:15:18+00:00"", ""edit_groups"": [], ""read_groups"": [], ""camera_model"": [], ""x_resolution"": [], ""y_resolution"": [], ""error_message"": [], ""bits_per_sample"": [], ""processing_note"": [], ""caption_language"": [], ""file_identifiers"": [{""id"": ""pyramidal-derivatives-shrine://60/aa/59/60aa5922829b4a8cbcb4c5bb229e2648/intermediate_file.tif""}], ""internal_resource"": ""FileMetadata"", ""original_filename"": [""intermediate_file.tif""], ""source_media_type"": [], ""date_of_digitization"": [], ""preservation_copy_of_id"": null, ""original_language_caption"": null}], ""service_targets"": [], ""cached_parent_id"": [{""id"": ""b7f6f438-4363-4003-8b74-779b5e31f210""}], ""processing_status"": [""processed""], ""optimistic_lock_token"": [{""token"": ""3"", ""adapter_id"": {""id"": ""746f06acf4d573bebd8c8a500b398589""}}]}",2026-09-29 21:14:48.204705,2026-09-30 13:41:30.568815,FileSet,4
7b9a5da9-45bd-4dca-a969-94d064e1732b,"{""part"": [], ""side"": [], ""title"": [""00000259.tif""], ""barcode"": [], ""edit_users"": [], ""highlights"": [], ""member_ids"": [], ""read_users"": [], ""edit_groups"": [], ""read_groups"": [""public""], ""file_metadata"": [{""id"": {""id"": ""87f4bd93-a7c6-424b-91ae-c8f7b7e5d382""}, ""use"": [{""@id"": ""http://pcdm.org/use#OriginalFile""}], ""size"": [""55279660""], ""label"": [""00000259.tif""], ""width"": [""3498""], ""bounds"": [], ""height"": [""5262""], ""checksum"": [{""id"": null, ""md5"": ""be018c755e7f251a7ec87a98d0201a7a"", ""sha1"": ""c013dcef94742ddf18abcde555835c31d3d5060e"", ""sha256"": ""06eb020e1cd22a255d66995d09c2dc6be68a32e7fcd0589d45bfb47b44983037"", ""created_at"": null, ""new_record"": true, ""updated_at"": null, ""internal_resource"": ""MultiChecksum""}], ""duration"": [], ""geometry"": [], ""producer"": [], ""software"": [], ""mime_type"": [""image/tiff""], ""change_set"": null, ""created_at"": ""2026-09-29T21:14:39+00:00"", ""edit_users"": [], ""new_record"": true, ""page_count"": null, ""read_users"": [], ""updated_at"": ""2026-09-29T21:14:39+00:00"", ""edit_groups"": [], ""read_groups"": [], ""camera_model"": [], ""x_resolution"": [], ""y_resolution"": [], ""error_message"": [], ""bits_per_sample"": [], ""processing_note"": [], ""caption_language"": [], ""file_identifiers"": [{""id"": ""disk:///opt/repository/files/87/f4/bd/87f4bd93a7c6424b91aec8f7b7e5d382/00000259.tif""}], ""internal_resource"": ""FileMetadata"", ""original_filename"": [""00000259.tif""], ""source_media_type"": [], ""date_of_digitization"": [], ""preservation_copy_of_id"": null, ""original_language_caption"": null}, {""id"": {""id"": ""f3fe20f6-610e-466b-b9e2-1d15143ebd1b""}, ""use"": [{""@id"": ""http://pcdm.org/use#ServiceFile""}], ""size"": [], ""label"": [""intermediate_file.tif""], ""width"": [], ""bounds"": [], ""height"": [], ""checksum"": [], ""duration"": [], ""geometry"": [], ""producer"": [], ""software"": [], ""mime_type"": [""image/tiff""], ""change_set"": null, ""created_at"": ""2026-09-29T21:15:17+00:00"", ""edit_users"": [], ""new_record"": true, ""page_count"": null, ""read_users"": [], ""updated_at"": ""2026-09-29T21:15:17+00:00"", ""edit_groups"": [], ""read_groups"": [], ""camera_model"": [], ""x_resolution"": [], ""y_resolution"": [], ""error_message"": [], ""bits_per_sample"": [], ""processing_note"": [], ""caption_language"": [], ""file_identifiers"": [{""id"": ""pyramidal-derivatives-shrine://f3/fe/20/f3fe20f6610e466bb9e21d15143ebd1b/intermediate_file.tif""}], ""internal_resource"": ""FileMetadata"", ""original_filename"": [""intermediate_file.tif""], ""source_media_type"": [], ""date_of_digitization"": [], ""preservation_copy_of_id"": null, ""original_language_caption"": null}], ""service_targets"": [], ""cached_parent_id"": [{""id"": ""b7f6f438-4363-4003-8b74-779b5e31f210""}], ""processing_status"": [""processed""], ""optimistic_lock_token"": [{""token"": ""3"", ""adapter_id"": {""id"": ""746f06acf4d573bebd8c8a500b398589""}}]}",2026-09-29 21:14:48.209739,2026-09-30 13:41:30.588701,FileSet,4
49e6de4f-39b4-41eb-a1af-ec529efe5d1a,"{""part"": [], ""side"": [], ""title"": [""00000260.tif""], ""barcode"": [], ""edit_users"": [], ""highlights"": [], ""member_ids"": [], ""read_users"": [], ""edit_groups"": [], ""read_groups"": [""public""], ""file_metadata"": [{""id"": {""id"": ""a5fa0930-f0ba-47ac-a153-7eb63a9496fa""}, ""use"": [{""@id"": ""http://pcdm.org/use#OriginalFile""}], ""size"": [""58578102""], ""label"": [""00000260.tif""], ""width"": [""3605""], ""bounds"": [], ""height"": [""5411""], ""checksum"": [{""id"": null, ""md5"": ""e22d8b0c13858157238e016e4d8f890b"", ""sha1"": ""41370304f8dcbbccfe296872f0f048d20e19ae5b"", ""sha256"": ""fdace0b3e8f4d6601dd9ae3bcbdc73ce85c93575c2fd209bca279bce68f37b4a"", ""created_at"": null, ""new_record"": true, ""updated_at"": null, ""internal_resource"": ""MultiChecksum""}], ""duration"": [], ""geometry"": [], ""producer"": [], ""software"": [], ""mime_type"": [""image/tiff""], ""change_set"": null, ""created_at"": ""2026-09-29T21:14:42+00:00"", ""edit_users"": [], ""new_record"": true, ""page_count"": null, ""read_users"": [], ""updated_at"": ""2026-09-29T21:14:42+00:00"", ""edit_groups"": [], ""read_groups"": [], ""camera_model"": [], ""x_resolution"": [], ""y_resolution"": [], ""error_message"": [], ""bits_per_sample"": [], ""processing_note"": [], ""caption_language"": [], ""file_identifiers"": [{""id"": ""disk:///opt/repository/files/a5/fa/09/a5fa0930f0ba47aca1537eb63a9496fa/00000260.tif""}], ""internal_resource"": ""FileMetadata"", ""original_filename"": [""00000260.tif""], ""source_media_type"": [], ""date_of_digitization"": [], ""preservation_copy_of_id"": null, ""original_language_caption"": null}, {""id"": {""id"": ""1e8c34a3-225f-4f0f-834f-8ba0d05cb213""}, ""use"": [{""@id"": ""http://pcdm.org/use#ServiceFile""}], ""size"": [], ""label"": [""intermediate_file.tif""], ""width"": [], ""bounds"": [], ""height"": [], ""checksum"": [], ""duration"": [], ""geometry"": [], ""producer"": [], ""software"": [], ""mime_type"": [""image/tiff""], ""change_set"": null, ""created_at"": ""2026-09-29T21:16:41+00:00"", ""edit_users"": [], ""new_record"": true, ""page_count"": null, ""read_users"": [], ""updated_at"": ""2026-09-29T21:16:41+00:00"", ""edit_groups"": [], ""read_groups"": [], ""camera_model"": [], ""x_resolution"": [], ""y_resolution"": [], ""error_message"": [], ""bits_per_sample"": [], ""processing_note"": [], ""caption_language"": [], ""file_identifiers"": [{""id"": ""pyramidal-derivatives-shrine://1e/8c/34/1e8c34a3225f4f0f834f8ba0d05cb213/intermediate_file.tif""}], ""internal_resource"": ""FileMetadata"", ""original_filename"": [""intermediate_file.tif""], ""source_media_type"": [], ""date_of_digitization"": [], ""preservation_copy_of_id"": null, ""original_language_caption"": null}], ""service_targets"": [], ""cached_parent_id"": [{""id"": ""b7f6f438-4363-4003-8b74-779b5e31f210""}], ""processing_status"": [""processed""], ""optimistic_lock_token"": [{""token"": ""3"", ""adapter_id"": {""id"": ""746f06acf4d573bebd8c8a500b398589""}}]}",2026-09-29 21:14:48.214203,2026-09-30 13:41:30.607574,FileSet,4
976c466a-d8cf-42c5-95ff-0a5ee55803c1,"{""part"": [], ""side"": [], ""title"": [""00000261.tif""], ""barcode"": [], ""edit_users"": [], ""highlights"": [], ""member_ids"": [], ""read_users"": [], ""edit_groups"": [], ""read_groups"": [""public""], ""file_metadata"": [{""id"": {""id"": ""430a41f2-8885-4d48-8660-ab4365f622c6""}, ""use"": [{""@id"": ""http://pcdm.org/use#OriginalFile""}], ""size"": [""55279660""], ""label"": [""00000261.tif""], ""width"": [""3498""], ""bounds"": [], ""height"": [""5262""], ""checksum"": [{""id"": null, ""md5"": ""7fe5820552c6d5acda2f2ad6fd8780f9"", ""sha1"": ""30932376a359c879f906666b60fe8e52a88489b4"", ""sha256"": ""cc81e0055ec5a46f4efaaed6dd99324fea10218aa1009c90eab841c679af9a61"", ""created_at"": null, ""new_record"": true, ""updated_at"": null, ""internal_resource"": ""MultiChecksum""}], ""duration"": [], ""geometry"": [], ""producer"": [], ""software"": [], ""mime_type"": [""image/tiff""], ""change_set"": null, ""created_at"": ""2026-09-29T21:14:48+00:00"", ""edit_users"": [], ""new_record"": true, ""page_count"": null, ""read_users"": [], ""updated_at"": ""2026-09-29T21:14:48+00:00"", ""edit_groups"": [], ""read_groups"": [], ""camera_model"": [], ""x_resolution"": [], ""y_resolution"": [], ""error_message"": [], ""bits_per_sample"": [], ""processing_note"": [], ""caption_language"": [], ""file_identifiers"": [{""id"": ""disk:///opt/repository/files/43/0a/41/430a41f288854d488660ab4365f622c6/00000261.tif""}], ""internal_resource"": ""FileMetadata"", ""original_filename"": [""00000261.tif""], ""source_media_type"": [], ""date_of_digitization"": [], ""preservation_copy_of_id"": null, ""original_language_caption"": null}, {""id"": {""id"": ""348745b9-3a4a-4d2e-a6cc-39155f6885f0""}, ""use"": [{""@id"": ""http://pcdm.org/use#ServiceFile""}], ""size"": [], ""label"": [""intermediate_file.tif""], ""width"": [], ""bounds"": [], ""height"": [], ""checksum"": [], ""duration"": [], ""geometry"": [], ""producer"": [], ""software"": [], ""mime_type"": [""image/tiff""], ""change_set"": null, ""created_at"": ""2026-09-29T21:16:13+00:00"", ""edit_users"": [], ""new_record"": true, ""page_count"": null, ""read_users"": [], ""updated_at"": ""2026-09-29T21:16:13+00:00"", ""edit_groups"": [], ""read_groups"": [], ""camera_model"": [], ""x_resolution"": [], ""y_resolution"": [], ""error_message"": [], ""bits_per_sample"": [], ""processing_note"": [], ""caption_language"": [], ""file_identifiers"": [{""id"": ""pyramidal-derivatives-shrine://34/87/45/348745b93a4a4d2ea6cc39155f6885f0/intermediate_file.tif""}], ""internal_resource"": ""FileMetadata"", ""original_filename"": [""intermediate_file.tif""], ""source_media_type"": [], ""date_of_digitization"": [], ""preservation_copy_of_id"": null, ""original_language_caption"": null}], ""service_targets"": [], ""cached_parent_id"": [{""id"": ""b7f6f438-4363-4003-8b74-779b5e31f210""}], ""processing_status"": [""processed""], ""optimistic_lock_token"": [{""token"": ""3"", ""adapter_id"": {""id"": ""746f06acf4d573bebd8c8a500b398589""}}]}",2026-09-29 21:15:37.056418,2026-09-30 13:41:30.625481,FileSet,4
dea9ef12-6fb7-4235-a8a3-af48e4366678,"{""part"": [], ""side"": [], ""title"": [""00000262.tif""], ""barcode"": [], ""edit_users"": [], ""highlights"": [], ""member_ids"": [], ""read_users"": [], ""edit_groups"": [], ""read_groups"": [""public""], ""file_metadata"": [{""id"": {""id"": ""16cb27db-08e2-44c6-b746-cacb75ed4a31""}, ""use"": [{""@id"": ""http://pcdm.org/use#OriginalFile""}], ""size"": [""58578102""], ""label"": [""00000262.tif""], ""width"": [""3605""], ""bounds"": [], ""height"": [""5411""], ""checksum"": [{""id"": null, ""md5"": ""a3a4803e85c8ef512d36b2f7a2d01208"", ""sha1"": ""ff925a4e65b1e14ac41a040593c3217866c3dd25"", ""sha256"": ""c6b8d494b1f7d57953bdff5549224dc2236b3cdb9cb7cbdedb9931ac10ee4754"", ""created_at"": null, ""new_record"": true, ""updated_at"": null, ""internal_resource"": ""MultiChecksum""}], ""duration"": [], ""geometry"": [], ""producer"": [], ""software"": [], ""mime_type"": [""image/tiff""], ""change_set"": null, ""created_at"": ""2026-09-29T21:14:57+00:00"", ""edit_users"": [], ""new_record"": true, ""page_count"": null, ""read_users"": [], ""updated_at"": ""2026-09-29T21:14:57+00:00"", ""edit_groups"": [], ""read_groups"": [], ""camera_model"": [], ""x_resolution"": [], ""y_resolution"": [], ""error_message"": [], ""bits_per_sample"": [], ""processing_note"": [], ""caption_language"": [], ""file_identifiers"": [{""id"": ""disk:///opt/repository/files/16/cb/27/16cb27db08e244c6b746cacb75ed4a31/00000262.tif""}], ""internal_resource"": ""FileMetadata"", ""original_filename"": [""00000262.tif""], ""source_media_type"": [], ""date_of_digitization"": [], ""preservation_copy_of_id"": null, ""original_language_caption"": null}, {""id"": {""id"": ""dfb111c0-ec73-488e-ba58-004be17d08a7""}, ""use"": [{""@id"": ""http://pcdm.org/use#ServiceFile""}], ""size"": [], ""label"": [""intermediate_file.tif""], ""width"": [], ""bounds"": [], ""height"": [], ""checksum"": [], ""duration"": [], ""geometry"": [], ""producer"": [], ""software"": [], ""mime_type"": [""image/tiff""], ""change_set"": null, ""created_at"": ""2026-09-29T21:16:20+00:00"", ""edit_users"": [], ""new_record"": true, ""page_count"": null, ""read_users"": [], ""updated_at"": ""2026-09-29T21:16:20+00:00"", ""edit_groups"": [], ""read_groups"": [], ""camera_model"": [], ""x_resolution"": [], ""y_resolution"": [], ""error_message"": [], ""bits_per_sample"": [], ""processing_note"": [], ""caption_language"": [], ""file_identifiers"": [{""id"": ""pyramidal-derivatives-shrine://df/b1/11/dfb111c0ec73488eba58004be17d08a7/intermediate_file.tif""}], ""internal_resource"": ""FileMetadata"", ""original_filename"": [""intermediate_file.tif""], ""source_media_type"": [], ""date_of_digitization"": [], ""preservation_copy_of_id"": null, ""original_language_caption"": null}], ""service_targets"": [], ""cached_parent_id"": [{""id"": ""b7f6f438-4363-4003-8b74-779b5e31f210""}], ""processing_status"": [""processed""], ""optimistic_lock_token"": [{""token"": ""3"", ""adapter_id"": {""id"": ""746f06acf4d573bebd8c8a500b398589""}}]}",2026-09-29 21:15:37.062739,2026-09-30 13:41:30.644228,FileSet,4
9d988f9d-e87a-47c5-ab75-cd1fbc9e9175,"{""part"": [], ""side"": [], ""title"": [""00000263.tif""], ""barcode"": [], ""edit_users"": [], ""highlights"": [], ""member_ids"": [], ""read_users"": [], ""edit_groups"": [], ""read_groups"": [""public""], ""file_metadata"": [{""id"": {""id"": ""6e2b7915-91d3-49ae-be2d-f0e7682acce7""}, ""use"": [{""@id"": ""http://pcdm.org/use#OriginalFile""}], ""size"": [""55279660""], ""label"": [""00000263.tif""], ""width"": [""3498""], ""bounds"": [], ""height"": [""5262""], ""checksum"": [{""id"": null, ""md5"": ""e07deac488c5967ace90e963b63d658c"", ""sha1"": ""610cc654d73ccbbf72a3ed62ebd576ba9ec5ab09"", ""sha256"": ""2c21d8aa5d71e2582727908ed9919786997a22656c956edc7c6c5b9729273882"", ""created_at"": null, ""new_record"": true, ""updated_at"": null, ""internal_resource"": ""MultiChecksum""}], ""duration"": [], ""geometry"": [], ""producer"": [], ""software"": [], ""mime_type"": [""image/tiff""], ""change_set"": null, ""created_at"": ""2026-09-29T21:15:00+00:00"", ""edit_users"": [], ""new_record"": true, ""page_count"": null, ""read_users"": [], ""updated_at"": ""2026-09-29T21:15:00+00:00"", ""edit_groups"": [], ""read_groups"": [], ""camera_model"": [], ""x_resolution"": [], ""y_resolution"": [], ""error_message"": [], ""bits_per_sample"": [], ""processing_note"": [], ""caption_language"": [], ""file_identifiers"": [{""id"": ""disk:///opt/repository/files/6e/2b/79/6e2b791591d349aebe2df0e7682acce7/00000263.tif""}], ""internal_resource"": ""FileMetadata"", ""original_filename"": [""00000263.tif""], ""source_media_type"": [], ""date_of_digitization"": [], ""preservation_copy_of_id"": null, ""original_language_caption"": null}, {""id"": {""id"": ""7cba1b40-764d-4897-8cf4-712ca13b52e9""}, ""use"": [{""@id"": ""http://pcdm.org/use#ServiceFile""}], ""size"": [], ""label"": [""intermediate_file.tif""], ""width"": [], ""bounds"": [], ""height"": [], ""checksum"": [], ""duration"": [], ""geometry"": [], ""producer"": [], ""software"": [], ""mime_type"": [""image/tiff""], ""change_set"": null, ""created_at"": ""2026-09-29T21:16:20+00:00"", ""edit_users"": [], ""new_record"": true, ""page_count"": null, ""read_users"": [], ""updated_at"": ""2026-09-29T21:16:20+00:00"", ""edit_groups"": [], ""read_groups"": [], ""camera_model"": [], ""x_resolution"": [], ""y_resolution"": [], ""error_message"": [], ""bits_per_sample"": [], ""processing_note"": [], ""caption_language"": [], ""file_identifiers"": [{""id"": ""pyramidal-derivatives-shrine://7c/ba/1b/7cba1b40764d48978cf4712ca13b52e9/intermediate_file.tif""}], ""internal_resource"": ""FileMetadata"", ""original_filename"": [""intermediate_file.tif""], ""source_media_type"": [], ""date_of_digitization"": [], ""preservation_copy_of_id"": null, ""original_language_caption"": null}], ""service_targets"": [], ""cached_parent_id"": [{""id"": ""b7f6f438-4363-4003-8b74-779b5e31f210""}], ""processing_status"": [""processed""], ""optimistic_lock_token"": [{""token"": ""3"", ""adapter_id"": {""id"": ""746f06acf4d573bebd8c8a500b398589""}}]}",2026-09-29 21:15:37.068232,2026-09-30 13:41:30.661515,FileSet,4
6b6c81a4-baa1-4981-8f5a-a51e9b3560ca,"{""part"": [], ""side"": [], ""title"": [""00000264.tif""], ""barcode"": [], ""edit_users"": [], ""highlights"": [], ""member_ids"": [], ""read_users"": [], ""edit_groups"": [], ""read_groups"": [""public""], ""file_metadata"": [{""id"": {""id"": ""68f2ffa0-be7e-4f52-add9-fcfc46234ce1""}, ""use"": [{""@id"": ""http://pcdm.org/use#OriginalFile""}], ""size"": [""58578102""], ""label"": [""00000264.tif""], ""width"": [""3605""], ""bounds"": [], ""height"": [""5411""], ""checksum"": [{""id"": null, ""md5"": ""1b746477cd2dbeaa2815ebd0be905b7b"", ""sha1"": ""5d278c96dbaf9fb766cfc0b451c861157d60ff5a"", ""sha256"": ""92edfb0914a0cd1c796b2826387e2edc89bca0956ee971aee0829ad51dfd35c3"", ""created_at"": null, ""new_record"": true, ""updated_at"": null, ""internal_resource"": ""MultiChecksum""}], ""duration"": [], ""geometry"": [], ""producer"": [], ""software"": [], ""mime_type"": [""image/tiff""], ""change_set"": null, ""created_at"": ""2026-09-29T21:15:06+00:00"", ""edit_users"": [], ""new_record"": true, ""page_count"": null, ""read_users"": [], ""updated_at"": ""2026-09-29T21:15:06+00:00"", ""edit_groups"": [], ""read_groups"": [], ""camera_model"": [], ""x_resolution"": [], ""y_resolution"": [], ""error_message"": [], ""bits_per_sample"": [], ""processing_note"": [], ""caption_language"": [], ""file_identifiers"": [{""id"": ""disk:///opt/repository/files/68/f2/ff/68f2ffa0be7e4f52add9fcfc46234ce1/00000264.tif""}], ""internal_resource"": ""FileMetadata"", ""original_filename"": [""00000264.tif""], ""source_media_type"": [], ""date_of_digitization"": [], ""preservation_copy_of_id"": null, ""original_language_caption"": null}, {""id"": {""id"": ""2b748e73-2c30-4dce-a426-085eb21d946f""}, ""use"": [{""@id"": ""http://pcdm.org/use#ServiceFile""}], ""size"": [], ""label"": [""intermediate_file.tif""], ""width"": [], ""bounds"": [], ""height"": [], ""checksum"": [], ""duration"": [], ""geometry"": [], ""producer"": [], ""software"": [], ""mime_type"": [""image/tiff""], ""change_set"": null, ""created_at"": ""2026-09-29T21:16:20+00:00"", ""edit_users"": [], ""new_record"": true, ""page_count"": null, ""read_users"": [], ""updated_at"": ""2026-09-29T21:16:20+00:00"", ""edit_groups"": [], ""read_groups"": [], ""camera_model"": [], ""x_resolution"": [], ""y_resolution"": [], ""error_message"": [], ""bits_per_sample"": [], ""processing_note"": [], ""caption_language"": [], ""file_identifiers"": [{""id"": ""pyramidal-derivatives-shrine://2b/74/8e/2b748e732c304dcea426085eb21d946f/intermediate_file.tif""}], ""internal_resource"": ""FileMetadata"", ""original_filename"": [""intermediate_file.tif""], ""source_media_type"": [], ""date_of_digitization"": [], ""preservation_copy_of_id"": null, ""original_language_caption"": null}], ""service_targets"": [], ""cached_parent_id"": [{""id"": ""b7f6f438-4363-4003-8b74-779b5e31f210""}], ""processing_status"": [""processed""], ""optimistic_lock_token"": [{""token"": ""3"", ""adapter_id"": {""id"": ""746f06acf4d573bebd8c8a500b398589""}}]}",2026-09-29 21:15:37.072879,2026-09-30 13:41:30.681402,FileSet,4
9ca76ca8-7d25-4322-933c-e728d85e1083,"{""part"": [], ""side"": [], ""title"": [""00000265.tif""], ""barcode"": [], ""edit_users"": [], ""highlights"": [], ""member_ids"": [], ""read_users"": [], ""edit_groups"": [], ""read_groups"": [""public""], ""file_metadata"": [{""id"": {""id"": ""baefa9b5-8318-4163-9e31-9500599cd37b""}, ""use"": [{""@id"": ""http://pcdm.org/use#OriginalFile""}], ""size"": [""55279660""], ""label"": [""00000265.tif""], ""width"": [""3498""], ""bounds"": [], ""height"": [""5262""], ""checksum"": [{""id"": null, ""md5"": ""fdc897b14a07a94d5d3561ea5d3807be"", ""sha1"": ""294306a50811497fe0a2f4c9c44502d8de20f109"", ""sha256"": ""3442dee9c6864bd2817389aa1a84ca19ad5c698dec787c83f0f1646269235a81"", ""created_at"": null, ""new_record"": true, ""updated_at"": null, ""internal_resource"": ""MultiChecksum""}], ""duration"": [], ""geometry"": [], ""producer"": [], ""software"": [], ""mime_type"": [""image/tiff""], ""change_set"": null, ""created_at"": ""2026-09-29T21:15:10+00:00"", ""edit_users"": [], ""new_record"": true, ""page_count"": null, ""read_users"": [], ""updated_at"": ""2026-09-29T21:15:10+00:00"", ""edit_groups"": [], ""read_groups"": [], ""camera_model"": [], ""x_resolution"": [], ""y_resolution"": [], ""error_message"": [], ""bits_per_sample"": [], ""processing_note"": [], ""caption_language"": [], ""file_identifiers"": [{""id"": ""disk:///opt/repository/files/ba/ef/a9/baefa9b5831841639e319500599cd37b/00000265.tif""}], ""internal_resource"": ""FileMetadata"", ""original_filename"": [""00000265.tif""], ""source_media_type"": [], ""date_of_digitization"": [], ""preservation_copy_of_id"": null, ""original_language_caption"": null}, {""id"": {""id"": ""47d9d808-c7e0-41eb-81a0-642e07363a93""}, ""use"": [{""@id"": ""http://pcdm.org/use#ServiceFile""}], ""size"": [], ""label"": [""intermediate_file.tif""], ""width"": [], ""bounds"": [], ""height"": [], ""checksum"": [], ""duration"": [], ""geometry"": [], ""producer"": [], ""software"": [], ""mime_type"": [""image/tiff""], ""change_set"": null, ""created_at"": ""2026-09-29T21:17:27+00:00"", ""edit_users"": [], ""new_record"": true, ""page_count"": null, ""read_users"": [], ""updated_at"": ""2026-09-29T21:17:27+00:00"", ""edit_groups"": [], ""read_groups"": [], ""camera_model"": [], ""x_resolution"": [], ""y_resolution"": [], ""error_message"": [], ""bits_per_sample"": [], ""processing_note"": [], ""caption_language"": [], ""file_identifiers"": [{""id"": ""pyramidal-derivatives-shrine://47/d9/d8/47d9d808c7e041eb81a0642e07363a93/intermediate_file.tif""}], ""internal_resource"": ""FileMetadata"", ""original_filename"": [""intermediate_file.tif""], ""source_media_type"": [], ""date_of_digitization"": [], ""preservation_copy_of_id"": null, ""original_language_caption"": null}], ""service_targets"": [], ""cached_parent_id"": [{""id"": ""b7f6f438-4363-4003-8b74-779b5e31f210""}], ""processing_status"": [""processed""], ""optimistic_lock_token"": [{""token"": ""3"", ""adapter_id"": {""id"": ""746f06acf4d573bebd8c8a500b398589""}}]}",2026-09-29 21:15:37.077291,2026-09-30 13:41:30.698474,FileSet,4
e8df4fcb-cb1a-456a-ab52-19dc084ccfce,"{""part"": [], ""side"": [], ""title"": [""00000266.tif""], ""barcode"": [], ""edit_users"": [], ""highlights"": [], ""member_ids"": [], ""read_users"": [], ""edit_groups"": [], ""read_groups"": [""public""], ""file_metadata"": [{""id"": {""id"": ""1f33539c-b73f-46f1-8ae5-9373c51aade9""}, ""use"": [{""@id"": ""http://pcdm.org/use#OriginalFile""}], ""size"": [""58578102""], ""label"": [""00000266.tif""], ""width"": [""3605""], ""bounds"": [], ""height"": [""5411""], ""checksum"": [{""id"": null, ""md5"": ""0cf5bc83fa278115de367e812520b8fb"", ""sha1"": ""ee3e4256678404dc05e227bf1d2d2648cc9d9553"", ""sha256"": ""2b4d8d06479f58e2fa2202dc540deaed9a5b61f8d2a3eb3fe4dd6cc1689dfb96"", ""created_at"": null, ""new_record"": true, ""updated_at"": null, ""internal_resource"": ""MultiChecksum""}], ""duration"": [], ""geometry"": [], ""producer"": [], ""software"": [], ""mime_type"": [""image/tiff""], ""change_set"": null, ""created_at"": ""2026-09-29T21:15:16+00:00"", ""edit_users"": [], ""new_record"": true, ""page_count"": null, ""read_users"": [], ""updated_at"": ""2026-09-29T21:15:16+00:00"", ""edit_groups"": [], ""read_groups"": [], ""camera_model"": [], ""x_resolution"": [], ""y_resolution"": [], ""error_message"": [], ""bits_per_sample"": [], ""processing_note"": [], ""caption_language"": [], ""file_identifiers"": [{""id"": ""disk:///opt/repository/files/1f/33/53/1f33539cb73f46f18ae59373c51aade9/00000266.tif""}], ""internal_resource"": ""FileMetadata"", ""original_filename"": [""00000266.tif""], ""source_media_type"": [], ""date_of_digitization"": [], ""preservation_copy_of_id"": null, ""original_language_caption"": null}, {""id"": {""id"": ""b38e1dfc-477c-478f-ae97-09ad69d77ed4""}, ""use"": [{""@id"": ""http://pcdm.org/use#ServiceFile""}], ""size"": [], ""label"": [""intermediate_file.tif""], ""width"": [], ""bounds"": [], ""height"": [], ""checksum"": [], ""duration"": [], ""geometry"": [], ""producer"": [], ""software"": [], ""mime_type"": [""image/tiff""], ""change_set"": null, ""created_at"": ""2026-09-29T21:17:28+00:00"", ""edit_users"": [], ""new_record"": true, ""page_count"": null, ""read_users"": [], ""updated_at"": ""2026-09-29T21:17:28+00:00"", ""edit_groups"": [], ""read_groups"": [], ""camera_model"": [], ""x_resolution"": [], ""y_resolution"": [], ""error_message"": [], ""bits_per_sample"": [], ""processing_note"": [], ""caption_language"": [], ""file_identifiers"": [{""id"": ""pyramidal-derivatives-shrine://b3/8e/1d/b38e1dfc477c478fae9709ad69d77ed4/intermediate_file.tif""}], ""internal_resource"": ""FileMetadata"", ""original_filename"": [""intermediate_file.tif""], ""source_media_type"": [], ""date_of_digitization"": [], ""preservation_copy_of_id"": null, ""original_language_caption"": null}], ""service_targets"": [], ""cached_parent_id"": [{""id"": ""b7f6f438-4363-4003-8b74-779b5e31f210""}], ""processing_status"": [""processed""], ""optimistic_lock_token"": [{""token"": ""3"", ""adapter_id"": {""id"": ""746f06acf4d573bebd8c8a500b398589""}}]}",2026-09-29 21:15:37.081353,2026-09-30 13:41:30.715838,FileSet,4
ddf8a31b-308b-4e26-aad0-f64c277cc5cf,"{""part"": [], ""side"": [], ""title"": [""00000267.tif""], ""barcode"": [], ""edit_users"": [], ""highlights"": [], ""member_ids"": [], ""read_users"": [], ""edit_groups"": [], ""read_groups"": [""public""], ""file_metadata"": [{""id"": {""id"": ""227ab4aa-f119-480c-bf01-cf53c023ddb9""}, ""use"": [{""@id"": ""http://pcdm.org/use#OriginalFile""}], ""size"": [""55279660""], ""label"": [""00000267.tif""], ""width"": [""3498""], ""bounds"": [], ""height"": [""5262""], ""checksum"": [{""id"": null, ""md5"": ""4bbd75d0924e56d453bc8a6ec4c7fc4f"", ""sha1"": ""385045978c16515640a40bfe2378ee89675d13b0"", ""sha256"": ""382e490e1ba37ba356982f1a670df1ef301d9c39d9e7b3bb01f793bdec08a21c"", ""created_at"": null, ""new_record"": true, ""updated_at"": null, ""internal_resource"": ""MultiChecksum""}], ""duration"": [], ""geometry"": [], ""producer"": [], ""software"": [], ""mime_type"": [""image/tiff""], ""change_set"": null, ""created_at"": ""2026-09-29T21:15:20+00:00"", ""edit_users"": [], ""new_record"": true, ""page_count"": null, ""read_users"": [], ""updated_at"": ""2026-09-29T21:15:20+00:00"", ""edit_groups"": [], ""read_groups"": [], ""camera_model"": [], ""x_resolution"": [], ""y_resolution"": [], ""error_message"": [], ""bits_per_sample"": [], ""processing_note"": [], ""caption_language"": [], ""file_identifiers"": [{""id"": ""disk:///opt/repository/files/22/7a/b4/227ab4aaf119480cbf01cf53c023ddb9/00000267.tif""}], ""internal_resource"": ""FileMetadata"", ""original_filename"": [""00000267.tif""], ""source_media_type"": [], ""date_of_digitization"": [], ""preservation_copy_of_id"": null, ""original_language_caption"": null}, {""id"": {""id"": ""6bc7f139-7cd0-4dfa-b49e-7267183e4984""}, ""use"": [{""@id"": ""http://pcdm.org/use#ServiceFile""}], ""size"": [], ""label"": [""intermediate_file.tif""], ""width"": [], ""bounds"": [], ""height"": [], ""checksum"": [], ""duration"": [], ""geometry"": [], ""producer"": [], ""software"": [], ""mime_type"": [""image/tiff""], ""change_set"": null, ""created_at"": ""2026-09-29T21:16:20+00:00"", ""edit_users"": [], ""new_record"": true, ""page_count"": null, ""read_users"": [], ""updated_at"": ""2026-09-29T21:16:20+00:00"", ""edit_groups"": [], ""read_groups"": [], ""camera_model"": [], ""x_resolution"": [], ""y_resolution"": [], ""error_message"": [], ""bits_per_sample"": [], ""processing_note"": [], ""caption_language"": [], ""file_identifiers"": [{""id"": ""pyramidal-derivatives-shrine://6b/c7/f1/6bc7f1397cd04dfab49e7267183e4984/intermediate_file.tif""}], ""internal_resource"": ""FileMetadata"", ""original_filename"": [""intermediate_file.tif""], ""source_media_type"": [], ""date_of_digitization"": [], ""preservation_copy_of_id"": null, ""original_language_caption"": null}], ""service_targets"": [], ""cached_parent_id"": [{""id"": ""b7f6f438-4363-4003-8b74-779b5e31f210""}], ""processing_status"": [""processed""], ""optimistic_lock_token"": [{""token"": ""3"", ""adapter_id"": {""id"": ""746f06acf4d573bebd8c8a500b398589""}}]}",2026-09-29 21:15:37.086311,2026-09-30 13:41:30.732494,FileSet,4
c5cda85c-ae8a-4f07-a92e-5d01e85d5e51,"{""part"": [], ""side"": [], ""title"": [""00000268.tif""], ""barcode"": [], ""edit_users"": [], ""highlights"": [], ""member_ids"": [], ""read_users"": [], ""edit_groups"": [], ""read_groups"": [""public""], ""file_metadata"": [{""id"": {""id"": ""9df6b0b9-cead-41dd-9c18-1300f1c929cd""}, ""use"": [{""@id"": ""http://pcdm.org/use#OriginalFile""}], ""size"": [""58578102""], ""label"": [""00000268.tif""], ""width"": [""3605""], ""bounds"": [], ""height"": [""5411""], ""checksum"": [{""id"": null, ""md5"": ""3430b6d254dc27c16a59465ad129c30c"", ""sha1"": ""2fb42c863e24cd87b246242da7cd9996895eaa00"", ""sha256"": ""b646b7edcf2b5d0ad0585924b9eaf123724b8b86f891e9691711ccb461dc8603"", ""created_at"": null, ""new_record"": true, ""updated_at"": null, ""internal_resource"": ""MultiChecksum""}], ""duration"": [], ""geometry"": [], ""producer"": [], ""software"": [], ""mime_type"": [""image/tiff""], ""change_set"": null, ""created_at"": ""2026-09-29T21:15:25+00:00"", ""edit_users"": [], ""new_record"": true, ""page_count"": null, ""read_users"": [], ""updated_at"": ""2026-09-29T21:15:25+00:00"", ""edit_groups"": [], ""read_groups"": [], ""camera_model"": [], ""x_resolution"": [], ""y_resolution"": [], ""error_message"": [], ""bits_per_sample"": [], ""processing_note"": [], ""caption_language"": [], ""file_identifiers"": [{""id"": ""disk:///opt/repository/files/9d/f6/b0/9df6b0b9cead41dd9c181300f1c929cd/00000268.tif""}], ""internal_resource"": ""FileMetadata"", ""original_filename"": [""00000268.tif""], ""source_media_type"": [], ""date_of_digitization"": [], ""preservation_copy_of_id"": null, ""original_language_caption"": null}, {""id"": {""id"": ""46758c1c-9547-4199-a0e1-405c7ecc5858""}, ""use"": [{""@id"": ""http://pcdm.org/use#ServiceFile""}], ""size"": [], ""label"": [""intermediate_file.tif""], ""width"": [], ""bounds"": [], ""height"": [], ""checksum"": [], ""duration"": [], ""geometry"": [], ""producer"": [], ""software"": [], ""mime_type"": [""image/tiff""], ""change_set"": null, ""created_at"": ""2026-09-29T21:16:20+00:00"", ""edit_users"": [], ""new_record"": true, ""page_count"": null, ""read_users"": [], ""updated_at"": ""2026-09-29T21:16:20+00:00"", ""edit_groups"": [], ""read_groups"": [], ""camera_model"": [], ""x_resolution"": [], ""y_resolution"": [], ""error_message"": [], ""bits_per_sample"": [], ""processing_note"": [], ""caption_language"": [], ""file_identifiers"": [{""id"": ""pyramidal-derivatives-shrine://46/75/8c/46758c1c95474199a0e1405c7ecc5858/intermediate_file.tif""}], ""internal_resource"": ""FileMetadata"", ""original_filename"": [""intermediate_file.tif""], ""source_media_type"": [], ""date_of_digitization"": [], ""preservation_copy_of_id"": null, ""original_language_caption"": null}], ""service_targets"": [], ""cached_parent_id"": [{""id"": ""b7f6f438-4363-4003-8b74-779b5e31f210""}], ""processing_status"": [""processed""], ""optimistic_lock_token"": [{""token"": ""3"", ""adapter_id"": {""id"": ""746f06acf4d573bebd8c8a500b398589""}}]}",2026-09-29 21:15:37.090614,2026-09-30 13:41:30.750188,FileSet,4
d0e7181b-2782-4bce-977c-0d02c1358fe1,"{""part"": [], ""side"": [], ""title"": [""00000269.tif""], ""barcode"": [], ""edit_users"": [], ""highlights"": [], ""member_ids"": [], ""read_users"": [], ""edit_groups"": [], ""read_groups"": [""public""], ""file_metadata"": [{""id"": {""id"": ""801ce891-3ad8-4682-b704-16d655dfa5d7""}, ""use"": [{""@id"": ""http://pcdm.org/use#OriginalFile""}], ""size"": [""55279660""], ""label"": [""00000269.tif""], ""width"": [""3498""], ""bounds"": [], ""height"": [""5262""], ""checksum"": [{""id"": null, ""md5"": ""6b9bdd40a91cf8d51b0fc820b3c7a2a7"", ""sha1"": ""b8c9e11140c803bafba0ac28ce5a047a7c5074bf"", ""sha256"": ""d69d13f541bbfa9f9d45ca705f37ca01118cce1cbba6413c099cf2dbdacd36af"", ""created_at"": null, ""new_record"": true, ""updated_at"": null, ""internal_resource"": ""MultiChecksum""}], ""duration"": [], ""geometry"": [], ""producer"": [], ""software"": [], ""mime_type"": [""image/tiff""], ""change_set"": null, ""created_at"": ""2026-09-29T21:15:28+00:00"", ""edit_users"": [], ""new_record"": true, ""page_count"": null, ""read_users"": [], ""updated_at"": ""2026-09-29T21:15:28+00:00"", ""edit_groups"": [], ""read_groups"": [], ""camera_model"": [], ""x_resolution"": [], ""y_resolution"": [], ""error_message"": [], ""bits_per_sample"": [], ""processing_note"": [], ""caption_language"": [], ""file_identifiers"": [{""id"": ""disk:///opt/repository/files/80/1c/e8/801ce8913ad84682b70416d655dfa5d7/00000269.tif""}], ""internal_resource"": ""FileMetadata"", ""original_filename"": [""00000269.tif""], ""source_media_type"": [], ""date_of_digitization"": [], ""preservation_copy_of_id"": null, ""original_language_caption"": null}, {""id"": {""id"": ""7e5e54c2-d8ec-4e54-9c83-b17d0aa08d81""}, ""use"": [{""@id"": ""http://pcdm.org/use#ServiceFile""}], ""size"": [], ""label"": [""intermediate_file.tif""], ""width"": [], ""bounds"": [], ""height"": [], ""checksum"": [], ""duration"": [], ""geometry"": [], ""producer"": [], ""software"": [], ""mime_type"": [""image/tiff""], ""change_set"": null, ""created_at"": ""2026-09-29T21:16:19+00:00"", ""edit_users"": [], ""new_record"": true, ""page_count"": null, ""read_users"": [], ""updated_at"": ""2026-09-29T21:16:19+00:00"", ""edit_groups"": [], ""read_groups"": [], ""camera_model"": [], ""x_resolution"": [], ""y_resolution"": [], ""error_message"": [], ""bits_per_sample"": [], ""processing_note"": [], ""caption_language"": [], ""file_identifiers"": [{""id"": ""pyramidal-derivatives-shrine://7e/5e/54/7e5e54c2d8ec4e549c83b17d0aa08d81/intermediate_file.tif""}], ""internal_resource"": ""FileMetadata"", ""original_filename"": [""intermediate_file.tif""], ""source_media_type"": [], ""date_of_digitization"": [], ""preservation_copy_of_id"": null, ""original_language_caption"": null}], ""service_targets"": [], ""cached_parent_id"": [{""id"": ""b7f6f438-4363-4003-8b74-779b5e31f210""}], ""processing_status"": [""processed""], ""optimistic_lock_token"": [{""token"": ""3"", ""adapter_id"": {""id"": ""746f06acf4d573bebd8c8a500b398589""}}]}",2026-09-29 21:15:37.095184,2026-09-30 13:41:30.767497,FileSet,4
23c898cb-34f4-48ec-bf7d-8860b08522ec,"{""part"": [], ""side"": [], ""title"": [""00000270.tif""], ""barcode"": [], ""edit_users"": [], ""highlights"": [], ""member_ids"": [], ""read_users"": [], ""edit_groups"": [], ""read_groups"": [""public""], ""file_metadata"": [{""id"": {""id"": ""1e3dcb87-edf4-42ad-ab7d-707e196f515d""}, ""use"": [{""@id"": ""http://pcdm.org/use#OriginalFile""}], ""size"": [""58578102""], ""label"": [""00000270.tif""], ""width"": [""3605""], ""bounds"": [], ""height"": [""5411""], ""checksum"": [{""id"": null, ""md5"": ""5784cf7ded3d1b3e602198edc4bf1010"", ""sha1"": ""247a173629da3d5021260a2810b9d38d3e09d88f"", ""sha256"": ""28c2ba075db67c1f890ef81c8ed7a5af937d62c181aec31b0469cabd6c80992e"", ""created_at"": null, ""new_record"": true, ""updated_at"": null, ""internal_resource"": ""MultiChecksum""}], ""duration"": [], ""geometry"": [], ""producer"": [], ""software"": [], ""mime_type"": [""image/tiff""], ""change_set"": null, ""created_at"": ""2026-09-29T21:15:33+00:00"", ""edit_users"": [], ""new_record"": true, ""page_count"": null, ""read_users"": [], ""updated_at"": ""2026-09-29T21:15:33+00:00"", ""edit_groups"": [], ""read_groups"": [], ""camera_model"": [], ""x_resolution"": [], ""y_resolution"": [], ""error_message"": [], ""bits_per_sample"": [], ""processing_note"": [], ""caption_language"": [], ""file_identifiers"": [{""id"": ""disk:///opt/repository/files/1e/3d/cb/1e3dcb87edf442adab7d707e196f515d/00000270.tif""}], ""internal_resource"": ""FileMetadata"", ""original_filename"": [""00000270.tif""], ""source_media_type"": [], ""date_of_digitization"": [], ""preservation_copy_of_id"": null, ""original_language_caption"": null}, {""id"": {""id"": ""17cafaf2-2886-483b-9047-8b59da5f3af2""}, ""use"": [{""@id"": ""http://pcdm.org/use#ServiceFile""}], ""size"": [], ""label"": [""intermediate_file.tif""], ""width"": [], ""bounds"": [], ""height"": [], ""checksum"": [], ""duration"": [], ""geometry"": [], ""producer"": [], ""software"": [], ""mime_type"": [""image/tiff""], ""change_set"": null, ""created_at"": ""2026-09-29T21:17:28+00:00"", ""edit_users"": [], ""new_record"": true, ""page_count"": null, ""read_users"": [], ""updated_at"": ""2026-09-29T21:17:28+00:00"", ""edit_groups"": [], ""read_groups"": [], ""camera_model"": [], ""x_resolution"": [], ""y_resolution"": [], ""error_message"": [], ""bits_per_sample"": [], ""processing_note"": [], ""caption_language"": [], ""file_identifiers"": [{""id"": ""pyramidal-derivatives-shrine://17/ca/fa/17cafaf22886483b90478b59da5f3af2/intermediate_file.tif""}], ""internal_resource"": ""FileMetadata"", ""original_filename"": [""intermediate_file.tif""], ""source_media_type"": [], ""date_of_digitization"": [], ""preservation_copy_of_id"": null, ""original_language_caption"": null}], ""service_targets"": [], ""cached_parent_id"": [{""id"": ""b7f6f438-4363-4003-8b74-779b5e31f210""}], ""processing_status"": [""processed""], ""optimistic_lock_token"": [{""token"": ""3"", ""adapter_id"": {""id"": ""746f06acf4d573bebd8c8a500b398589""}}]}",2026-09-29 21:15:37.100153,2026-09-30 13:41:30.784645,FileSet,4
9473e218-52be-4ac8-9563-3206e7a307fa,"{""part"": [], ""side"": [], ""title"": [""00000271.tif""], ""barcode"": [], ""edit_users"": [], ""highlights"": [], ""member_ids"": [], ""read_users"": [], ""edit_groups"": [], ""read_groups"": [""public""], ""file_metadata"": [{""id"": {""id"": ""c717d435-65e3-425c-be88-57d03cb28eee""}, ""use"": [{""@id"": ""http://pcdm.org/use#OriginalFile""}], ""size"": [""54252610""], ""label"": [""00000271.tif""], ""width"": [""3433""], ""bounds"": [], ""height"": [""5262""], ""checksum"": [{""id"": null, ""md5"": ""da72fcb9d6e5837a4c06d65aecab90d3"", ""sha1"": ""71567f0425956ba71dc035f092b8ed681d0baadb"", ""sha256"": ""04826fe673ef0ac2adfac868625b292f3b5a99d80ebe2364dc76080940fe2f3a"", ""created_at"": null, ""new_record"": true, ""updated_at"": null, ""internal_resource"": ""MultiChecksum""}], ""duration"": [], ""geometry"": [], ""producer"": [], ""software"": [], ""mime_type"": [""image/tiff""], ""change_set"": null, ""created_at"": ""2026-09-29T21:15:37+00:00"", ""edit_users"": [], ""new_record"": true, ""page_count"": null, ""read_users"": [], ""updated_at"": ""2026-09-29T21:15:37+00:00"", ""edit_groups"": [], ""read_groups"": [], ""camera_model"": [], ""x_resolution"": [], ""y_resolution"": [], ""error_message"": [], ""bits_per_sample"": [], ""processing_note"": [], ""caption_language"": [], ""file_identifiers"": [{""id"": ""disk:///opt/repository/files/c7/17/d4/c717d43565e3425cbe8857d03cb28eee/00000271.tif""}], ""internal_resource"": ""FileMetadata"", ""original_filename"": [""00000271.tif""], ""source_media_type"": [], ""date_of_digitization"": [], ""preservation_copy_of_id"": null, ""original_language_caption"": null}, {""id"": {""id"": ""4b04f8a2-f031-4269-9153-7d866b6056e3""}, ""use"": [{""@id"": ""http://pcdm.org/use#ServiceFile""}], ""size"": [], ""label"": [""intermediate_file.tif""], ""width"": [], ""bounds"": [], ""height"": [], ""checksum"": [], ""duration"": [], ""geometry"": [], ""producer"": [], ""software"": [], ""mime_type"": [""image/tiff""], ""change_set"": null, ""created_at"": ""2026-09-29T21:18:07+00:00"", ""edit_users"": [], ""new_record"": true, ""page_count"": null, ""read_users"": [], ""updated_at"": ""2026-09-29T21:18:07+00:00"", ""edit_groups"": [], ""read_groups"": [], ""camera_model"": [], ""x_resolution"": [], ""y_resolution"": [], ""error_message"": [], ""bits_per_sample"": [], ""processing_note"": [], ""caption_language"": [], ""file_identifiers"": [{""id"": ""pyramidal-derivatives-shrine://4b/04/f8/4b04f8a2f031426991537d866b6056e3/intermediate_file.tif""}], ""internal_resource"": ""FileMetadata"", ""original_filename"": [""intermediate_file.tif""], ""source_media_type"": [], ""date_of_digitization"": [], ""preservation_copy_of_id"": null, ""original_language_caption"": null}], ""service_targets"": [], ""cached_parent_id"": [{""id"": ""b7f6f438-4363-4003-8b74-779b5e31f210""}], ""processing_status"": [""processed""], ""optimistic_lock_token"": [{""token"": ""3"", ""adapter_id"": {""id"": ""746f06acf4d573bebd8c8a500b398589""}}]}",2026-09-29 21:16:21.56388,2026-09-30 13:41:30.801271,FileSet,4
b7d05923-5572-46ac-ac61-4a7fda004b3b,"{""part"": [], ""side"": [], ""title"": [""00000272.tif""], ""barcode"": [], ""edit_users"": [], ""highlights"": [], ""member_ids"": [], ""read_users"": [], ""edit_groups"": [], ""read_groups"": [""public""], ""file_metadata"": [{""id"": {""id"": ""db72a5f9-99f9-43fa-8ff3-dde5e3296549""}, ""use"": [{""@id"": ""http://pcdm.org/use#OriginalFile""}], ""size"": [""58578102""], ""label"": [""00000272.tif""], ""width"": [""3605""], ""bounds"": [], ""height"": [""5411""], ""checksum"": [{""id"": null, ""md5"": ""3f125834af2f71de3a59a7201dcb5c67"", ""sha1"": ""f709a64d4f44095fa41e0b78a9237a31ddd54025"", ""sha256"": ""5096c2bccf0dd3f5bb2780eec15819271aa8021da85c803795d26e3fcdd43b3f"", ""created_at"": null, ""new_record"": true, ""updated_at"": null, ""internal_resource"": ""MultiChecksum""}], ""duration"": [], ""geometry"": [], ""producer"": [], ""software"": [], ""mime_type"": [""image/tiff""], ""change_set"": null, ""created_at"": ""2026-09-29T21:15:43+00:00"", ""edit_users"": [], ""new_record"": true, ""page_count"": null, ""read_users"": [], ""updated_at"": ""2026-09-29T21:15:43+00:00"", ""edit_groups"": [], ""read_groups"": [], ""camera_model"": [], ""x_resolution"": [], ""y_resolution"": [], ""error_message"": [], ""bits_per_sample"": [], ""processing_note"": [], ""caption_language"": [], ""file_identifiers"": [{""id"": ""disk:///opt/repository/files/db/72/a5/db72a5f999f943fa8ff3dde5e3296549/00000272.tif""}], ""internal_resource"": ""FileMetadata"", ""original_filename"": [""00000272.tif""], ""source_media_type"": [], ""date_of_digitization"": [], ""preservation_copy_of_id"": null, ""original_language_caption"": null}, {""id"": {""id"": ""003d5424-c1ce-43aa-ae2d-afd900f2a987""}, ""use"": [{""@id"": ""http://pcdm.org/use#ServiceFile""}], ""size"": [], ""label"": [""intermediate_file.tif""], ""width"": [], ""bounds"": [], ""height"": [], ""checksum"": [], ""duration"": [], ""geometry"": [], ""producer"": [], ""software"": [], ""mime_type"": [""image/tiff""], ""change_set"": null, ""created_at"": ""2026-09-29T21:18:07+00:00"", ""edit_users"": [], ""new_record"": true, ""page_count"": null, ""read_users"": [], ""updated_at"": ""2026-09-29T21:18:07+00:00"", ""edit_groups"": [], ""read_groups"": [], ""camera_model"": [], ""x_resolution"": [], ""y_resolution"": [], ""error_message"": [], ""bits_per_sample"": [], ""processing_note"": [], ""caption_language"": [], ""file_identifiers"": [{""id"": ""pyramidal-derivatives-shrine://00/3d/54/003d5424c1ce43aaae2dafd900f2a987/intermediate_file.tif""}], ""internal_resource"": ""FileMetadata"", ""original_filename"": [""intermediate_file.tif""], ""source_media_type"": [], ""date_of_digitization"": [], ""preservation_copy_of_id"": null, ""original_language_caption"": null}], ""service_targets"": [], ""cached_parent_id"": [{""id"": ""b7f6f438-4363-4003-8b74-779b5e31f210""}], ""processing_status"": [""processed""], ""optimistic_lock_token"": [{""token"": ""3"", ""adapter_id"": {""id"": ""746f06acf4d573bebd8c8a500b398589""}}]}",2026-09-29 21:16:21.570869,2026-09-30 13:41:30.817673,FileSet,4
e5d83d6b-2e50-4b4d-ab0f-7ba83cf3868c,"{""part"": [], ""side"": [], ""title"": [""00000273.tif""], ""barcode"": [], ""edit_users"": [], ""highlights"": [], ""member_ids"": [], ""read_users"": [], ""edit_groups"": [], ""read_groups"": [""public""], ""file_metadata"": [{""id"": {""id"": ""28d0c190-297c-4b2a-b5b3-607af54feb3e""}, ""use"": [{""@id"": ""http://pcdm.org/use#OriginalFile""}], ""size"": [""54252610""], ""label"": [""00000273.tif""], ""width"": [""3433""], ""bounds"": [], ""height"": [""5262""], ""checksum"": [{""id"": null, ""md5"": ""5c40f9d4a0ca693d2e113cd1a1c2e2fd"", ""sha1"": ""8b124897ddb007283ea5ebbcd5fe83b32e05e69b"", ""sha256"": ""e3cd603dc3672c9d139b2d1ab7ea51e172336d8ad001235ff53dc27a414d0cd3"", ""created_at"": null, ""new_record"": true, ""updated_at"": null, ""internal_resource"": ""MultiChecksum""}], ""duration"": [], ""geometry"": [], ""producer"": [], ""software"": [], ""mime_type"": [""image/tiff""], ""change_set"": null, ""created_at"": ""2026-09-29T21:15:46+00:00"", ""edit_users"": [], ""new_record"": true, ""page_count"": null, ""read_users"": [], ""updated_at"": ""2026-09-29T21:15:46+00:00"", ""edit_groups"": [], ""read_groups"": [], ""camera_model"": [], ""x_resolution"": [], ""y_resolution"": [], ""error_message"": [], ""bits_per_sample"": [], ""processing_note"": [], ""caption_language"": [], ""file_identifiers"": [{""id"": ""disk:///opt/repository/files/28/d0/c1/28d0c190297c4b2ab5b3607af54feb3e/00000273.tif""}], ""internal_resource"": ""FileMetadata"", ""original_filename"": [""00000273.tif""], ""source_media_type"": [], ""date_of_digitization"": [], ""preservation_copy_of_id"": null, ""original_language_caption"": null}, {""id"": {""id"": ""58244da5-b219-49b4-880b-1e19ea65e974""}, ""use"": [{""@id"": ""http://pcdm.org/use#ServiceFile""}], ""size"": [], ""label"": [""intermediate_file.tif""], ""width"": [], ""bounds"": [], ""height"": [], ""checksum"": [], ""duration"": [], ""geometry"": [], ""producer"": [], ""software"": [], ""mime_type"": [""image/tiff""], ""change_set"": null, ""created_at"": ""2026-09-29T21:16:58+00:00"", ""edit_users"": [], ""new_record"": true, ""page_count"": null, ""read_users"": [], ""updated_at"": ""2026-09-29T21:16:58+00:00"", ""edit_groups"": [], ""read_groups"": [], ""camera_model"": [], ""x_resolution"": [], ""y_resolution"": [], ""error_message"": [], ""bits_per_sample"": [], ""processing_note"": [], ""caption_language"": [], ""file_identifiers"": [{""id"": ""pyramidal-derivatives-shrine://58/24/4d/58244da5b21949b4880b1e19ea65e974/intermediate_file.tif""}], ""internal_resource"": ""FileMetadata"", ""original_filename"": [""intermediate_file.tif""], ""source_media_type"": [], ""date_of_digitization"": [], ""preservation_copy_of_id"": null, ""original_language_caption"": null}], ""service_targets"": [], ""cached_parent_id"": [{""id"": ""b7f6f438-4363-4003-8b74-779b5e31f210""}], ""processing_status"": [""processed""], ""optimistic_lock_token"": [{""token"": ""3"", ""adapter_id"": {""id"": ""746f06acf4d573bebd8c8a500b398589""}}]}",2026-09-29 21:16:21.576824,2026-09-30 13:41:30.83239,FileSet,4
39c0d600-af99-48d5-9e05-452b681b80fc,"{""part"": [], ""side"": [], ""title"": [""00000274.tif""], ""barcode"": [], ""edit_users"": [], ""highlights"": [], ""member_ids"": [], ""read_users"": [], ""edit_groups"": [], ""read_groups"": [""public""], ""file_metadata"": [{""id"": {""id"": ""5e5374ac-e0d1-4ba0-93b4-039c4c91ab5f""}, ""use"": [{""@id"": ""http://pcdm.org/use#OriginalFile""}], ""size"": [""58578102""], ""label"": [""00000274.tif""], ""width"": [""3605""], ""bounds"": [], ""height"": [""5411""], ""checksum"": [{""id"": null, ""md5"": ""9904bfcbc0d9d3ee067ebc2915a566bd"", ""sha1"": ""c83faa5122528a442d19e33bac447bf2e72ff528"", ""sha256"": ""bb0681cd5630e582c213beb8c70b0c57f2e6440e2ec8604cd83561a1b15ee4d5"", ""created_at"": null, ""new_record"": true, ""updated_at"": null, ""internal_resource"": ""MultiChecksum""}], ""duration"": [], ""geometry"": [], ""producer"": [], ""software"": [], ""mime_type"": [""image/tiff""], ""change_set"": null, ""created_at"": ""2026-09-29T21:15:52+00:00"", ""edit_users"": [], ""new_record"": true, ""page_count"": null, ""read_users"": [], ""updated_at"": ""2026-09-29T21:15:52+00:00"", ""edit_groups"": [], ""read_groups"": [], ""camera_model"": [], ""x_resolution"": [], ""y_resolution"": [], ""error_message"": [], ""bits_per_sample"": [], ""processing_note"": [], ""caption_language"": [], ""file_identifiers"": [{""id"": ""disk:///opt/repository/files/5e/53/74/5e5374ace0d14ba093b4039c4c91ab5f/00000274.tif""}], ""internal_resource"": ""FileMetadata"", ""original_filename"": [""00000274.tif""], ""source_media_type"": [], ""date_of_digitization"": [], ""preservation_copy_of_id"": null, ""original_language_caption"": null}, {""id"": {""id"": ""a8e42f73-cfa6-49e0-89d5-bd36273f6370""}, ""use"": [{""@id"": ""http://pcdm.org/use#ServiceFile""}], ""size"": [], ""label"": [""intermediate_file.tif""], ""width"": [], ""bounds"": [], ""height"": [], ""checksum"": [], ""duration"": [], ""geometry"": [], ""producer"": [], ""software"": [], ""mime_type"": [""image/tiff""], ""change_set"": null, ""created_at"": ""2026-09-29T21:16:53+00:00"", ""edit_users"": [], ""new_record"": true, ""page_count"": null, ""read_users"": [], ""updated_at"": ""2026-09-29T21:16:53+00:00"", ""edit_groups"": [], ""read_groups"": [], ""camera_model"": [], ""x_resolution"": [], ""y_resolution"": [], ""error_message"": [], ""bits_per_sample"": [], ""processing_note"": [], ""caption_language"": [], ""file_identifiers"": [{""id"": ""pyramidal-derivatives-shrine://a8/e4/2f/a8e42f73cfa649e089d5bd36273f6370/intermediate_file.tif""}], ""internal_resource"": ""FileMetadata"", ""original_filename"": [""intermediate_file.tif""], ""source_media_type"": [], ""date_of_digitization"": [], ""preservation_copy_of_id"": null, ""original_language_caption"": null}], ""service_targets"": [], ""cached_parent_id"": [{""id"": ""b7f6f438-4363-4003-8b74-779b5e31f210""}], ""processing_status"": [""processed""], ""optimistic_lock_token"": [{""token"": ""3"", ""adapter_id"": {""id"": ""746f06acf4d573bebd8c8a500b398589""}}]}",2026-09-29 21:16:21.581937,2026-09-30 13:41:30.848809,FileSet,4
1d200c39-a710-45f3-9602-ef61986659f9,"{""part"": [], ""side"": [], ""title"": [""00000275.tif""], ""barcode"": [], ""edit_users"": [], ""highlights"": [], ""member_ids"": [], ""read_users"": [], ""edit_groups"": [], ""read_groups"": [""public""], ""file_metadata"": [{""id"": {""id"": ""5e659c86-2f23-497f-82c9-eec850520f6f""}, ""use"": [{""@id"": ""http://pcdm.org/use#OriginalFile""}], ""size"": [""54252610""], ""label"": [""00000275.tif""], ""width"": [""3433""], ""bounds"": [], ""height"": [""5262""], ""checksum"": [{""id"": null, ""md5"": ""31b8534343499e64e8634c8bffa7a193"", ""sha1"": ""93bdf3fba337ba64aaa4f123384465727a10fd54"", ""sha256"": ""750f939ee23c62a4b64b9113bb71a3e27f3bdc88e6353523fd8dd5c632e40939"", ""created_at"": null, ""new_record"": true, ""updated_at"": null, ""internal_resource"": ""MultiChecksum""}], ""duration"": [], ""geometry"": [], ""producer"": [], ""software"": [], ""mime_type"": [""image/tiff""], ""change_set"": null, ""created_at"": ""2026-09-29T21:15:55+00:00"", ""edit_users"": [], ""new_record"": true, ""page_count"": null, ""read_users"": [], ""updated_at"": ""2026-09-29T21:15:55+00:00"", ""edit_groups"": [], ""read_groups"": [], ""camera_model"": [], ""x_resolution"": [], ""y_resolution"": [], ""error_message"": [], ""bits_per_sample"": [], ""processing_note"": [], ""caption_language"": [], ""file_identifiers"": [{""id"": ""disk:///opt/repository/files/5e/65/9c/5e659c862f23497f82c9eec850520f6f/00000275.tif""}], ""internal_resource"": ""FileMetadata"", ""original_filename"": [""00000275.tif""], ""source_media_type"": [], ""date_of_digitization"": [], ""preservation_copy_of_id"": null, ""original_language_caption"": null}, {""id"": {""id"": ""c1e33881-f531-46cd-8071-e5d77e3ee9c6""}, ""use"": [{""@id"": ""http://pcdm.org/use#ServiceFile""}], ""size"": [], ""label"": [""intermediate_file.tif""], ""width"": [], ""bounds"": [], ""height"": [], ""checksum"": [], ""duration"": [], ""geometry"": [], ""producer"": [], ""software"": [], ""mime_type"": [""image/tiff""], ""change_set"": null, ""created_at"": ""2026-09-29T21:16:58+00:00"", ""edit_users"": [], ""new_record"": true, ""page_count"": null, ""read_users"": [], ""updated_at"": ""2026-09-29T21:16:58+00:00"", ""edit_groups"": [], ""read_groups"": [], ""camera_model"": [], ""x_resolution"": [], ""y_resolution"": [], ""error_message"": [], ""bits_per_sample"": [], ""processing_note"": [], ""caption_language"": [], ""file_identifiers"": [{""id"": ""pyramidal-derivatives-shrine://c1/e3/38/c1e33881f53146cd8071e5d77e3ee9c6/intermediate_file.tif""}], ""internal_resource"": ""FileMetadata"", ""original_filename"": [""intermediate_file.tif""], ""source_media_type"": [], ""date_of_digitization"": [], ""preservation_copy_of_id"": null, ""original_language_caption"": null}], ""service_targets"": [], ""cached_parent_id"": [{""id"": ""b7f6f438-4363-4003-8b74-779b5e31f210""}], ""processing_status"": [""processed""], ""optimistic_lock_token"": [{""token"": ""3"", ""adapter_id"": {""id"": ""746f06acf4d573bebd8c8a500b398589""}}]}",2026-09-29 21:16:21.589755,2026-09-30 13:41:30.863601,FileSet,4
7350033d-0573-4b3a-bd5e-98cee36a99e2,"{""part"": [], ""side"": [], ""title"": [""00000276.tif""], ""barcode"": [], ""edit_users"": [], ""highlights"": [], ""member_ids"": [], ""read_users"": [], ""edit_groups"": [], ""read_groups"": [""public""], ""file_metadata"": [{""id"": {""id"": ""33739aee-5ec3-4369-b2d8-f68680dfbb4c""}, ""use"": [{""@id"": ""http://pcdm.org/use#OriginalFile""}], ""size"": [""58578102""], ""label"": [""00000276.tif""], ""width"": [""3605""], ""bounds"": [], ""height"": [""5411""], ""checksum"": [{""id"": null, ""md5"": ""4f70aedce92c0eb811890a61edf90fb0"", ""sha1"": ""906abb11bf1adfb371f8b1f0a4edcd1e2811577f"", ""sha256"": ""663f6d894bd11eb96bd6bb1ce333e0f16d52f3ff169bb5ea18187de5974f38fa"", ""created_at"": null, ""new_record"": true, ""updated_at"": null, ""internal_resource"": ""MultiChecksum""}], ""duration"": [], ""geometry"": [], ""producer"": [], ""software"": [], ""mime_type"": [""image/tiff""], ""change_set"": null, ""created_at"": ""2026-09-29T21:16:01+00:00"", ""edit_users"": [], ""new_record"": true, ""page_count"": null, ""read_users"": [], ""updated_at"": ""2026-09-29T21:16:01+00:00"", ""edit_groups"": [], ""read_groups"": [], ""camera_model"": [], ""x_resolution"": [], ""y_resolution"": [], ""error_message"": [], ""bits_per_sample"": [], ""processing_note"": [], ""caption_language"": [], ""file_identifiers"": [{""id"": ""disk:///opt/repository/files/33/73/9a/33739aee5ec34369b2d8f68680dfbb4c/00000276.tif""}], ""internal_resource"": ""FileMetadata"", ""original_filename"": [""00000276.tif""], ""source_media_type"": [], ""date_of_digitization"": [], ""preservation_copy_of_id"": null, ""original_language_caption"": null}, {""id"": {""id"": ""736aaef4-2ab8-4164-b2b5-527d816a767e""}, ""use"": [{""@id"": ""http://pcdm.org/use#ServiceFile""}], ""size"": [], ""label"": [""intermediate_file.tif""], ""width"": [], ""bounds"": [], ""height"": [], ""checksum"": [], ""duration"": [], ""geometry"": [], ""producer"": [], ""software"": [], ""mime_type"": [""image/tiff""], ""change_set"": null, ""created_at"": ""2026-09-29T21:16:53+00:00"", ""edit_users"": [], ""new_record"": true, ""page_count"": null, ""read_users"": [], ""updated_at"": ""2026-09-29T21:16:53+00:00"", ""edit_groups"": [], ""read_groups"": [], ""camera_model"": [], ""x_resolution"": [], ""y_resolution"": [], ""error_message"": [], ""bits_per_sample"": [], ""processing_note"": [], ""caption_language"": [], ""file_identifiers"": [{""id"": ""pyramidal-derivatives-shrine://73/6a/ae/736aaef42ab84164b2b5527d816a767e/intermediate_file.tif""}], ""internal_resource"": ""FileMetadata"", ""original_filename"": [""intermediate_file.tif""], ""source_media_type"": [], ""date_of_digitization"": [], ""preservation_copy_of_id"": null, ""original_language_caption"": null}], ""service_targets"": [], ""cached_parent_id"": [{""id"": ""b7f6f438-4363-4003-8b74-779b5e31f210""}], ""processing_status"": [""processed""], ""optimistic_lock_token"": [{""token"": ""3"", ""adapter_id"": {""id"": ""746f06acf4d573bebd8c8a500b398589""}}]}",2026-09-29 21:16:21.594958,2026-09-30 13:41:30.878284,FileSet,4
e9397371-f9da-4f0b-8941-b335eca0894d,"{""part"": [], ""side"": [], ""title"": [""00000277.tif""], ""barcode"": [], ""edit_users"": [], ""highlights"": [], ""member_ids"": [], ""read_users"": [], ""edit_groups"": [], ""read_groups"": [""public""], ""file_metadata"": [{""id"": {""id"": ""4d3d1115-34e0-4ce2-b610-fbbe29dc739c""}, ""use"": [{""@id"": ""http://pcdm.org/use#OriginalFile""}], ""size"": [""54252610""], ""label"": [""00000277.tif""], ""width"": [""3433""], ""bounds"": [], ""height"": [""5262""], ""checksum"": [{""id"": null, ""md5"": ""78655b140269bea938a55597943f90e6"", ""sha1"": ""c22a61d028f7ce208fee1bbe13be257a9d1c9bb1"", ""sha256"": ""106ad2deddd80e0116cdfa3b9b41551431d3c273042034a3552243fc87c65309"", ""created_at"": null, ""new_record"": true, ""updated_at"": null, ""internal_resource"": ""MultiChecksum""}], ""duration"": [], ""geometry"": [], ""producer"": [], ""software"": [], ""mime_type"": [""image/tiff""], ""change_set"": null, ""created_at"": ""2026-09-29T21:16:05+00:00"", ""edit_users"": [], ""new_record"": true, ""page_count"": null, ""read_users"": [], ""updated_at"": ""2026-09-29T21:16:05+00:00"", ""edit_groups"": [], ""read_groups"": [], ""camera_model"": [], ""x_resolution"": [], ""y_resolution"": [], ""error_message"": [], ""bits_per_sample"": [], ""processing_note"": [], ""caption_language"": [], ""file_identifiers"": [{""id"": ""disk:///opt/repository/files/4d/3d/11/4d3d111534e04ce2b610fbbe29dc739c/00000277.tif""}], ""internal_resource"": ""FileMetadata"", ""original_filename"": [""00000277.tif""], ""source_media_type"": [], ""date_of_digitization"": [], ""preservation_copy_of_id"": null, ""original_language_caption"": null}, {""id"": {""id"": ""c7845388-afed-497e-b2a8-c7331d8817eb""}, ""use"": [{""@id"": ""http://pcdm.org/use#ServiceFile""}], ""size"": [], ""label"": [""intermediate_file.tif""], ""width"": [], ""bounds"": [], ""height"": [], ""checksum"": [], ""duration"": [], ""geometry"": [], ""producer"": [], ""software"": [], ""mime_type"": [""image/tiff""], ""change_set"": null, ""created_at"": ""2026-09-29T21:16:58+00:00"", ""edit_users"": [], ""new_record"": true, ""page_count"": null, ""read_users"": [], ""updated_at"": ""2026-09-29T21:16:58+00:00"", ""edit_groups"": [], ""read_groups"": [], ""camera_model"": [], ""x_resolution"": [], ""y_resolution"": [], ""error_message"": [], ""bits_per_sample"": [], ""processing_note"": [], ""caption_language"": [], ""file_identifiers"": [{""id"": ""pyramidal-derivatives-shrine://c7/84/53/c7845388afed497eb2a8c7331d8817eb/intermediate_file.tif""}], ""internal_resource"": ""FileMetadata"", ""original_filename"": [""intermediate_file.tif""], ""source_media_type"": [], ""date_of_digitization"": [], ""preservation_copy_of_id"": null, ""original_language_caption"": null}], ""service_targets"": [], ""cached_parent_id"": [{""id"": ""b7f6f438-4363-4003-8b74-779b5e31f210""}], ""processing_status"": [""processed""], ""optimistic_lock_token"": [{""token"": ""3"", ""adapter_id"": {""id"": ""746f06acf4d573bebd8c8a500b398589""}}]}",2026-09-29 21:16:21.59978,2026-09-30 13:41:30.89974,FileSet,4
aff31a36-4985-4394-8a42-843b33c0ff70,"{""part"": [], ""side"": [], ""title"": [""00000278.tif""], ""barcode"": [], ""edit_users"": [], ""highlights"": [], ""member_ids"": [], ""read_users"": [], ""edit_groups"": [], ""read_groups"": [""public""], ""file_metadata"": [{""id"": {""id"": ""120938d9-6eb5-42d4-b0f2-143ba4da406f""}, ""use"": [{""@id"": ""http://pcdm.org/use#OriginalFile""}], ""size"": [""58578102""], ""label"": [""00000278.tif""], ""width"": [""3605""], ""bounds"": [], ""height"": [""5411""], ""checksum"": [{""id"": null, ""md5"": ""fc0e0ee6823f36606e08473673c7b87d"", ""sha1"": ""13478b2a5f60b3ff32a3640662c6e16b58196243"", ""sha256"": ""3cc6944719fcea5cd64f655ee6c4df7867394f49c0cdca496a9da8168363fba0"", ""created_at"": null, ""new_record"": true, ""updated_at"": null, ""internal_resource"": ""MultiChecksum""}], ""duration"": [], ""geometry"": [], ""producer"": [], ""software"": [], ""mime_type"": [""image/tiff""], ""change_set"": null, ""created_at"": ""2026-09-29T21:16:11+00:00"", ""edit_users"": [], ""new_record"": true, ""page_count"": null, ""read_users"": [], ""updated_at"": ""2026-09-29T21:16:11+00:00"", ""edit_groups"": [], ""read_groups"": [], ""camera_model"": [], ""x_resolution"": [], ""y_resolution"": [], ""error_message"": [], ""bits_per_sample"": [], ""processing_note"": [], ""caption_language"": [], ""file_identifiers"": [{""id"": ""disk:///opt/repository/files/12/09/38/120938d96eb542d4b0f2143ba4da406f/00000278.tif""}], ""internal_resource"": ""FileMetadata"", ""original_filename"": [""00000278.tif""], ""source_media_type"": [], ""date_of_digitization"": [], ""preservation_copy_of_id"": null, ""original_language_caption"": null}, {""id"": {""id"": ""1388dae1-2bb7-435d-adbe-bc3768bce6d1""}, ""use"": [{""@id"": ""http://pcdm.org/use#ServiceFile""}], ""size"": [], ""label"": [""intermediate_file.tif""], ""width"": [], ""bounds"": [], ""height"": [], ""checksum"": [], ""duration"": [], ""geometry"": [], ""producer"": [], ""software"": [], ""mime_type"": [""image/tiff""], ""change_set"": null, ""created_at"": ""2026-09-29T21:16:53+00:00"", ""edit_users"": [], ""new_record"": true, ""page_count"": null, ""read_users"": [], ""updated_at"": ""2026-09-29T21:16:53+00:00"", ""edit_groups"": [], ""read_groups"": [], ""camera_model"": [], ""x_resolution"": [], ""y_resolution"": [], ""error_message"": [], ""bits_per_sample"": [], ""processing_note"": [], ""caption_language"": [], ""file_identifiers"": [{""id"": ""pyramidal-derivatives-shrine://13/88/da/1388dae12bb7435dadbebc3768bce6d1/intermediate_file.tif""}], ""internal_resource"": ""FileMetadata"", ""original_filename"": [""intermediate_file.tif""], ""source_media_type"": [], ""date_of_digitization"": [], ""preservation_copy_of_id"": null, ""original_language_caption"": null}], ""service_targets"": [], ""cached_parent_id"": [{""id"": ""b7f6f438-4363-4003-8b74-779b5e31f210""}], ""processing_status"": [""processed""], ""optimistic_lock_token"": [{""token"": ""3"", ""adapter_id"": {""id"": ""746f06acf4d573bebd8c8a500b398589""}}]}",2026-09-29 21:16:21.605745,2026-09-30 13:41:30.91496,FileSet,4
8b2b57d9-00e2-41e2-8c16-c8d3b1d0f579,"{""part"": [], ""side"": [], ""title"": [""00000279.tif""], ""barcode"": [], ""edit_users"": [], ""highlights"": [], ""member_ids"": [], ""read_users"": [], ""edit_groups"": [], ""read_groups"": [""public""], ""file_metadata"": [{""id"": {""id"": ""63ecdfed-7330-423d-8f26-f9f87cee0243""}, ""use"": [{""@id"": ""http://pcdm.org/use#OriginalFile""}], ""size"": [""54252610""], ""label"": [""00000279.tif""], ""width"": [""3433""], ""bounds"": [], ""height"": [""5262""], ""checksum"": [{""id"": null, ""md5"": ""ddc4a124ed81f67f49e78c17042cc328"", ""sha1"": ""da5a513f155c3c74551a3456f624b0fce4a79955"", ""sha256"": ""782370a26e86e10fdc91abc42b0650afa0dacbdce760d956286c812f28ed8c3a"", ""created_at"": null, ""new_record"": true, ""updated_at"": null, ""internal_resource"": ""MultiChecksum""}], ""duration"": [], ""geometry"": [], ""producer"": [], ""software"": [], ""mime_type"": [""image/tiff""], ""change_set"": null, ""created_at"": ""2026-09-29T21:16:13+00:00"", ""edit_users"": [], ""new_record"": true, ""page_count"": null, ""read_users"": [], ""updated_at"": ""2026-09-29T21:16:13+00:00"", ""edit_groups"": [], ""read_groups"": [], ""camera_model"": [], ""x_resolution"": [], ""y_resolution"": [], ""error_message"": [], ""bits_per_sample"": [], ""processing_note"": [], ""caption_language"": [], ""file_identifiers"": [{""id"": ""disk:///opt/repository/files/63/ec/df/63ecdfed7330423d8f26f9f87cee0243/00000279.tif""}], ""internal_resource"": ""FileMetadata"", ""original_filename"": [""00000279.tif""], ""source_media_type"": [], ""date_of_digitization"": [], ""preservation_copy_of_id"": null, ""original_language_caption"": null}, {""id"": {""id"": ""351c8fd7-5883-4f72-8274-9d9ad3c06ab5""}, ""use"": [{""@id"": ""http://pcdm.org/use#ServiceFile""}], ""size"": [], ""label"": [""intermediate_file.tif""], ""width"": [], ""bounds"": [], ""height"": [], ""checksum"": [], ""duration"": [], ""geometry"": [], ""producer"": [], ""software"": [], ""mime_type"": [""image/tiff""], ""change_set"": null, ""created_at"": ""2026-09-29T21:16:58+00:00"", ""edit_users"": [], ""new_record"": true, ""page_count"": null, ""read_users"": [], ""updated_at"": ""2026-09-29T21:16:58+00:00"", ""edit_groups"": [], ""read_groups"": [], ""camera_model"": [], ""x_resolution"": [], ""y_resolution"": [], ""error_message"": [], ""bits_per_sample"": [], ""processing_note"": [], ""caption_language"": [], ""file_identifiers"": [{""id"": ""pyramidal-derivatives-shrine://35/1c/8f/351c8fd758834f7282749d9ad3c06ab5/intermediate_file.tif""}], ""internal_resource"": ""FileMetadata"", ""original_filename"": [""intermediate_file.tif""], ""source_media_type"": [], ""date_of_digitization"": [], ""preservation_copy_of_id"": null, ""original_language_caption"": null}], ""service_targets"": [], ""cached_parent_id"": [{""id"": ""b7f6f438-4363-4003-8b74-779b5e31f210""}], ""processing_status"": [""processed""], ""optimistic_lock_token"": [{""token"": ""3"", ""adapter_id"": {""id"": ""746f06acf4d573bebd8c8a500b398589""}}]}",2026-09-29 21:16:21.611403,2026-09-30 13:41:30.931944,FileSet,4
5a39d173-bfe5-4052-8a82-c168958a858d,"{""part"": [], ""side"": [], ""title"": [""00000280.tif""], ""barcode"": [], ""edit_users"": [], ""highlights"": [], ""member_ids"": [], ""read_users"": [], ""edit_groups"": [], ""read_groups"": [""public""], ""file_metadata"": [{""id"": {""id"": ""1d86c455-fa01-4359-b3e2-a3519309a844""}, ""use"": [{""@id"": ""http://pcdm.org/use#OriginalFile""}], ""size"": [""58578102""], ""label"": [""00000280.tif""], ""width"": [""3605""], ""bounds"": [], ""height"": [""5411""], ""checksum"": [{""id"": null, ""md5"": ""cf963449ef8880b8c2da4e81edb4d37d"", ""sha1"": ""c7961d27be73e9a4d6fabf74147e6895a57b05be"", ""sha256"": ""af8ce310d9e73771b625ea372fe568e6ff9d73cc8664f02e44fa894720da8b5e"", ""created_at"": null, ""new_record"": true, ""updated_at"": null, ""internal_resource"": ""MultiChecksum""}], ""duration"": [], ""geometry"": [], ""producer"": [], ""software"": [], ""mime_type"": [""image/tiff""], ""change_set"": null, ""created_at"": ""2026-09-29T21:16:15+00:00"", ""edit_users"": [], ""new_record"": true, ""page_count"": null, ""read_users"": [], ""updated_at"": ""2026-09-29T21:16:15+00:00"", ""edit_groups"": [], ""read_groups"": [], ""camera_model"": [], ""x_resolution"": [], ""y_resolution"": [], ""error_message"": [], ""bits_per_sample"": [], ""processing_note"": [], ""caption_language"": [], ""file_identifiers"": [{""id"": ""disk:///opt/repository/files/1d/86/c4/1d86c455fa014359b3e2a3519309a844/00000280.tif""}], ""internal_resource"": ""FileMetadata"", ""original_filename"": [""00000280.tif""], ""source_media_type"": [], ""date_of_digitization"": [], ""preservation_copy_of_id"": null, ""original_language_caption"": null}, {""id"": {""id"": ""f4612110-dfec-4297-94c9-613c02c75480""}, ""use"": [{""@id"": ""http://pcdm.org/use#ServiceFile""}], ""size"": [], ""label"": [""intermediate_file.tif""], ""width"": [], ""bounds"": [], ""height"": [], ""checksum"": [], ""duration"": [], ""geometry"": [], ""producer"": [], ""software"": [], ""mime_type"": [""image/tiff""], ""change_set"": null, ""created_at"": ""2026-09-29T21:16:53+00:00"", ""edit_users"": [], ""new_record"": true, ""page_count"": null, ""read_users"": [], ""updated_at"": ""2026-09-29T21:16:53+00:00"", ""edit_groups"": [], ""read_groups"": [], ""camera_model"": [], ""x_resolution"": [], ""y_resolution"": [], ""error_message"": [], ""bits_per_sample"": [], ""processing_note"": [], ""caption_language"": [], ""file_identifiers"": [{""id"": ""pyramidal-derivatives-shrine://f4/61/21/f4612110dfec429794c9613c02c75480/intermediate_file.tif""}], ""internal_resource"": ""FileMetadata"", ""original_filename"": [""intermediate_file.tif""], ""source_media_type"": [], ""date_of_digitization"": [], ""preservation_copy_of_id"": null, ""original_language_caption"": null}], ""service_targets"": [], ""cached_parent_id"": [{""id"": ""b7f6f438-4363-4003-8b74-779b5e31f210""}], ""processing_status"": [""processed""], ""optimistic_lock_token"": [{""token"": ""3"", ""adapter_id"": {""id"": ""746f06acf4d573bebd8c8a500b398589""}}]}",2026-09-29 21:16:21.618046,2026-09-30 13:41:30.953631,FileSet,4
c12caa54-4991-4479-ba69-b4c5ed101eba,"{""part"": [], ""side"": [], ""title"": [""00000281.tif""], ""barcode"": [], ""edit_users"": [], ""highlights"": [], ""member_ids"": [], ""read_users"": [], ""edit_groups"": [], ""read_groups"": [""public""], ""file_metadata"": [{""id"": {""id"": ""4bd23bf8-f3a4-47fb-bd4c-7c3c49c7f882""}, ""use"": [{""@id"": ""http://pcdm.org/use#OriginalFile""}], ""size"": [""54252610""], ""label"": [""00000281.tif""], ""width"": [""3433""], ""bounds"": [], ""height"": [""5262""], ""checksum"": [{""id"": null, ""md5"": ""f9da06232adcba6538f86e67e9e5a133"", ""sha1"": ""5c21d0eb21638e094e9f9919aa064aa23916359e"", ""sha256"": ""41201cc70832dad11561ff09ad812c2b0b9e29fec8bbc9293797f6981ee6c248"", ""created_at"": null, ""new_record"": true, ""updated_at"": null, ""internal_resource"": ""MultiChecksum""}], ""duration"": [], ""geometry"": [], ""producer"": [], ""software"": [], ""mime_type"": [""image/tiff""], ""change_set"": null, ""created_at"": ""2026-09-29T21:16:22+00:00"", ""edit_users"": [], ""new_record"": true, ""page_count"": null, ""read_users"": [], ""updated_at"": ""2026-09-29T21:16:22+00:00"", ""edit_groups"": [], ""read_groups"": [], ""camera_model"": [], ""x_resolution"": [], ""y_resolution"": [], ""error_message"": [], ""bits_per_sample"": [], ""processing_note"": [], ""caption_language"": [], ""file_identifiers"": [{""id"": ""disk:///opt/repository/files/4b/d2/3b/4bd23bf8f3a447fbbd4c7c3c49c7f882/00000281.tif""}], ""internal_resource"": ""FileMetadata"", ""original_filename"": [""00000281.tif""], ""source_media_type"": [], ""date_of_digitization"": [], ""preservation_copy_of_id"": null, ""original_language_caption"": null}, {""id"": {""id"": ""a2cdafe8-4b30-4008-b783-99942d658ac2""}, ""use"": [{""@id"": ""http://pcdm.org/use#ServiceFile""}], ""size"": [], ""label"": [""intermediate_file.tif""], ""width"": [], ""bounds"": [], ""height"": [], ""checksum"": [], ""duration"": [], ""geometry"": [], ""producer"": [], ""software"": [], ""mime_type"": [""image/tiff""], ""change_set"": null, ""created_at"": ""2026-09-29T21:17:37+00:00"", ""edit_users"": [], ""new_record"": true, ""page_count"": null, ""read_users"": [], ""updated_at"": ""2026-09-29T21:17:37+00:00"", ""edit_groups"": [], ""read_groups"": [], ""camera_model"": [], ""x_resolution"": [], ""y_resolution"": [], ""error_message"": [], ""bits_per_sample"": [], ""processing_note"": [], ""caption_language"": [], ""file_identifiers"": [{""id"": ""pyramidal-derivatives-shrine://a2/cd/af/a2cdafe84b304008b78399942d658ac2/intermediate_file.tif""}], ""internal_resource"": ""FileMetadata"", ""original_filename"": [""intermediate_file.tif""], ""source_media_type"": [], ""date_of_digitization"": [], ""preservation_copy_of_id"": null, ""original_language_caption"": null}], ""service_targets"": [], ""cached_parent_id"": [{""id"": ""b7f6f438-4363-4003-8b74-779b5e31f210""}], ""processing_status"": [""processed""], ""optimistic_lock_token"": [{""token"": ""3"", ""adapter_id"": {""id"": ""746f06acf4d573bebd8c8a500b398589""}}]}",2026-09-29 21:17:09.605916,2026-09-30 13:41:30.968927,FileSet,4
04cfbd89-8b03-4d1e-a58e-7b49ff1f5a06,"{""part"": [], ""side"": [], ""title"": [""00000282.tif""], ""barcode"": [], ""edit_users"": [], ""highlights"": [], ""member_ids"": [], ""read_users"": [], ""edit_groups"": [], ""read_groups"": [""public""], ""file_metadata"": [{""id"": {""id"": ""3b70350f-5975-4214-ac9d-333aea7adbe4""}, ""use"": [{""@id"": ""http://pcdm.org/use#OriginalFile""}], ""size"": [""58578102""], ""label"": [""00000282.tif""], ""width"": [""3605""], ""bounds"": [], ""height"": [""5411""], ""checksum"": [{""id"": null, ""md5"": ""e56fa76c4c6734d0dcabceef76b44ef3"", ""sha1"": ""3a43458da3a1163c38ae4ae26110728d72b12fcc"", ""sha256"": ""91429990407b1a819ea5df495f41aea23ca971c660d4b82a14d38679651774b3"", ""created_at"": null, ""new_record"": true, ""updated_at"": null, ""internal_resource"": ""MultiChecksum""}], ""duration"": [], ""geometry"": [], ""producer"": [], ""software"": [], ""mime_type"": [""image/tiff""], ""change_set"": null, ""created_at"": ""2026-09-29T21:16:25+00:00"", ""edit_users"": [], ""new_record"": true, ""page_count"": null, ""read_users"": [], ""updated_at"": ""2026-09-29T21:16:25+00:00"", ""edit_groups"": [], ""read_groups"": [], ""camera_model"": [], ""x_resolution"": [], ""y_resolution"": [], ""error_message"": [], ""bits_per_sample"": [], ""processing_note"": [], ""caption_language"": [], ""file_identifiers"": [{""id"": ""disk:///opt/repository/files/3b/70/35/3b70350f59754214ac9d333aea7adbe4/00000282.tif""}], ""internal_resource"": ""FileMetadata"", ""original_filename"": [""00000282.tif""], ""source_media_type"": [], ""date_of_digitization"": [], ""preservation_copy_of_id"": null, ""original_language_caption"": null}, {""id"": {""id"": ""dd7695cd-d42c-4834-b9dc-bd446620c300""}, ""use"": [{""@id"": ""http://pcdm.org/use#ServiceFile""}], ""size"": [], ""label"": [""intermediate_file.tif""], ""width"": [], ""bounds"": [], ""height"": [], ""checksum"": [], ""duration"": [], ""geometry"": [], ""producer"": [], ""software"": [], ""mime_type"": [""image/tiff""], ""change_set"": null, ""created_at"": ""2026-09-29T21:17:47+00:00"", ""edit_users"": [], ""new_record"": true, ""page_count"": null, ""read_users"": [], ""updated_at"": ""2026-09-29T21:17:47+00:00"", ""edit_groups"": [], ""read_groups"": [], ""camera_model"": [], ""x_resolution"": [], ""y_resolution"": [], ""error_message"": [], ""bits_per_sample"": [], ""processing_note"": [], ""caption_language"": [], ""file_identifiers"": [{""id"": ""pyramidal-derivatives-shrine://dd/76/95/dd7695cdd42c4834b9dcbd446620c300/intermediate_file.tif""}], ""internal_resource"": ""FileMetadata"", ""original_filename"": [""intermediate_file.tif""], ""source_media_type"": [], ""date_of_digitization"": [], ""preservation_copy_of_id"": null, ""original_language_caption"": null}], ""service_targets"": [], ""cached_parent_id"": [{""id"": ""b7f6f438-4363-4003-8b74-779b5e31f210""}], ""processing_status"": [""processed""], ""optimistic_lock_token"": [{""token"": ""3"", ""adapter_id"": {""id"": ""746f06acf4d573bebd8c8a500b398589""}}]}",2026-09-29 21:17:09.614753,2026-09-30 13:41:30.984488,FileSet,4
980955cf-9546-48f0-90d9-abf1b4eaef83,"{""part"": [], ""side"": [], ""title"": [""00000283.tif""], ""barcode"": [], ""edit_users"": [], ""highlights"": [], ""member_ids"": [], ""read_users"": [], ""edit_groups"": [], ""read_groups"": [""public""], ""file_metadata"": [{""id"": {""id"": ""fad94882-c749-4bfd-9959-80ae9b85367a""}, ""use"": [{""@id"": ""http://pcdm.org/use#OriginalFile""}], ""size"": [""54252610""], ""label"": [""00000283.tif""], ""width"": [""3433""], ""bounds"": [], ""height"": [""5262""], ""checksum"": [{""id"": null, ""md5"": ""c3564544f2e4b95fbda269889af7f313"", ""sha1"": ""64f29aa903c3f04e2403d2f00577ca23aed38b2c"", ""sha256"": ""e7856163a984c03ea2ff7767665b6323dc4baafc81a8d4af93cce18bd2dbefa8"", ""created_at"": null, ""new_record"": true, ""updated_at"": null, ""internal_resource"": ""MultiChecksum""}], ""duration"": [], ""geometry"": [], ""producer"": [], ""software"": [], ""mime_type"": [""image/tiff""], ""change_set"": null, ""created_at"": ""2026-09-29T21:16:31+00:00"", ""edit_users"": [], ""new_record"": true, ""page_count"": null, ""read_users"": [], ""updated_at"": ""2026-09-29T21:16:31+00:00"", ""edit_groups"": [], ""read_groups"": [], ""camera_model"": [], ""x_resolution"": [], ""y_resolution"": [], ""error_message"": [], ""bits_per_sample"": [], ""processing_note"": [], ""caption_language"": [], ""file_identifiers"": [{""id"": ""disk:///opt/repository/files/fa/d9/48/fad94882c7494bfd995980ae9b85367a/00000283.tif""}], ""internal_resource"": ""FileMetadata"", ""original_filename"": [""00000283.tif""], ""source_media_type"": [], ""date_of_digitization"": [], ""preservation_copy_of_id"": null, ""original_language_caption"": null}, {""id"": {""id"": ""0e692454-95a8-48da-a1f6-2beb3167a527""}, ""use"": [{""@id"": ""http://pcdm.org/use#ServiceFile""}], ""size"": [], ""label"": [""intermediate_file.tif""], ""width"": [], ""bounds"": [], ""height"": [], ""checksum"": [], ""duration"": [], ""geometry"": [], ""producer"": [], ""software"": [], ""mime_type"": [""image/tiff""], ""change_set"": null, ""created_at"": ""2026-09-29T21:17:38+00:00"", ""edit_users"": [], ""new_record"": true, ""page_count"": null, ""read_users"": [], ""updated_at"": ""2026-09-29T21:17:38+00:00"", ""edit_groups"": [], ""read_groups"": [], ""camera_model"": [], ""x_resolution"": [], ""y_resolution"": [], ""error_message"": [], ""bits_per_sample"": [], ""processing_note"": [], ""caption_language"": [], ""file_identifiers"": [{""id"": ""pyramidal-derivatives-shrine://0e/69/24/0e69245495a848daa1f62beb3167a527/intermediate_file.tif""}], ""internal_resource"": ""FileMetadata"", ""original_filename"": [""intermediate_file.tif""], ""source_media_type"": [], ""date_of_digitization"": [], ""preservation_copy_of_id"": null, ""original_language_caption"": null}], ""service_targets"": [], ""cached_parent_id"": [{""id"": ""b7f6f438-4363-4003-8b74-779b5e31f210""}], ""processing_status"": [""processed""], ""optimistic_lock_token"": [{""token"": ""3"", ""adapter_id"": {""id"": ""746f06acf4d573bebd8c8a500b398589""}}]}",2026-09-29 21:17:09.622995,2026-09-30 13:41:31.003969,FileSet,4
8b4aafe6-dd53-4fa4-be1a-d83e339e60c5,"{""part"": [], ""side"": [], ""title"": [""00000284.tif""], ""barcode"": [], ""edit_users"": [], ""highlights"": [], ""member_ids"": [], ""read_users"": [], ""edit_groups"": [], ""read_groups"": [""public""], ""file_metadata"": [{""id"": {""id"": ""b92c2d9e-353d-482d-a7a3-74ec15479c27""}, ""use"": [{""@id"": ""http://pcdm.org/use#OriginalFile""}], ""size"": [""58578102""], ""label"": [""00000284.tif""], ""width"": [""3605""], ""bounds"": [], ""height"": [""5411""], ""checksum"": [{""id"": null, ""md5"": ""f40d69ea58ef89ed0b021a1e7c24fdfc"", ""sha1"": ""d7babf7c53636803cbeab6581d1190c6065e03ad"", ""sha256"": ""f76aa1fa7325043d377fa7e5d7bf891bad88ed50ce12b568c5678b9a7116db8d"", ""created_at"": null, ""new_record"": true, ""updated_at"": null, ""internal_resource"": ""MultiChecksum""}], ""duration"": [], ""geometry"": [], ""producer"": [], ""software"": [], ""mime_type"": [""image/tiff""], ""change_set"": null, ""created_at"": ""2026-09-29T21:16:32+00:00"", ""edit_users"": [], ""new_record"": true, ""page_count"": null, ""read_users"": [], ""updated_at"": ""2026-09-29T21:16:32+00:00"", ""edit_groups"": [], ""read_groups"": [], ""camera_model"": [], ""x_resolution"": [], ""y_resolution"": [], ""error_message"": [], ""bits_per_sample"": [], ""processing_note"": [], ""caption_language"": [], ""file_identifiers"": [{""id"": ""disk:///opt/repository/files/b9/2c/2d/b92c2d9e353d482da7a374ec15479c27/00000284.tif""}], ""internal_resource"": ""FileMetadata"", ""original_filename"": [""00000284.tif""], ""source_media_type"": [], ""date_of_digitization"": [], ""preservation_copy_of_id"": null, ""original_language_caption"": null}, {""id"": {""id"": ""e1aba86e-5fea-4fb0-9ac3-de642877d1b8""}, ""use"": [{""@id"": ""http://pcdm.org/use#ServiceFile""}], ""size"": [], ""label"": [""intermediate_file.tif""], ""width"": [], ""bounds"": [], ""height"": [], ""checksum"": [], ""duration"": [], ""geometry"": [], ""producer"": [], ""software"": [], ""mime_type"": [""image/tiff""], ""change_set"": null, ""created_at"": ""2026-09-29T21:17:47+00:00"", ""edit_users"": [], ""new_record"": true, ""page_count"": null, ""read_users"": [], ""updated_at"": ""2026-09-29T21:17:47+00:00"", ""edit_groups"": [], ""read_groups"": [], ""camera_model"": [], ""x_resolution"": [], ""y_resolution"": [], ""error_message"": [], ""bits_per_sample"": [], ""processing_note"": [], ""caption_language"": [], ""file_identifiers"": [{""id"": ""pyramidal-derivatives-shrine://e1/ab/a8/e1aba86e5fea4fb09ac3de642877d1b8/intermediate_file.tif""}], ""internal_resource"": ""FileMetadata"", ""original_filename"": [""intermediate_file.tif""], ""source_media_type"": [], ""date_of_digitization"": [], ""preservation_copy_of_id"": null, ""original_language_caption"": null}], ""service_targets"": [], ""cached_parent_id"": [{""id"": ""b7f6f438-4363-4003-8b74-779b5e31f210""}], ""processing_status"": [""processed""], ""optimistic_lock_token"": [{""token"": ""3"", ""adapter_id"": {""id"": ""746f06acf4d573bebd8c8a500b398589""}}]}",2026-09-29 21:17:09.629508,2026-09-30 13:41:31.018077,FileSet,4
ae8ee4d2-2d89-4968-87b1-f5f313de1b9d,"{""part"": [], ""side"": [], ""title"": [""00000285.tif""], ""barcode"": [], ""edit_users"": [], ""highlights"": [], ""member_ids"": [], ""read_users"": [], ""edit_groups"": [], ""read_groups"": [""public""], ""file_metadata"": [{""id"": {""id"": ""f94bd998-e540-4617-a6f4-62924f2ed3eb""}, ""use"": [{""@id"": ""http://pcdm.org/use#OriginalFile""}], ""size"": [""54252610""], ""label"": [""00000285.tif""], ""width"": [""3433""], ""bounds"": [], ""height"": [""5262""], ""checksum"": [{""id"": null, ""md5"": ""edd6d2f5d70ec381354a7b05a023b5e6"", ""sha1"": ""836e0bb4f4bdcfa15bb8b6634b112a28702bff3d"", ""sha256"": ""adad596f6021fb94660e290af685916d13402724a8f0975a0341e900ef44a30d"", ""created_at"": null, ""new_record"": true, ""updated_at"": null, ""internal_resource"": ""MultiChecksum""}], ""duration"": [], ""geometry"": [], ""producer"": [], ""software"": [], ""mime_type"": [""image/tiff""], ""change_set"": null, ""created_at"": ""2026-09-29T21:16:40+00:00"", ""edit_users"": [], ""new_record"": true, ""page_count"": null, ""read_users"": [], ""updated_at"": ""2026-09-29T21:16:40+00:00"", ""edit_groups"": [], ""read_groups"": [], ""camera_model"": [], ""x_resolution"": [], ""y_resolution"": [], ""error_message"": [], ""bits_per_sample"": [], ""processing_note"": [], ""caption_language"": [], ""file_identifiers"": [{""id"": ""disk:///opt/repository/files/f9/4b/d9/f94bd998e5404617a6f462924f2ed3eb/00000285.tif""}], ""internal_resource"": ""FileMetadata"", ""original_filename"": [""00000285.tif""], ""source_media_type"": [], ""date_of_digitization"": [], ""preservation_copy_of_id"": null, ""original_language_caption"": null}, {""id"": {""id"": ""bdfed65c-f486-4e3a-8bf4-15d7b8bc21a5""}, ""use"": [{""@id"": ""http://pcdm.org/use#ServiceFile""}], ""size"": [], ""label"": [""intermediate_file.tif""], ""width"": [], ""bounds"": [], ""height"": [], ""checksum"": [], ""duration"": [], ""geometry"": [], ""producer"": [], ""software"": [], ""mime_type"": [""image/tiff""], ""change_set"": null, ""created_at"": ""2026-09-29T21:17:39+00:00"", ""edit_users"": [], ""new_record"": true, ""page_count"": null, ""read_users"": [], ""updated_at"": ""2026-09-29T21:17:39+00:00"", ""edit_groups"": [], ""read_groups"": [], ""camera_model"": [], ""x_resolution"": [], ""y_resolution"": [], ""error_message"": [], ""bits_per_sample"": [], ""processing_note"": [], ""caption_language"": [], ""file_identifiers"": [{""id"": ""pyramidal-derivatives-shrine://bd/fe/d6/bdfed65cf4864e3a8bf415d7b8bc21a5/intermediate_file.tif""}], ""internal_resource"": ""FileMetadata"", ""original_filename"": [""intermediate_file.tif""], ""source_media_type"": [], ""date_of_digitization"": [], ""preservation_copy_of_id"": null, ""original_language_caption"": null}], ""service_targets"": [], ""cached_parent_id"": [{""id"": ""b7f6f438-4363-4003-8b74-779b5e31f210""}], ""processing_status"": [""processed""], ""optimistic_lock_token"": [{""token"": ""3"", ""adapter_id"": {""id"": ""746f06acf4d573bebd8c8a500b398589""}}]}",2026-09-29 21:17:09.634871,2026-09-30 13:41:31.043177,FileSet,4
4eac83e0-d53c-44ae-994b-a848948cb050,"{""part"": [], ""side"": [], ""title"": [""00000286.tif""], ""barcode"": [], ""edit_users"": [], ""highlights"": [], ""member_ids"": [], ""read_users"": [], ""edit_groups"": [], ""read_groups"": [""public""], ""file_metadata"": [{""id"": {""id"": ""6d5c29c5-87b2-4450-a823-be14d8301816""}, ""use"": [{""@id"": ""http://pcdm.org/use#OriginalFile""}], ""size"": [""58578102""], ""label"": [""00000286.tif""], ""width"": [""3605""], ""bounds"": [], ""height"": [""5411""], ""checksum"": [{""id"": null, ""md5"": ""4226016f3c1f41104d138cd865140964"", ""sha1"": ""71103adf52851c1eedd20eefbd842b58b01019c0"", ""sha256"": ""eeafd47186494b5589fe754b206882f6e51298b2142f89dc0b60ada4ef4adb43"", ""created_at"": null, ""new_record"": true, ""updated_at"": null, ""internal_resource"": ""MultiChecksum""}], ""duration"": [], ""geometry"": [], ""producer"": [], ""software"": [], ""mime_type"": [""image/tiff""], ""change_set"": null, ""created_at"": ""2026-09-29T21:16:43+00:00"", ""edit_users"": [], ""new_record"": true, ""page_count"": null, ""read_users"": [], ""updated_at"": ""2026-09-29T21:16:43+00:00"", ""edit_groups"": [], ""read_groups"": [], ""camera_model"": [], ""x_resolution"": [], ""y_resolution"": [], ""error_message"": [], ""bits_per_sample"": [], ""processing_note"": [], ""caption_language"": [], ""file_identifiers"": [{""id"": ""disk:///opt/repository/files/6d/5c/29/6d5c29c587b24450a823be14d8301816/00000286.tif""}], ""internal_resource"": ""FileMetadata"", ""original_filename"": [""00000286.tif""], ""source_media_type"": [], ""date_of_digitization"": [], ""preservation_copy_of_id"": null, ""original_language_caption"": null}, {""id"": {""id"": ""2b465c02-f9c9-45ae-8cba-973672a73bbf""}, ""use"": [{""@id"": ""http://pcdm.org/use#ServiceFile""}], ""size"": [], ""label"": [""intermediate_file.tif""], ""width"": [], ""bounds"": [], ""height"": [], ""checksum"": [], ""duration"": [], ""geometry"": [], ""producer"": [], ""software"": [], ""mime_type"": [""image/tiff""], ""change_set"": null, ""created_at"": ""2026-09-29T21:17:42+00:00"", ""edit_users"": [], ""new_record"": true, ""page_count"": null, ""read_users"": [], ""updated_at"": ""2026-09-29T21:17:42+00:00"", ""edit_groups"": [], ""read_groups"": [], ""camera_model"": [], ""x_resolution"": [], ""y_resolution"": [], ""error_message"": [], ""bits_per_sample"": [], ""processing_note"": [], ""caption_language"": [], ""file_identifiers"": [{""id"": ""pyramidal-derivatives-shrine://2b/46/5c/2b465c02f9c945ae8cba973672a73bbf/intermediate_file.tif""}], ""internal_resource"": ""FileMetadata"", ""original_filename"": [""intermediate_file.tif""], ""source_media_type"": [], ""date_of_digitization"": [], ""preservation_copy_of_id"": null, ""original_language_caption"": null}], ""service_targets"": [], ""cached_parent_id"": [{""id"": ""b7f6f438-4363-4003-8b74-779b5e31f210""}], ""processing_status"": [""processed""], ""optimistic_lock_token"": [{""token"": ""3"", ""adapter_id"": {""id"": ""746f06acf4d573bebd8c8a500b398589""}}]}",2026-09-29 21:17:09.641876,2026-09-30 13:41:31.060234,FileSet,4
a314a85a-74da-4812-8342-c2c6823efc40,"{""part"": [], ""side"": [], ""title"": [""00000287.tif""], ""barcode"": [], ""edit_users"": [], ""highlights"": [], ""member_ids"": [], ""read_users"": [], ""edit_groups"": [], ""read_groups"": [""public""], ""file_metadata"": [{""id"": {""id"": ""0018ee15-4d42-464e-a0fe-5b8a845b5d62""}, ""use"": [{""@id"": ""http://pcdm.org/use#OriginalFile""}], ""size"": [""54252610""], ""label"": [""00000287.tif""], ""width"": [""3433""], ""bounds"": [], ""height"": [""5262""], ""checksum"": [{""id"": null, ""md5"": ""94770178a677c1c8b9c2d4bdbaa38ab9"", ""sha1"": ""d80765d3d2dd4b30b932e7be8a74a1660e2c38e1"", ""sha256"": ""1891811b2ea74d88113b0eb0a6b2803106d68a8b2b499a06e6587f9ec7a37f5d"", ""created_at"": null, ""new_record"": true, ""updated_at"": null, ""internal_resource"": ""MultiChecksum""}], ""duration"": [], ""geometry"": [], ""producer"": [], ""software"": [], ""mime_type"": [""image/tiff""], ""change_set"": null, ""created_at"": ""2026-09-29T21:16:49+00:00"", ""edit_users"": [], ""new_record"": true, ""page_count"": null, ""read_users"": [], ""updated_at"": ""2026-09-29T21:16:49+00:00"", ""edit_groups"": [], ""read_groups"": [], ""camera_model"": [], ""x_resolution"": [], ""y_resolution"": [], ""error_message"": [], ""bits_per_sample"": [], ""processing_note"": [], ""caption_language"": [], ""file_identifiers"": [{""id"": ""disk:///opt/repository/files/00/18/ee/0018ee154d42464ea0fe5b8a845b5d62/00000287.tif""}], ""internal_resource"": ""FileMetadata"", ""original_filename"": [""00000287.tif""], ""source_media_type"": [], ""date_of_digitization"": [], ""preservation_copy_of_id"": null, ""original_language_caption"": null}, {""id"": {""id"": ""2f43905d-d1fd-4f29-b1b2-b3a4c594943a""}, ""use"": [{""@id"": ""http://pcdm.org/use#ServiceFile""}], ""size"": [], ""label"": [""intermediate_file.tif""], ""width"": [], ""bounds"": [], ""height"": [], ""checksum"": [], ""duration"": [], ""geometry"": [], ""producer"": [], ""software"": [], ""mime_type"": [""image/tiff""], ""change_set"": null, ""created_at"": ""2026-09-29T21:17:38+00:00"", ""edit_users"": [], ""new_record"": true, ""page_count"": null, ""read_users"": [], ""updated_at"": ""2026-09-29T21:17:38+00:00"", ""edit_groups"": [], ""read_groups"": [], ""camera_model"": [], ""x_resolution"": [], ""y_resolution"": [], ""error_message"": [], ""bits_per_sample"": [], ""processing_note"": [], ""caption_language"": [], ""file_identifiers"": [{""id"": ""pyramidal-derivatives-shrine://2f/43/90/2f43905dd1fd4f29b1b2b3a4c594943a/intermediate_file.tif""}], ""internal_resource"": ""FileMetadata"", ""original_filename"": [""intermediate_file.tif""], ""source_media_type"": [], ""date_of_digitization"": [], ""preservation_copy_of_id"": null, ""original_language_caption"": null}], ""service_targets"": [], ""cached_parent_id"": [{""id"": ""b7f6f438-4363-4003-8b74-779b5e31f210""}], ""processing_status"": [""processed""], ""optimistic_lock_token"": [{""token"": ""3"", ""adapter_id"": {""id"": ""746f06acf4d573bebd8c8a500b398589""}}]}",2026-09-29 21:17:09.646765,2026-09-30 13:41:31.075388,FileSet,4
34920954-de91-4003-a519-05676d2d029a,"{""part"": [], ""side"": [], ""title"": [""00000288.tif""], ""barcode"": [], ""edit_users"": [], ""highlights"": [], ""member_ids"": [], ""read_users"": [], ""edit_groups"": [], ""read_groups"": [""public""], ""file_metadata"": [{""id"": {""id"": ""54c0b8e3-3600-4d89-ba3d-c91ac1cf1e4c""}, ""use"": [{""@id"": ""http://pcdm.org/use#OriginalFile""}], ""size"": [""58578102""], ""label"": [""00000288.tif""], ""width"": [""3605""], ""bounds"": [], ""height"": [""5411""], ""checksum"": [{""id"": null, ""md5"": ""282942663921f39464db11a0032955b5"", ""sha1"": ""49b74f80ab5ba42a3d778f2ad58e1b267705c85c"", ""sha256"": ""f8a52d7f140edd94e1b5e544473a952ae2ac2a299891a551dda3d3ab50e44ce8"", ""created_at"": null, ""new_record"": true, ""updated_at"": null, ""internal_resource"": ""MultiChecksum""}], ""duration"": [], ""geometry"": [], ""producer"": [], ""software"": [], ""mime_type"": [""image/tiff""], ""change_set"": null, ""created_at"": ""2026-09-29T21:16:53+00:00"", ""edit_users"": [], ""new_record"": true, ""page_count"": null, ""read_users"": [], ""updated_at"": ""2026-09-29T21:16:53+00:00"", ""edit_groups"": [], ""read_groups"": [], ""camera_model"": [], ""x_resolution"": [], ""y_resolution"": [], ""error_message"": [], ""bits_per_sample"": [], ""processing_note"": [], ""caption_language"": [], ""file_identifiers"": [{""id"": ""disk:///opt/repository/files/54/c0/b8/54c0b8e336004d89ba3dc91ac1cf1e4c/00000288.tif""}], ""internal_resource"": ""FileMetadata"", ""original_filename"": [""00000288.tif""], ""source_media_type"": [], ""date_of_digitization"": [], ""preservation_copy_of_id"": null, ""original_language_caption"": null}, {""id"": {""id"": ""09dbbe9f-f471-4934-b0e0-06332dccc62e""}, ""use"": [{""@id"": ""http://pcdm.org/use#ServiceFile""}], ""size"": [], ""label"": [""intermediate_file.tif""], ""width"": [], ""bounds"": [], ""height"": [], ""checksum"": [], ""duration"": [], ""geometry"": [], ""producer"": [], ""software"": [], ""mime_type"": [""image/tiff""], ""change_set"": null, ""created_at"": ""2026-09-29T21:17:43+00:00"", ""edit_users"": [], ""new_record"": true, ""page_count"": null, ""read_users"": [], ""updated_at"": ""2026-09-29T21:17:43+00:00"", ""edit_groups"": [], ""read_groups"": [], ""camera_model"": [], ""x_resolution"": [], ""y_resolution"": [], ""error_message"": [], ""bits_per_sample"": [], ""processing_note"": [], ""caption_language"": [], ""file_identifiers"": [{""id"": ""pyramidal-derivatives-shrine://09/db/be/09dbbe9ff4714934b0e006332dccc62e/intermediate_file.tif""}], ""internal_resource"": ""FileMetadata"", ""original_filename"": [""intermediate_file.tif""], ""source_media_type"": [], ""date_of_digitization"": [], ""preservation_copy_of_id"": null, ""original_language_caption"": null}], ""service_targets"": [], ""cached_parent_id"": [{""id"": ""b7f6f438-4363-4003-8b74-779b5e31f210""}], ""processing_status"": [""processed""], ""optimistic_lock_token"": [{""token"": ""3"", ""adapter_id"": {""id"": ""746f06acf4d573bebd8c8a500b398589""}}]}",2026-09-29 21:17:09.651703,2026-09-30 13:41:31.091788,FileSet,4
f9b8ab87-ff02-4766-8644-6249382f6081,"{""part"": [], ""side"": [], ""title"": [""00000289.tif""], ""barcode"": [], ""edit_users"": [], ""highlights"": [], ""member_ids"": [], ""read_users"": [], ""edit_groups"": [], ""read_groups"": [""public""], ""file_metadata"": [{""id"": {""id"": ""36b231e5-7c5b-4cc4-9f04-41a3e3c64570""}, ""use"": [{""@id"": ""http://pcdm.org/use#OriginalFile""}], ""size"": [""54252610""], ""label"": [""00000289.tif""], ""width"": [""3433""], ""bounds"": [], ""height"": [""5262""], ""checksum"": [{""id"": null, ""md5"": ""ebb6a89589d3ac56bcbbef1f2489ea32"", ""sha1"": ""cb7ce168c1582444506b12dae46fa36c154512d2"", ""sha256"": ""ec0ed1314cf6b38b37f522241304f0caaab0b47de22ea3829249fdea4bb5597a"", ""created_at"": null, ""new_record"": true, ""updated_at"": null, ""internal_resource"": ""MultiChecksum""}], ""duration"": [], ""geometry"": [], ""producer"": [], ""software"": [], ""mime_type"": [""image/tiff""], ""change_set"": null, ""created_at"": ""2026-09-29T21:16:59+00:00"", ""edit_users"": [], ""new_record"": true, ""page_count"": null, ""read_users"": [], ""updated_at"": ""2026-09-29T21:16:59+00:00"", ""edit_groups"": [], ""read_groups"": [], ""camera_model"": [], ""x_resolution"": [], ""y_resolution"": [], ""error_message"": [], ""bits_per_sample"": [], ""processing_note"": [], ""caption_language"": [], ""file_identifiers"": [{""id"": ""disk:///opt/repository/files/36/b2/31/36b231e57c5b4cc49f0441a3e3c64570/00000289.tif""}], ""internal_resource"": ""FileMetadata"", ""original_filename"": [""00000289.tif""], ""source_media_type"": [], ""date_of_digitization"": [], ""preservation_copy_of_id"": null, ""original_language_caption"": null}, {""id"": {""id"": ""31296ca1-20c3-4006-93e1-1ccbd4ad05e0""}, ""use"": [{""@id"": ""http://pcdm.org/use#ServiceFile""}], ""size"": [], ""label"": [""intermediate_file.tif""], ""width"": [], ""bounds"": [], ""height"": [], ""checksum"": [], ""duration"": [], ""geometry"": [], ""producer"": [], ""software"": [], ""mime_type"": [""image/tiff""], ""change_set"": null, ""created_at"": ""2026-09-29T21:17:38+00:00"", ""edit_users"": [], ""new_record"": true, ""page_count"": null, ""read_users"": [], ""updated_at"": ""2026-09-29T21:17:38+00:00"", ""edit_groups"": [], ""read_groups"": [], ""camera_model"": [], ""x_resolution"": [], ""y_resolution"": [], ""error_message"": [], ""bits_per_sample"": [], ""processing_note"": [], ""caption_language"": [], ""file_identifiers"": [{""id"": ""pyramidal-derivatives-shrine://31/29/6c/31296ca120c3400693e11ccbd4ad05e0/intermediate_file.tif""}], ""internal_resource"": ""FileMetadata"", ""original_filename"": [""intermediate_file.tif""], ""source_media_type"": [], ""date_of_digitization"": [], ""preservation_copy_of_id"": null, ""original_language_caption"": null}], ""service_targets"": [], ""cached_parent_id"": [{""id"": ""b7f6f438-4363-4003-8b74-779b5e31f210""}], ""processing_status"": [""processed""], ""optimistic_lock_token"": [{""token"": ""3"", ""adapter_id"": {""id"": ""746f06acf4d573bebd8c8a500b398589""}}]}",2026-09-29 21:17:09.656892,2026-09-30 13:41:31.111,FileSet,4
49bb5078-ecf8-4182-bde9-f1b7bfe85fd9,"{""part"": [], ""side"": [], ""title"": [""00000290.tif""], ""barcode"": [], ""edit_users"": [], ""highlights"": [], ""member_ids"": [], ""read_users"": [], ""edit_groups"": [], ""read_groups"": [""public""], ""file_metadata"": [{""id"": {""id"": ""2aca73ed-83ce-403d-a8ce-74692ae0ae68""}, ""use"": [{""@id"": ""http://pcdm.org/use#OriginalFile""}], ""size"": [""58578102""], ""label"": [""00000290.tif""], ""width"": [""3605""], ""bounds"": [], ""height"": [""5411""], ""checksum"": [{""id"": null, ""md5"": ""5bb443d866d934a18aa7703980f4aea0"", ""sha1"": ""a4783dc085509009aaa1657edf20780359a82abb"", ""sha256"": ""bc3efe7b0c890f392b13955a50adb6bba8aa509d934d54e5acce113240059122"", ""created_at"": null, ""new_record"": true, ""updated_at"": null, ""internal_resource"": ""MultiChecksum""}], ""duration"": [], ""geometry"": [], ""producer"": [], ""software"": [], ""mime_type"": [""image/tiff""], ""change_set"": null, ""created_at"": ""2026-09-29T21:17:02+00:00"", ""edit_users"": [], ""new_record"": true, ""page_count"": null, ""read_users"": [], ""updated_at"": ""2026-09-29T21:17:02+00:00"", ""edit_groups"": [], ""read_groups"": [], ""camera_model"": [], ""x_resolution"": [], ""y_resolution"": [], ""error_message"": [], ""bits_per_sample"": [], ""processing_note"": [], ""caption_language"": [], ""file_identifiers"": [{""id"": ""disk:///opt/repository/files/2a/ca/73/2aca73ed83ce403da8ce74692ae0ae68/00000290.tif""}], ""internal_resource"": ""FileMetadata"", ""original_filename"": [""00000290.tif""], ""source_media_type"": [], ""date_of_digitization"": [], ""preservation_copy_of_id"": null, ""original_language_caption"": null}, {""id"": {""id"": ""6377c899-98b6-4192-be73-a47894feb67c""}, ""use"": [{""@id"": ""http://pcdm.org/use#ServiceFile""}], ""size"": [], ""label"": [""intermediate_file.tif""], ""width"": [], ""bounds"": [], ""height"": [], ""checksum"": [], ""duration"": [], ""geometry"": [], ""producer"": [], ""software"": [], ""mime_type"": [""image/tiff""], ""change_set"": null, ""created_at"": ""2026-09-29T21:17:47+00:00"", ""edit_users"": [], ""new_record"": true, ""page_count"": null, ""read_users"": [], ""updated_at"": ""2026-09-29T21:17:47+00:00"", ""edit_groups"": [], ""read_groups"": [], ""camera_model"": [], ""x_resolution"": [], ""y_resolution"": [], ""error_message"": [], ""bits_per_sample"": [], ""processing_note"": [], ""caption_language"": [], ""file_identifiers"": [{""id"": ""pyramidal-derivatives-shrine://63/77/c8/6377c89998b64192be73a47894feb67c/intermediate_file.tif""}], ""internal_resource"": ""FileMetadata"", ""original_filename"": [""intermediate_file.tif""], ""source_media_type"": [], ""date_of_digitization"": [], ""preservation_copy_of_id"": null, ""original_language_caption"": null}], ""service_targets"": [], ""cached_parent_id"": [{""id"": ""b7f6f438-4363-4003-8b74-779b5e31f210""}], ""processing_status"": [""processed""], ""optimistic_lock_token"": [{""token"": ""3"", ""adapter_id"": {""id"": ""746f06acf4d573bebd8c8a500b398589""}}]}",2026-09-29 21:17:09.661091,2026-09-30 13:41:31.125475,FileSet,4
ccd5848e-241e-475c-ad5a-54b719ddb090,"{""part"": [], ""side"": [], ""title"": [""00000291.tif""], ""barcode"": [], ""edit_users"": [], ""highlights"": [], ""member_ids"": [], ""read_users"": [], ""edit_groups"": [], ""read_groups"": [""public""], ""file_metadata"": [{""id"": {""id"": ""68c0ba77-cf00-414d-a88a-6099bb4706c7""}, ""use"": [{""@id"": ""http://pcdm.org/use#OriginalFile""}], ""size"": [""54252610""], ""label"": [""00000291.tif""], ""width"": [""3433""], ""bounds"": [], ""height"": [""5262""], ""checksum"": [{""id"": null, ""md5"": ""7313625d613cbf6dffdea637f1d9581e"", ""sha1"": ""7c5031fef4b9a418bfeded9442e25d3704446ea7"", ""sha256"": ""94b809e4242d5d227fe3a880d6bdef7de8418da238b360604a1578d964ef7104"", ""created_at"": null, ""new_record"": true, ""updated_at"": null, ""internal_resource"": ""MultiChecksum""}], ""duration"": [], ""geometry"": [], ""producer"": [], ""software"": [], ""mime_type"": [""image/tiff""], ""change_set"": null, ""created_at"": ""2026-09-29T21:17:10+00:00"", ""edit_users"": [], ""new_record"": true, ""page_count"": null, ""read_users"": [], ""updated_at"": ""2026-09-29T21:17:10+00:00"", ""edit_groups"": [], ""read_groups"": [], ""camera_model"": [], ""x_resolution"": [], ""y_resolution"": [], ""error_message"": [], ""bits_per_sample"": [], ""processing_note"": [], ""caption_language"": [], ""file_identifiers"": [{""id"": ""disk:///opt/repository/files/68/c0/ba/68c0ba77cf00414da88a6099bb4706c7/00000291.tif""}], ""internal_resource"": ""FileMetadata"", ""original_filename"": [""00000291.tif""], ""source_media_type"": [], ""date_of_digitization"": [], ""preservation_copy_of_id"": null, ""original_language_caption"": null}, {""id"": {""id"": ""e8af1ef4-f25e-40a6-a6d5-cab284123766""}, ""use"": [{""@id"": ""http://pcdm.org/use#ServiceFile""}], ""size"": [], ""label"": [""intermediate_file.tif""], ""width"": [], ""bounds"": [], ""height"": [], ""checksum"": [], ""duration"": [], ""geometry"": [], ""producer"": [], ""software"": [], ""mime_type"": [""image/tiff""], ""change_set"": null, ""created_at"": ""2026-09-29T21:19:26+00:00"", ""edit_users"": [], ""new_record"": true, ""page_count"": null, ""read_users"": [], ""updated_at"": ""2026-09-29T21:19:26+00:00"", ""edit_groups"": [], ""read_groups"": [], ""camera_model"": [], ""x_resolution"": [], ""y_resolution"": [], ""error_message"": [], ""bits_per_sample"": [], ""processing_note"": [], ""caption_language"": [], ""file_identifiers"": [{""id"": ""pyramidal-derivatives-shrine://e8/af/1e/e8af1ef4f25e40a6a6d5cab284123766/intermediate_file.tif""}], ""internal_resource"": ""FileMetadata"", ""original_filename"": [""intermediate_file.tif""], ""source_media_type"": [], ""date_of_digitization"": [], ""preservation_copy_of_id"": null, ""original_language_caption"": null}], ""service_targets"": [], ""cached_parent_id"": [{""id"": ""b7f6f438-4363-4003-8b74-779b5e31f210""}], ""processing_status"": [""processed""], ""optimistic_lock_token"": [{""token"": ""3"", ""adapter_id"": {""id"": ""746f06acf4d573bebd8c8a500b398589""}}]}",2026-09-29 21:18:08.660553,2026-09-30 13:41:31.140449,FileSet,4
674d2c49-d68b-49ea-a837-548817cab91f,"{""part"": [], ""side"": [], ""title"": [""00000292.tif""], ""barcode"": [], ""edit_users"": [], ""highlights"": [], ""member_ids"": [], ""read_users"": [], ""edit_groups"": [], ""read_groups"": [""public""], ""file_metadata"": [{""id"": {""id"": ""f341b5c7-56f6-4a9e-b026-6f7e15196b67""}, ""use"": [{""@id"": ""http://pcdm.org/use#OriginalFile""}], ""size"": [""58578102""], ""label"": [""00000292.tif""], ""width"": [""3605""], ""bounds"": [], ""height"": [""5411""], ""checksum"": [{""id"": null, ""md5"": ""7e472d521fe97d84025d587e571787c4"", ""sha1"": ""e61b9f876ddee5d8987205b72411101cab479bcf"", ""sha256"": ""f254311505ee82a576157fe6a392fb97a88a499b6897e398b051b4c7b74be525"", ""created_at"": null, ""new_record"": true, ""updated_at"": null, ""internal_resource"": ""MultiChecksum""}], ""duration"": [], ""geometry"": [], ""producer"": [], ""software"": [], ""mime_type"": [""image/tiff""], ""change_set"": null, ""created_at"": ""2026-09-29T21:17:15+00:00"", ""edit_users"": [], ""new_record"": true, ""page_count"": null, ""read_users"": [], ""updated_at"": ""2026-09-29T21:17:15+00:00"", ""edit_groups"": [], ""read_groups"": [], ""camera_model"": [], ""x_resolution"": [], ""y_resolution"": [], ""error_message"": [], ""bits_per_sample"": [], ""processing_note"": [], ""caption_language"": [], ""file_identifiers"": [{""id"": ""disk:///opt/repository/files/f3/41/b5/f341b5c756f64a9eb0266f7e15196b67/00000292.tif""}], ""internal_resource"": ""FileMetadata"", ""original_filename"": [""00000292.tif""], ""source_media_type"": [], ""date_of_digitization"": [], ""preservation_copy_of_id"": null, ""original_language_caption"": null}, {""id"": {""id"": ""48adac27-c70a-4a57-b6e1-d6aa7ddabaad""}, ""use"": [{""@id"": ""http://pcdm.org/use#ServiceFile""}], ""size"": [], ""label"": [""intermediate_file.tif""], ""width"": [], ""bounds"": [], ""height"": [], ""checksum"": [], ""duration"": [], ""geometry"": [], ""producer"": [], ""software"": [], ""mime_type"": [""image/tiff""], ""change_set"": null, ""created_at"": ""2026-09-29T21:20:46+00:00"", ""edit_users"": [], ""new_record"": true, ""page_count"": null, ""read_users"": [], ""updated_at"": ""2026-09-29T21:20:46+00:00"", ""edit_groups"": [], ""read_groups"": [], ""camera_model"": [], ""x_resolution"": [], ""y_resolution"": [], ""error_message"": [], ""bits_per_sample"": [], ""processing_note"": [], ""caption_language"": [], ""file_identifiers"": [{""id"": ""pyramidal-derivatives-shrine://48/ad/ac/48adac27c70a4a57b6e1d6aa7ddabaad/intermediate_file.tif""}], ""internal_resource"": ""FileMetadata"", ""original_filename"": [""intermediate_file.tif""], ""source_media_type"": [], ""date_of_digitization"": [], ""preservation_copy_of_id"": null, ""original_language_caption"": null}], ""service_targets"": [], ""cached_parent_id"": [{""id"": ""b7f6f438-4363-4003-8b74-779b5e31f210""}], ""processing_status"": [""processed""], ""optimistic_lock_token"": [{""token"": ""3"", ""adapter_id"": {""id"": ""746f06acf4d573bebd8c8a500b398589""}}]}",2026-09-29 21:18:08.671337,2026-09-30 13:41:31.160578,FileSet,4
9c38ca1a-00b2-4b54-b7a8-6b469349140c,"{""part"": [], ""side"": [], ""title"": [""00000293.tif""], ""barcode"": [], ""edit_users"": [], ""highlights"": [], ""member_ids"": [], ""read_users"": [], ""edit_groups"": [], ""read_groups"": [""public""], ""file_metadata"": [{""id"": {""id"": ""c454186e-90ed-4cd8-aa5c-807ea1f42928""}, ""use"": [{""@id"": ""http://pcdm.org/use#OriginalFile""}], ""size"": [""54252610""], ""label"": [""00000293.tif""], ""width"": [""3433""], ""bounds"": [], ""height"": [""5262""], ""checksum"": [{""id"": null, ""md5"": ""a35b196f4ac9163a6a25d57051547671"", ""sha1"": ""618616cf0610ff0c9023e736a0e90f0bb0d0c387"", ""sha256"": ""8239ed60557060c0dc59f98f0112f360375e08de52e4389dd56dc419d3b69387"", ""created_at"": null, ""new_record"": true, ""updated_at"": null, ""internal_resource"": ""MultiChecksum""}], ""duration"": [], ""geometry"": [], ""producer"": [], ""software"": [], ""mime_type"": [""image/tiff""], ""change_set"": null, ""created_at"": ""2026-09-29T21:17:19+00:00"", ""edit_users"": [], ""new_record"": true, ""page_count"": null, ""read_users"": [], ""updated_at"": ""2026-09-29T21:17:19+00:00"", ""edit_groups"": [], ""read_groups"": [], ""camera_model"": [], ""x_resolution"": [], ""y_resolution"": [], ""error_message"": [], ""bits_per_sample"": [], ""processing_note"": [], ""caption_language"": [], ""file_identifiers"": [{""id"": ""disk:///opt/repository/files/c4/54/18/c454186e90ed4cd8aa5c807ea1f42928/00000293.tif""}], ""internal_resource"": ""FileMetadata"", ""original_filename"": [""00000293.tif""], ""source_media_type"": [], ""date_of_digitization"": [], ""preservation_copy_of_id"": null, ""original_language_caption"": null}, {""id"": {""id"": ""5b59684a-fbd7-4f6d-a752-2d8672bbd499""}, ""use"": [{""@id"": ""http://pcdm.org/use#ServiceFile""}], ""size"": [], ""label"": [""intermediate_file.tif""], ""width"": [], ""bounds"": [], ""height"": [], ""checksum"": [], ""duration"": [], ""geometry"": [], ""producer"": [], ""software"": [], ""mime_type"": [""image/tiff""], ""change_set"": null, ""created_at"": ""2026-09-29T21:20:34+00:00"", ""edit_users"": [], ""new_record"": true, ""page_count"": null, ""read_users"": [], ""updated_at"": ""2026-09-29T21:20:34+00:00"", ""edit_groups"": [], ""read_groups"": [], ""camera_model"": [], ""x_resolution"": [], ""y_resolution"": [], ""error_message"": [], ""bits_per_sample"": [], ""processing_note"": [], ""caption_language"": [], ""file_identifiers"": [{""id"": ""pyramidal-derivatives-shrine://5b/59/68/5b59684afbd74f6da7522d8672bbd499/intermediate_file.tif""}], ""internal_resource"": ""FileMetadata"", ""original_filename"": [""intermediate_file.tif""], ""source_media_type"": [], ""date_of_digitization"": [], ""preservation_copy_of_id"": null, ""original_language_caption"": null}], ""service_targets"": [], ""cached_parent_id"": [{""id"": ""b7f6f438-4363-4003-8b74-779b5e31f210""}], ""processing_status"": [""processed""], ""optimistic_lock_token"": [{""token"": ""3"", ""adapter_id"": {""id"": ""746f06acf4d573bebd8c8a500b398589""}}]}",2026-09-29 21:18:08.676636,2026-09-30 13:41:31.177258,FileSet,4
ee58a0f9-969b-487e-968d-b9f69d0f398a,"{""part"": [], ""side"": [], ""title"": [""00000294.tif""], ""barcode"": [], ""edit_users"": [], ""highlights"": [], ""member_ids"": [], ""read_users"": [], ""edit_groups"": [], ""read_groups"": [""public""], ""file_metadata"": [{""id"": {""id"": ""3842e27f-03cd-4c0e-a2a6-d634d0cca76c""}, ""use"": [{""@id"": ""http://pcdm.org/use#OriginalFile""}], ""size"": [""58578102""], ""label"": [""00000294.tif""], ""width"": [""3605""], ""bounds"": [], ""height"": [""5411""], ""checksum"": [{""id"": null, ""md5"": ""fcb612e38d7126f26ced1b00e7d02030"", ""sha1"": ""1393c35b6ad505f9922b8f0ceddce7bc84dc836b"", ""sha256"": ""fcfb4b6816c503b0eb1ba8615af19c28237f6c16d0cb7fb15552d0709f62f88b"", ""created_at"": null, ""new_record"": true, ""updated_at"": null, ""internal_resource"": ""MultiChecksum""}], ""duration"": [], ""geometry"": [], ""producer"": [], ""software"": [], ""mime_type"": [""image/tiff""], ""change_set"": null, ""created_at"": ""2026-09-29T21:17:24+00:00"", ""edit_users"": [], ""new_record"": true, ""page_count"": null, ""read_users"": [], ""updated_at"": ""2026-09-29T21:17:24+00:00"", ""edit_groups"": [], ""read_groups"": [], ""camera_model"": [], ""x_resolution"": [], ""y_resolution"": [], ""error_message"": [], ""bits_per_sample"": [], ""processing_note"": [], ""caption_language"": [], ""file_identifiers"": [{""id"": ""disk:///opt/repository/files/38/42/e2/3842e27f03cd4c0ea2a6d634d0cca76c/00000294.tif""}], ""internal_resource"": ""FileMetadata"", ""original_filename"": [""00000294.tif""], ""source_media_type"": [], ""date_of_digitization"": [], ""preservation_copy_of_id"": null, ""original_language_caption"": null}, {""id"": {""id"": ""9acea68b-9f33-4ba0-b07a-48cd7ef4cf08""}, ""use"": [{""@id"": ""http://pcdm.org/use#ServiceFile""}], ""size"": [], ""label"": [""intermediate_file.tif""], ""width"": [], ""bounds"": [], ""height"": [], ""checksum"": [], ""duration"": [], ""geometry"": [], ""producer"": [], ""software"": [], ""mime_type"": [""image/tiff""], ""change_set"": null, ""created_at"": ""2026-09-29T21:20:26+00:00"", ""edit_users"": [], ""new_record"": true, ""page_count"": null, ""read_users"": [], ""updated_at"": ""2026-09-29T21:20:26+00:00"", ""edit_groups"": [], ""read_groups"": [], ""camera_model"": [], ""x_resolution"": [], ""y_resolution"": [], ""error_message"": [], ""bits_per_sample"": [], ""processing_note"": [], ""caption_language"": [], ""file_identifiers"": [{""id"": ""pyramidal-derivatives-shrine://9a/ce/a6/9acea68b9f334ba0b07a48cd7ef4cf08/intermediate_file.tif""}], ""internal_resource"": ""FileMetadata"", ""original_filename"": [""intermediate_file.tif""], ""source_media_type"": [], ""date_of_digitization"": [], ""preservation_copy_of_id"": null, ""original_language_caption"": null}], ""service_targets"": [], ""cached_parent_id"": [{""id"": ""b7f6f438-4363-4003-8b74-779b5e31f210""}], ""processing_status"": [""processed""], ""optimistic_lock_token"": [{""token"": ""3"", ""adapter_id"": {""id"": ""746f06acf4d573bebd8c8a500b398589""}}]}",2026-09-29 21:18:08.681293,2026-09-30 13:41:31.193388,FileSet,4
0f16793b-2d63-4ab5-88d5-63ecdebf2f36,"{""part"": [], ""side"": [], ""title"": [""00000295.tif""], ""barcode"": [], ""edit_users"": [], ""highlights"": [], ""member_ids"": [], ""read_users"": [], ""edit_groups"": [], ""read_groups"": [""public""], ""file_metadata"": [{""id"": {""id"": ""eaa23c0d-a182-4e36-9c17-63ab0ea7395d""}, ""use"": [{""@id"": ""http://pcdm.org/use#OriginalFile""}], ""size"": [""54252610""], ""label"": [""00000295.tif""], ""width"": [""3433""], ""bounds"": [], ""height"": [""5262""], ""checksum"": [{""id"": null, ""md5"": ""b0640744bbc411e61d85897a1623b2a0"", ""sha1"": ""a7c6fc87970e7c6be375e1067c62f726dc89dc9c"", ""sha256"": ""0db30af0de85bfb7718073a27ecb9608d0d3eae0fe1600157e61f753d78df60b"", ""created_at"": null, ""new_record"": true, ""updated_at"": null, ""internal_resource"": ""MultiChecksum""}], ""duration"": [], ""geometry"": [], ""producer"": [], ""software"": [], ""mime_type"": [""image/tiff""], ""change_set"": null, ""created_at"": ""2026-09-29T21:17:28+00:00"", ""edit_users"": [], ""new_record"": true, ""page_count"": null, ""read_users"": [], ""updated_at"": ""2026-09-29T21:17:28+00:00"", ""edit_groups"": [], ""read_groups"": [], ""camera_model"": [], ""x_resolution"": [], ""y_resolution"": [], ""error_message"": [], ""bits_per_sample"": [], ""processing_note"": [], ""caption_language"": [], ""file_identifiers"": [{""id"": ""disk:///opt/repository/files/ea/a2/3c/eaa23c0da1824e369c1763ab0ea7395d/00000295.tif""}], ""internal_resource"": ""FileMetadata"", ""original_filename"": [""00000295.tif""], ""source_media_type"": [], ""date_of_digitization"": [], ""preservation_copy_of_id"": null, ""original_language_caption"": null}, {""id"": {""id"": ""1ff13842-d5b0-44d8-b054-98e70ca9f7bf""}, ""use"": [{""@id"": ""http://pcdm.org/use#ServiceFile""}], ""size"": [], ""label"": [""intermediate_file.tif""], ""width"": [], ""bounds"": [], ""height"": [], ""checksum"": [], ""duration"": [], ""geometry"": [], ""producer"": [], ""software"": [], ""mime_type"": [""image/tiff""], ""change_set"": null, ""created_at"": ""2026-09-29T21:20:25+00:00"", ""edit_users"": [], ""new_record"": true, ""page_count"": null, ""read_users"": [], ""updated_at"": ""2026-09-29T21:20:25+00:00"", ""edit_groups"": [], ""read_groups"": [], ""camera_model"": [], ""x_resolution"": [], ""y_resolution"": [], ""error_message"": [], ""bits_per_sample"": [], ""processing_note"": [], ""caption_language"": [], ""file_identifiers"": [{""id"": ""pyramidal-derivatives-shrine://1f/f1/38/1ff13842d5b044d8b05498e70ca9f7bf/intermediate_file.tif""}], ""internal_resource"": ""FileMetadata"", ""original_filename"": [""intermediate_file.tif""], ""source_media_type"": [], ""date_of_digitization"": [], ""preservation_copy_of_id"": null, ""original_language_caption"": null}], ""service_targets"": [], ""cached_parent_id"": [{""id"": ""b7f6f438-4363-4003-8b74-779b5e31f210""}], ""processing_status"": [""processed""], ""optimistic_lock_token"": [{""token"": ""3"", ""adapter_id"": {""id"": ""746f06acf4d573bebd8c8a500b398589""}}]}",2026-09-29 21:18:08.685441,2026-09-30 13:41:31.218674,FileSet,4
7c770532-4e63-4ccf-9b30-276699c6449a,"{""part"": [], ""side"": [], ""title"": [""00000296.tif""], ""barcode"": [], ""edit_users"": [], ""highlights"": [], ""member_ids"": [], ""read_users"": [], ""edit_groups"": [], ""read_groups"": [""public""], ""file_metadata"": [{""id"": {""id"": ""088e173d-7677-4881-b75b-c3df9113337b""}, ""use"": [{""@id"": ""http://pcdm.org/use#OriginalFile""}], ""size"": [""58578102""], ""label"": [""00000296.tif""], ""width"": [""3605""], ""bounds"": [], ""height"": [""5411""], ""checksum"": [{""id"": null, ""md5"": ""b9ee67d4b3fbd02ce4de6bf94024c455"", ""sha1"": ""27fc5510c48cfecc2a7f6620ccea3b7564990256"", ""sha256"": ""974e02b2a8948e6acf0d0d6440402f4be67de0fce81df48256d75431bc92fcf5"", ""created_at"": null, ""new_record"": true, ""updated_at"": null, ""internal_resource"": ""MultiChecksum""}], ""duration"": [], ""geometry"": [], ""producer"": [], ""software"": [], ""mime_type"": [""image/tiff""], ""change_set"": null, ""created_at"": ""2026-09-29T21:17:34+00:00"", ""edit_users"": [], ""new_record"": true, ""page_count"": null, ""read_users"": [], ""updated_at"": ""2026-09-29T21:17:34+00:00"", ""edit_groups"": [], ""read_groups"": [], ""camera_model"": [], ""x_resolution"": [], ""y_resolution"": [], ""error_message"": [], ""bits_per_sample"": [], ""processing_note"": [], ""caption_language"": [], ""file_identifiers"": [{""id"": ""disk:///opt/repository/files/08/8e/17/088e173d76774881b75bc3df9113337b/00000296.tif""}], ""internal_resource"": ""FileMetadata"", ""original_filename"": [""00000296.tif""], ""source_media_type"": [], ""date_of_digitization"": [], ""preservation_copy_of_id"": null, ""original_language_caption"": null}, {""id"": {""id"": ""396e6c53-dad9-4c3f-8880-a8d87a9eeb69""}, ""use"": [{""@id"": ""http://pcdm.org/use#ServiceFile""}], ""size"": [], ""label"": [""intermediate_file.tif""], ""width"": [], ""bounds"": [], ""height"": [], ""checksum"": [], ""duration"": [], ""geometry"": [], ""producer"": [], ""software"": [], ""mime_type"": [""image/tiff""], ""change_set"": null, ""created_at"": ""2026-09-29T21:19:30+00:00"", ""edit_users"": [], ""new_record"": true, ""page_count"": null, ""read_users"": [], ""updated_at"": ""2026-09-29T21:19:30+00:00"", ""edit_groups"": [], ""read_groups"": [], ""camera_model"": [], ""x_resolution"": [], ""y_resolution"": [], ""error_message"": [], ""bits_per_sample"": [], ""processing_note"": [], ""caption_language"": [], ""file_identifiers"": [{""id"": ""pyramidal-derivatives-shrine://39/6e/6c/396e6c53dad94c3f8880a8d87a9eeb69/intermediate_file.tif""}], ""internal_resource"": ""FileMetadata"", ""original_filename"": [""intermediate_file.tif""], ""source_media_type"": [], ""date_of_digitization"": [], ""preservation_copy_of_id"": null, ""original_language_caption"": null}], ""service_targets"": [], ""cached_parent_id"": [{""id"": ""b7f6f438-4363-4003-8b74-779b5e31f210""}], ""processing_status"": [""processed""], ""optimistic_lock_token"": [{""token"": ""3"", ""adapter_id"": {""id"": ""746f06acf4d573bebd8c8a500b398589""}}]}",2026-09-29 21:18:08.68975,2026-09-30 13:41:31.239928,FileSet,4
114234f6-02ef-4515-8722-aa0f34497b00,"{""part"": [], ""side"": [], ""title"": [""00000297.tif""], ""barcode"": [], ""edit_users"": [], ""highlights"": [], ""member_ids"": [], ""read_users"": [], ""edit_groups"": [], ""read_groups"": [""public""], ""file_metadata"": [{""id"": {""id"": ""d1ea2c76-d44d-4e57-87a5-46be5a825a55""}, ""use"": [{""@id"": ""http://pcdm.org/use#OriginalFile""}], ""size"": [""53494402""], ""label"": [""00000297.tif""], ""width"": [""3385""], ""bounds"": [], ""height"": [""5262""], ""checksum"": [{""id"": null, ""md5"": ""06421fb3b43fd0e6812ee575d4d6ae90"", ""sha1"": ""fd837bfd12644c0525679e92b9749045dcce0d5f"", ""sha256"": ""6f6b2056778067baf010acb3242df8a9932670b529730977c2b9cad1cc2c5b19"", ""created_at"": null, ""new_record"": true, ""updated_at"": null, ""internal_resource"": ""MultiChecksum""}], ""duration"": [], ""geometry"": [], ""producer"": [], ""software"": [], ""mime_type"": [""image/tiff""], ""change_set"": null, ""created_at"": ""2026-09-29T21:17:41+00:00"", ""edit_users"": [], ""new_record"": true, ""page_count"": null, ""read_users"": [], ""updated_at"": ""2026-09-29T21:17:41+00:00"", ""edit_groups"": [], ""read_groups"": [], ""camera_model"": [], ""x_resolution"": [], ""y_resolution"": [], ""error_message"": [], ""bits_per_sample"": [], ""processing_note"": [], ""caption_language"": [], ""file_identifiers"": [{""id"": ""disk:///opt/repository/files/d1/ea/2c/d1ea2c76d44d4e5787a546be5a825a55/00000297.tif""}], ""internal_resource"": ""FileMetadata"", ""original_filename"": [""00000297.tif""], ""source_media_type"": [], ""date_of_digitization"": [], ""preservation_copy_of_id"": null, ""original_language_caption"": null}, {""id"": {""id"": ""a21c6ace-3f51-460b-8012-78834280a2cd""}, ""use"": [{""@id"": ""http://pcdm.org/use#ServiceFile""}], ""size"": [], ""label"": [""intermediate_file.tif""], ""width"": [], ""bounds"": [], ""height"": [], ""checksum"": [], ""duration"": [], ""geometry"": [], ""producer"": [], ""software"": [], ""mime_type"": [""image/tiff""], ""change_set"": null, ""created_at"": ""2026-09-29T21:20:28+00:00"", ""edit_users"": [], ""new_record"": true, ""page_count"": null, ""read_users"": [], ""updated_at"": ""2026-09-29T21:20:28+00:00"", ""edit_groups"": [], ""read_groups"": [], ""camera_model"": [], ""x_resolution"": [], ""y_resolution"": [], ""error_message"": [], ""bits_per_sample"": [], ""processing_note"": [], ""caption_language"": [], ""file_identifiers"": [{""id"": ""pyramidal-derivatives-shrine://a2/1c/6a/a21c6ace3f51460b801278834280a2cd/intermediate_file.tif""}], ""internal_resource"": ""FileMetadata"", ""original_filename"": [""intermediate_file.tif""], ""source_media_type"": [], ""date_of_digitization"": [], ""preservation_copy_of_id"": null, ""original_language_caption"": null}], ""service_targets"": [], ""cached_parent_id"": [{""id"": ""b7f6f438-4363-4003-8b74-779b5e31f210""}], ""processing_status"": [""processed""], ""optimistic_lock_token"": [{""token"": ""3"", ""adapter_id"": {""id"": ""746f06acf4d573bebd8c8a500b398589""}}]}",2026-09-29 21:18:08.69585,2026-09-30 13:41:31.255811,FileSet,4
28ad4ead-efaf-43b6-9148-82ce2257fdb0,"{""part"": [], ""side"": [], ""title"": [""00000298.tif""], ""barcode"": [], ""edit_users"": [], ""highlights"": [], ""member_ids"": [], ""read_users"": [], ""edit_groups"": [], ""read_groups"": [""public""], ""file_metadata"": [{""id"": {""id"": ""0ad1127c-9fb4-4da9-9b45-c815ed3e60a0""}, ""use"": [{""@id"": ""http://pcdm.org/use#OriginalFile""}], ""size"": [""58578102""], ""label"": [""00000298.tif""], ""width"": [""3605""], ""bounds"": [], ""height"": [""5411""], ""checksum"": [{""id"": null, ""md5"": ""9a8660619533d778d738d79425cbe4c8"", ""sha1"": ""aa459bfdafd21396ac7bb8aa2f66f3708033a726"", ""sha256"": ""2fb38dbc9539a9c8db74a5ec531b50ce4faf7cc611aaa18daff05f3b5fa81900"", ""created_at"": null, ""new_record"": true, ""updated_at"": null, ""internal_resource"": ""MultiChecksum""}], ""duration"": [], ""geometry"": [], ""producer"": [], ""software"": [], ""mime_type"": [""image/tiff""], ""change_set"": null, ""created_at"": ""2026-09-29T21:17:49+00:00"", ""edit_users"": [], ""new_record"": true, ""page_count"": null, ""read_users"": [], ""updated_at"": ""2026-09-29T21:17:49+00:00"", ""edit_groups"": [], ""read_groups"": [], ""camera_model"": [], ""x_resolution"": [], ""y_resolution"": [], ""error_message"": [], ""bits_per_sample"": [], ""processing_note"": [], ""caption_language"": [], ""file_identifiers"": [{""id"": ""disk:///opt/repository/files/0a/d1/12/0ad1127c9fb44da99b45c815ed3e60a0/00000298.tif""}], ""internal_resource"": ""FileMetadata"", ""original_filename"": [""00000298.tif""], ""source_media_type"": [], ""date_of_digitization"": [], ""preservation_copy_of_id"": null, ""original_language_caption"": null}, {""id"": {""id"": ""6a896986-f66f-401b-823b-e1fa5b447489""}, ""use"": [{""@id"": ""http://pcdm.org/use#ServiceFile""}], ""size"": [], ""label"": [""intermediate_file.tif""], ""width"": [], ""bounds"": [], ""height"": [], ""checksum"": [], ""duration"": [], ""geometry"": [], ""producer"": [], ""software"": [], ""mime_type"": [""image/tiff""], ""change_set"": null, ""created_at"": ""2026-09-29T21:20:46+00:00"", ""edit_users"": [], ""new_record"": true, ""page_count"": null, ""read_users"": [], ""updated_at"": ""2026-09-29T21:20:46+00:00"", ""edit_groups"": [], ""read_groups"": [], ""camera_model"": [], ""x_resolution"": [], ""y_resolution"": [], ""error_message"": [], ""bits_per_sample"": [], ""processing_note"": [], ""caption_language"": [], ""file_identifiers"": [{""id"": ""pyramidal-derivatives-shrine://6a/89/69/6a896986f66f401b823be1fa5b447489/intermediate_file.tif""}], ""internal_resource"": ""FileMetadata"", ""original_filename"": [""intermediate_file.tif""], ""source_media_type"": [], ""date_of_digitization"": [], ""preservation_copy_of_id"": null, ""original_language_caption"": null}], ""service_targets"": [], ""cached_parent_id"": [{""id"": ""b7f6f438-4363-4003-8b74-779b5e31f210""}], ""processing_status"": [""processed""], ""optimistic_lock_token"": [{""token"": ""3"", ""adapter_id"": {""id"": ""746f06acf4d573bebd8c8a500b398589""}}]}",2026-09-29 21:18:08.701528,2026-09-30 13:41:31.272866,FileSet,4
e113f483-0e29-4894-8451-01918860dac3,"{""part"": [], ""side"": [], ""title"": [""00000299.tif""], ""barcode"": [], ""edit_users"": [], ""highlights"": [], ""member_ids"": [], ""read_users"": [], ""edit_groups"": [], ""read_groups"": [""public""], ""file_metadata"": [{""id"": {""id"": ""7303fd94-a8a5-40cc-bfb2-8ac01364f3a8""}, ""use"": [{""@id"": ""http://pcdm.org/use#OriginalFile""}], ""size"": [""54774028""], ""label"": [""00000299.tif""], ""width"": [""3466""], ""bounds"": [], ""height"": [""5262""], ""checksum"": [{""id"": null, ""md5"": ""c9ca97e0f825221101151f7b513fa517"", ""sha1"": ""391c94899e491ebae259e48f8eb3f2bcb6dc52a5"", ""sha256"": ""563bab00ea65b2222369c1b99067aea09c928a34fbf58d2f81d6fd944e82c853"", ""created_at"": null, ""new_record"": true, ""updated_at"": null, ""internal_resource"": ""MultiChecksum""}], ""duration"": [], ""geometry"": [], ""producer"": [], ""software"": [], ""mime_type"": [""image/tiff""], ""change_set"": null, ""created_at"": ""2026-09-29T21:17:56+00:00"", ""edit_users"": [], ""new_record"": true, ""page_count"": null, ""read_users"": [], ""updated_at"": ""2026-09-29T21:17:56+00:00"", ""edit_groups"": [], ""read_groups"": [], ""camera_model"": [], ""x_resolution"": [], ""y_resolution"": [], ""error_message"": [], ""bits_per_sample"": [], ""processing_note"": [], ""caption_language"": [], ""file_identifiers"": [{""id"": ""disk:///opt/repository/files/73/03/fd/7303fd94a8a540ccbfb28ac01364f3a8/00000299.tif""}], ""internal_resource"": ""FileMetadata"", ""original_filename"": [""00000299.tif""], ""source_media_type"": [], ""date_of_digitization"": [], ""preservation_copy_of_id"": null, ""original_language_caption"": null}, {""id"": {""id"": ""aad054e3-ec47-4ae2-8cc8-beab30c4b1c2""}, ""use"": [{""@id"": ""http://pcdm.org/use#ServiceFile""}], ""size"": [], ""label"": [""intermediate_file.tif""], ""width"": [], ""bounds"": [], ""height"": [], ""checksum"": [], ""duration"": [], ""geometry"": [], ""producer"": [], ""software"": [], ""mime_type"": [""image/tiff""], ""change_set"": null, ""created_at"": ""2026-09-29T21:20:25+00:00"", ""edit_users"": [], ""new_record"": true, ""page_count"": null, ""read_users"": [], ""updated_at"": ""2026-09-29T21:20:25+00:00"", ""edit_groups"": [], ""read_groups"": [], ""camera_model"": [], ""x_resolution"": [], ""y_resolution"": [], ""error_message"": [], ""bits_per_sample"": [], ""processing_note"": [], ""caption_language"": [], ""file_identifiers"": [{""id"": ""pyramidal-derivatives-shrine://aa/d0/54/aad054e3ec474ae28cc8beab30c4b1c2/intermediate_file.tif""}], ""internal_resource"": ""FileMetadata"", ""original_filename"": [""intermediate_file.tif""], ""source_media_type"": [], ""date_of_digitization"": [], ""preservation_copy_of_id"": null, ""original_language_caption"": null}], ""service_targets"": [], ""cached_parent_id"": [{""id"": ""b7f6f438-4363-4003-8b74-779b5e31f210""}], ""processing_status"": [""processed""], ""optimistic_lock_token"": [{""token"": ""3"", ""adapter_id"": {""id"": ""746f06acf4d573bebd8c8a500b398589""}}]}",2026-09-29 21:18:08.705749,2026-09-30 13:41:31.288549,FileSet,4
5cbf2724-0827-4e44-b477-bec96dc1ae46,"{""part"": [], ""side"": [], ""title"": [""00000300.tif""], ""barcode"": [], ""edit_users"": [], ""highlights"": [], ""member_ids"": [], ""read_users"": [], ""edit_groups"": [], ""read_groups"": [""public""], ""file_metadata"": [{""id"": {""id"": ""734ced15-882b-43df-a839-96acedbf0252""}, ""use"": [{""@id"": ""http://pcdm.org/use#OriginalFile""}], ""size"": [""58578102""], ""label"": [""00000300.tif""], ""width"": [""3605""], ""bounds"": [], ""height"": [""5411""], ""checksum"": [{""id"": null, ""md5"": ""c79020e31aeaef438992a62db02237db"", ""sha1"": ""1016497fa6103c46a6c6c5093518ae22de756270"", ""sha256"": ""aa5b3a0a0a798bfac03892ccb5cee5152c7686c04a65080e23e1039e65bb54ea"", ""created_at"": null, ""new_record"": true, ""updated_at"": null, ""internal_resource"": ""MultiChecksum""}], ""duration"": [], ""geometry"": [], ""producer"": [], ""software"": [], ""mime_type"": [""image/tiff""], ""change_set"": null, ""created_at"": ""2026-09-29T21:18:00+00:00"", ""edit_users"": [], ""new_record"": true, ""page_count"": null, ""read_users"": [], ""updated_at"": ""2026-09-29T21:18:00+00:00"", ""edit_groups"": [], ""read_groups"": [], ""camera_model"": [], ""x_resolution"": [], ""y_resolution"": [], ""error_message"": [], ""bits_per_sample"": [], ""processing_note"": [], ""caption_language"": [], ""file_identifiers"": [{""id"": ""disk:///opt/repository/files/73/4c/ed/734ced15882b43dfa83996acedbf0252/00000300.tif""}], ""internal_resource"": ""FileMetadata"", ""original_filename"": [""00000300.tif""], ""source_media_type"": [], ""date_of_digitization"": [], ""preservation_copy_of_id"": null, ""original_language_caption"": null}, {""id"": {""id"": ""4c81ae59-23ea-4fd8-9f15-de461099dabe""}, ""use"": [{""@id"": ""http://pcdm.org/use#ServiceFile""}], ""size"": [], ""label"": [""intermediate_file.tif""], ""width"": [], ""bounds"": [], ""height"": [], ""checksum"": [], ""duration"": [], ""geometry"": [], ""producer"": [], ""software"": [], ""mime_type"": [""image/tiff""], ""change_set"": null, ""created_at"": ""2026-09-29T21:20:27+00:00"", ""edit_users"": [], ""new_record"": true, ""page_count"": null, ""read_users"": [], ""updated_at"": ""2026-09-29T21:20:27+00:00"", ""edit_groups"": [], ""read_groups"": [], ""camera_model"": [], ""x_resolution"": [], ""y_resolution"": [], ""error_message"": [], ""bits_per_sample"": [], ""processing_note"": [], ""caption_language"": [], ""file_identifiers"": [{""id"": ""pyramidal-derivatives-shrine://4c/81/ae/4c81ae5923ea4fd89f15de461099dabe/intermediate_file.tif""}], ""internal_resource"": ""FileMetadata"", ""original_filename"": [""intermediate_file.tif""], ""source_media_type"": [], ""date_of_digitization"": [], ""preservation_copy_of_id"": null, ""original_language_caption"": null}], ""service_targets"": [], ""cached_parent_id"": [{""id"": ""b7f6f438-4363-4003-8b74-779b5e31f210""}], ""processing_status"": [""processed""], ""optimistic_lock_token"": [{""token"": ""3"", ""adapter_id"": {""id"": ""746f06acf4d573bebd8c8a500b398589""}}]}",2026-09-29 21:18:08.709847,2026-09-30 13:41:31.304504,FileSet,4
